   Compiling twmq v0.1.0 (/Users/alfongj/Code/engine-core/twmq)
   Compiling engine-core v0.1.0 (/Users/alfongj/Code/engine-core/core)
warning: struct `TestJobPayload` is never constructed
  --> twmq/tests/fixtures.rs:16:12
   |
16 | pub struct TestJobPayload {
   |            ^^^^^^^^^^^^^^
   |
   = note: `#[warn(dead_code)]` (part of `#[warn(unused)]`) on by default

warning: static `TEST_JOB_PROCESSED_SUCCESSFULLY` is never used
  --> twmq/tests/fixtures.rs:49:12
   |
49 | pub static TEST_JOB_PROCESSED_SUCCESSFULLY: AtomicBool = AtomicBool::new(false);
   |            ^^^^^^^^^^^^^^^^^^^^^^^^^^^^^^^

warning: struct `TestJobHandler` is never constructed
  --> twmq/tests/fixtures.rs:51:12
   |
51 | pub struct TestJobHandler;
   |            ^^^^^^^^^^^^^^

warning: struct `TestJobOutput` is never constructed
  --> twmq/tests/fixtures.rs:22:12
   |
22 | pub struct TestJobOutput {
   |            ^^^^^^^^^^^^^

warning: `twmq` (test "lease_expiry") generated 4 warnings (4 duplicates)
warning: `twmq` (test "basic_hook") generated 3 warnings
warning: `twmq` (test "nack") generated 4 warnings (3 duplicates)
   Compiling engine-eip7702-core v0.1.0 (/Users/alfongj/Code/engine-core/eip7702-core)
   Compiling engine-aa-core v0.1.0 (/Users/alfongj/Code/engine-core/aa-core)
   Compiling engine-integration-tests v0.1.0 (/Users/alfongj/Code/engine-core/integration-tests)
warning: unused variable: `race_detected`
   --> twmq/tests/prune_race_condition.rs:302:9
    |
302 |     let race_detected = RACE_DETECTED.load(Ordering::SeqCst);
    |         ^^^^^^^^^^^^^ help: if this is intentional, prefix it with an underscore: `_race_detected`
    |
    = note: `#[warn(unused_variables)]` (part of `#[warn(unused)]`) on by default

warning: `twmq` (test "prune_race_random_ids") generated 4 warnings (4 duplicates)
warning: `twmq` (test "prune_race_condition") generated 5 warnings (4 duplicates) (run `cargo fix --test "prune_race_condition" -p twmq` to apply 1 suggestion)
   Compiling engine-executors v0.1.0 (/Users/alfongj/Code/engine-core/executors)
warning: `twmq` (test "delay") generated 4 warnings (4 duplicates)
warning: constant `MAX_INFLIGHT_PER_EOA` is never used
  --> executors/src/eoa/worker/mod.rs:36:7
   |
36 | const MAX_INFLIGHT_PER_EOA: u64 = 100; // Default from spec
   |       ^^^^^^^^^^^^^^^^^^^^
   |
   = note: `#[warn(dead_code)]` (part of `#[warn(unused)]`) on by default

warning: constant `MAX_RECYCLED_THRESHOLD` is never used
  --> executors/src/eoa/worker/mod.rs:37:7
   |
37 | const MAX_RECYCLED_THRESHOLD: u64 = 50; // Circuit breaker from spec
   |       ^^^^^^^^^^^^^^^^^^^^^^

warning: constant `TARGET_TRANSACTIONS_PER_EOA` is never used
  --> executors/src/eoa/worker/mod.rs:38:7
   |
38 | const TARGET_TRANSACTIONS_PER_EOA: u64 = 10; // Fleet management from spec
   |       ^^^^^^^^^^^^^^^^^^^^^^^^^^^

warning: constant `MIN_TRANSACTIONS_PER_EOA` is never used
  --> executors/src/eoa/worker/mod.rs:39:7
   |
39 | const MIN_TRANSACTIONS_PER_EOA: u64 = 1; // Fleet management from spec
   |       ^^^^^^^^^^^^^^^^^^^^^^^^

   Compiling thirdweb-engine v0.1.0 (/Users/alfongj/Code/engine-core/server)
warning: `engine-executors` (lib) generated 4 warnings
warning: `engine-executors` (lib test) generated 4 warnings (4 duplicates)
    Finished `test` profile [unoptimized] target(s) in 10.92s
     Running unittests src/lib.rs (target/debug/deps/engine_aa_core-c0437d1710913773)

running 5 tests
test account_factory::default::tests::test_v06_address_prediction ... ok
test account_factory::default::tests::test_v07_address_prediction ... ok
test signer::tests::erc6492_matches_standard_abi_layout ... ok
test signer::tests::erc6492_verifier_can_decode_empty_and_non_word_aligned_payloads ... ok
test userop::builder::signing_profile_tests::reviewed_profiles_require_the_expected_account_admin_and_salt ... ok

test result: ok. 5 passed; 0 failed; 0 ignored; 0 measured; 0 filtered out; finished in 0.00s

     Running unittests src/lib.rs (target/debug/deps/engine_aa_types-24912bf4cffee03b)

running 0 tests

test result: ok. 0 passed; 0 failed; 0 ignored; 0 measured; 0 filtered out; finished in 0.00s

     Running unittests src/lib.rs (target/debug/deps/engine_core-0d53f58079ba291f)

running 10 tests
test error::rpc_redaction_tests::solana_error_conversion_keeps_codes_and_withholds_provider_text ... ok
test error::rpc_redaction_tests::typed_result_deserialization_diagnostics_do_not_echo_provider_payload ... ok
test execution_options::tests::test_webhook_options_user_metadata_validation ... ok
test rpc_clients::transport::tests::error_redaction_protects_bearer_tokens_and_credential_subdomains ... ok
test rpc_clients::transport::tests::error_redaction_protects_encoded_and_decoded_path_credentials ... ok
test rpc_clients::transport::tests::error_redaction_protects_raw_and_decoded_userinfo_and_query_values ... ok
test rpc_clients::transport::tests::url_redaction_preserves_success_payloads_and_revert_bytes ... ok
test transaction::fee_parsing_tests::invalid_fee_fields_are_not_silently_discarded_by_flattened_option ... ok
test transaction::fee_parsing_tests::legacy_and_dynamic_fees_survive_request_and_storage_roundtrip ... ok
test transaction::fee_parsing_tests::signed_authorizations_select_eip7702_without_losing_fees ... ok

test result: ok. 10 passed; 0 failed; 0 ignored; 0 measured; 0 filtered out; finished in 0.24s

     Running tests/solana_signing.rs (target/debug/deps/solana_signing-7023fb4a4c374ec4)

running 1 test
test solana_file_signer_preserves_wire_and_rejects_missing_signers_and_rotation ... ok

test result: ok. 1 passed; 0 failed; 0 ignored; 0 measured; 0 filtered out; finished in 0.25s

     Running unittests src/lib.rs (target/debug/deps/engine_eip7702_core-7188c52f6fad8274)

running 1 test
test transaction::replay_identity_tests::rebuilding_with_persisted_uid_preserves_signed_calls ... ok

test result: ok. 1 passed; 0 failed; 0 ignored; 0 measured; 0 filtered out; finished in 0.24s

     Running tests/integration_tests.rs (target/debug/deps/integration_tests-a4497b5f0980105c)

running 1 test
test test_eip7702_integration ... ignored, requires live Thirdweb bundler and Base Sepolia contract bytecode; see testing design

test result: ok. 0 passed; 0 failed; 1 ignored; 0 measured; 0 filtered out; finished in 0.00s

     Running unittests src/lib.rs (target/debug/deps/engine_executors-d715a19400334c87)

running 67 tests
test eip7702_executor::confirm::tests::transaction_hash_retry_delay_respects_bucket_boundaries ... ok
test eoa::error_classifier::tests::test_already_known_mapping ... ok
test eoa::error_classifier::tests::test_insufficient_funds_mapping ... ok
test eoa::error_classifier::tests::test_nonce_too_low_mapping ... ok
test eoa::store::atomic::tests::aborted_exec_revalidates_before_reporting_commit ... ignored, requires disposable Redis in TEST_REDIS_URL
test eoa::store::atomic::tests::command_errors_are_not_retried_as_watch_conflicts ... ignored, requires disposable Redis in TEST_REDIS_URL
test eoa::store::atomic::tests::concurrent_conflicting_admissions_choose_one_immutable_request ... ignored, requires disposable Redis in TEST_REDIS_URL
test eoa::store::atomic::tests::conflicting_admission_cannot_overwrite_a_live_intent ... ignored, requires disposable Redis in TEST_REDIS_URL
test eoa::store::atomic::tests::duplicate_intent_cannot_reserve_two_incremented_nonces ... ignored, requires disposable Redis in TEST_REDIS_URL
test eoa::store::atomic::tests::incremented_batch_order_does_not_move_nonce_backward ... ignored, requires disposable Redis in TEST_REDIS_URL
test eoa::store::atomic::tests::pending_failure_commits_status_removal_and_retention ... ignored, requires disposable Redis in TEST_REDIS_URL
test eoa::store::atomic::tests::pending_failure_requires_current_pending_membership ... ignored, requires disposable Redis in TEST_REDIS_URL
test eoa::store::atomic::tests::recycled_nonce_cannot_be_reserved_by_two_intents ... ignored, requires disposable Redis in TEST_REDIS_URL
test eoa::store::atomic::tests::removed_pending_request_cannot_be_borrowed_from_a_stale_read ... ignored, requires disposable Redis in TEST_REDIS_URL
test eoa::store::atomic::tests::repeated_admission_preserves_pending_inflight_and_completed_state ... ignored, requires disposable Redis in TEST_REDIS_URL
test eoa::store::atomic::tests::reverted_receipt_fails_once_without_retrying_or_recycling_nonce ... ignored, requires disposable Redis in TEST_REDIS_URL
test eoa::store::atomic::tests::shared_unwatch_cannot_disable_a_stale_owner_fence ... ignored, requires disposable Redis in TEST_REDIS_URL
test eoa::store::atomic::tests::simple_lock_checked_write_rejects_takeover_before_exec ... ignored, requires disposable Redis in TEST_REDIS_URL
test eoa::store::atomic::tests::stale_owner_cannot_fail_pending_batch ... ignored, requires disposable Redis in TEST_REDIS_URL
test eoa::store::atomic::tests::stale_owner_cannot_fail_single_pending_request ... ignored, requires disposable Redis in TEST_REDIS_URL
test eoa::store::atomic::tests::successful_receipt_still_confirms_once_and_retains_history ... ignored, requires disposable Redis in TEST_REDIS_URL
test eoa::store::atomic::tests::trailing_recycled_nonce_resets_to_chain_count_including_zero ... ignored, requires disposable Redis in TEST_REDIS_URL
test eoa::worker::confirm::receipt_tests::legacy_fee_request_survives_storage_and_signed_wire_encoding ... ignored, requires disposable Redis in TEST_REDIS_URL; no RPC calls or live keys
test eoa::worker::confirm::receipt_tests::receipt_outage_cannot_requeue_an_already_broadcast_intent ... ignored, requires disposable Redis in TEST_REDIS_URL
test eoa::worker::confirm::receipt_tests::receipt_rpc_returns_only_matching_known_receipts ... ok
test eoa::worker::error::send_error_tests::ambiguous_transport_errors_preserve_the_submitted_transaction ... ok
test eoa::worker::transaction::fee_tests::estimated_fee_bumps_saturate_without_wrapping_or_panicking ... ok
test eoa::worker::transaction::fee_tests::explicit_fee_ceilings_skip_unchanged_replacements ... ok
test eoa::worker::transaction::fee_tests::signed_replacement_obeys_partial_fee_caps_and_preserves_transaction ... ok
test eoa::worker::transaction::fee_tests::stalled_nonce_preserves_capped_unbuildable_and_missing_intents ... ignored, requires disposable Redis in TEST_REDIS_URL
test external_bundler::deployment::tests::queued_error_retains_lock_identity_and_legacy_error_cannot_unlock ... ok
test external_bundler::deployment::tests::stale_completion_cannot_release_or_cache_for_a_new_owner ... ignored, requires disposable Redis in TEST_REDIS_URL
test metrics::tests::test_calculate_duration_seconds ... ok
test metrics::tests::test_calculate_duration_seconds_from_twmq ... ok
test metrics::tests::test_custom_metrics_registry ... ok
test metrics::tests::test_metrics_recording ... ok
test solana_executor::rpc_cache::tests::declared_oversize_is_rejected_before_waiting_for_body ... ok
test solana_executor::rpc_cache::tests::http_429_is_one_attempt_and_error_debug_withholds_url_headers_and_body ... ok
test solana_executor::rpc_cache::tests::invalid_json_and_connection_failures_are_secret_free ... ok
test solana_executor::rpc_cache::tests::oversized_chunked_body_is_bounded_without_content_length ... ok
test solana_executor::rpc_cache::tests::redirects_are_not_followed ... ok
test solana_executor::rpc_cache::tests::response_envelope_and_provider_errors_are_validated_without_echoing_data ... ok
test solana_executor::rpc_cache::tests::typed_client_uses_bounded_sender_and_preserves_null_results ... ok
test solana_executor::worker::recovery_tests::a_receipt_for_another_signature_is_not_success ... ignored, requires disposable Redis in TEST_REDIS_URL
test solana_executor::worker::recovery_tests::cache_key_debug_redacts_path_query_and_userinfo ... ok
test solana_executor::worker::recovery_tests::expiry_boundary_rebroadcasts_then_parks_without_re_signing ... ignored, requires disposable Redis in TEST_REDIS_URL
test solana_executor::worker::recovery_tests::landing_between_first_status_and_finalized_expiry_never_rebuilds ... ignored, requires disposable Redis in TEST_REDIS_URL
test solana_executor::worker::recovery_tests::legacy_attempt_is_made_persistent_and_never_rebuilt ... ignored, requires disposable Redis in TEST_REDIS_URL
test solana_executor::worker::recovery_tests::lost_response_and_already_processed_reconcile_one_signature ... ignored, requires disposable Redis in TEST_REDIS_URL
test solana_executor::worker::recovery_tests::lost_storage_lock_cannot_replace_or_resume_attempt ... ignored, requires disposable Redis in TEST_REDIS_URL
test solana_executor::worker::recovery_tests::malformed_status_count_and_disagreeing_error_fields_do_not_succeed ... ignored, requires disposable Redis in TEST_REDIS_URL
test solana_executor::worker::recovery_tests::persisted_before_send_crash_recovers_identical_bytes_without_signing ... ignored, requires disposable Redis in TEST_REDIS_URL
test solana_executor::worker::recovery_tests::previously_visible_then_stale_absence_never_re_signs_or_erases_evidence ... ignored, requires disposable Redis in TEST_REDIS_URL
test solana_executor::worker::recovery_tests::reconciliation_budget_parks_without_rpc_and_explicit_resume_preserves_identity ... ignored, requires disposable Redis in TEST_REDIS_URL
test solana_executor::worker::recovery_tests::redis_lock_command_failure_requeues_without_rpc_or_losing_attempt ... ignored, requires disposable Redis in TEST_REDIS_URL
test solana_executor::worker::recovery_tests::response_timeout_retains_the_exact_attempt_for_recovery ... ignored, requires disposable Redis in TEST_REDIS_URL
test solana_executor::worker::recovery_tests::serialized_attempt_checks_its_own_hash_and_parks_unknown_expiry ... ignored, requires disposable Redis in TEST_REDIS_URL
test solana_executor::worker::recovery_tests::terminal_cleanup_waits_for_commit_and_cancellation_retains_unknown_attempt ... ignored, requires disposable Redis in TEST_REDIS_URL
test solana_executor::worker::recovery_tests::visible_unfinalized_status_and_history_errors_cannot_trigger_replacement ... ignored, requires disposable Redis in TEST_REDIS_URL
test webhook::destination::tests::default_denies_and_allowlist_compares_exact_normalized_origins ... ok
test webhook::destination::tests::production_client_rejects_http_before_connecting ... ok
test webhook::destination::tests::redirect_response_is_returned_without_contacting_second_destination ... ok
test webhook::destination::tests::rejects_ambiguous_urls_and_invalid_operator_configuration ... ok
test webhook::destination::tests::rejects_nonpublic_and_transition_addresses_including_mixed_dns_answers ... ok
test webhook::tests::dispatch_enforces_policy_before_request_construction ... ok
test webhook::tests::multibyte_error_preview_never_slices_inside_a_character ... ok
test webhook::tests::response_reader_stops_at_limit_without_waiting_for_large_body_to_finish ... ok

test result: ok. 30 passed; 0 failed; 37 ignored; 0 measured; 0 filtered out; finished in 0.44s

     Running unittests src/lib.rs (target/debug/deps/engine_integration_tests-4f0148085b6bfe99)

running 0 tests

test result: ok. 0 passed; 0 failed; 0 ignored; 0 measured; 0 filtered out; finished in 0.00s

     Running tests/signing.rs (target/debug/deps/signing-0ec1662254230de9)

running 10 tests
test credential_debug_output_redacts_all_secret_material ... ok
test environment_signing_survives_queue_roundtrip_and_rejects_rotation ...
running 1 test
test environment_worker_child ... ok

test result: ok. 1 passed; 0 failed; 0 ignored; 0 measured; 9 filtered out; finished in 0.25s


running 1 test
test environment_worker_child ... ok

test result: ok. 1 passed; 0 failed; 0 ignored; 0 measured; 9 filtered out; finished in 0.23s


running 1 test
test environment_worker_child ... ok

test result: ok. 1 passed; 0 failed; 0 ignored; 0 measured; 9 filtered out; finished in 0.09s


running 1 test
test environment_worker_child ... ok

test result: ok. 1 passed; 0 failed; 0 ignored; 0 measured; 9 filtered out; finished in 0.09s

ok
test environment_worker_child ... ignored, invoked by parent with isolated environment
test eoa_signing_rejects_mismatched_sender_for_every_operation ... ok
test iaw_preserves_external_policy_and_request_envelope_for_unknown_factories ... ok
test local_and_kms_userop_signers_reject_unknown_or_cross_version_profiles_before_signing ... ok
test personal_sign_uses_message_bytes_and_eip191_domain ... ok
test queued_environment_credentials_contain_only_a_public_address ... ok
test transaction_signature_commits_to_nonce_chain_and_destination ... ok
test userop_signature_matches_reviewed_contract_digest_and_binds_chain_and_entrypoint ... ok

test result: ok. 9 passed; 0 failed; 1 ignored; 0 measured; 0 filtered out; finished in 0.81s

     Running unittests src/lib.rs (target/debug/deps/engine_solana_core-67d3337ff208182b)

running 2 tests
test transaction::wire_tests::malformed_payer_and_signature_counts_are_rejected_without_indexing ... ok
test transaction::wire_tests::wire_matches_sdk_bincode_for_legacy_and_v0_and_preserves_signed_messages ... ok

test result: ok. 2 passed; 0 failed; 0 ignored; 0 measured; 0 filtered out; finished in 0.00s

     Running unittests src/lib.rs (target/debug/deps/thirdweb_core-6bcf4d971f8642db)

running 1 test
test auth::tests::authentication_secrets_are_not_exposed_by_debug_or_header_errors ... ok

test result: ok. 1 passed; 0 failed; 0 ignored; 0 measured; 0 filtered out; finished in 0.00s

     Running unittests src/lib.rs (target/debug/deps/thirdweb_engine-c7e90e799cdd928b)

running 19 tests
test chains::tests::base_pending_mempool_count_requires_explicit_preconfirmation_capability ... ok
test chains::tests::configured_rpc_bounds_declared_and_chunked_response_bodies ... ok
test chains::tests::configured_rpc_does_not_follow_redirects_or_forward_credentials ... ok
test chains::tests::configured_rpc_redacts_http_protocol_and_json_rpc_errors ... ok
test chains::tests::configured_rpc_routes_headers_and_reuses_connection_across_wallet_cycles ... ok
test chains::tests::configured_rpc_timeout_is_bounded_and_redacted ... ok
test chains::tests::configured_rpc_withholds_post_transport_typed_result_errors ... ok
test chains::tests::endpoint_configuration_accepts_environment_style_paths ... ok
test chains::tests::invalid_config_is_rejected_without_echoing_credentials ... ok
test chains::tests::legacy_provider_is_also_reused_and_local_override_wins ... ok
test execution_router::request_validation_tests::contract_creation_requires_single_eoa_transaction ... ok
test execution_router::request_validation_tests::empty_and_automatic_execution_are_rejected_before_execution ... ok
test http::extractors::environment_auth_tests::environment_signing_requires_a_configured_matching_token ... ok
test http::routes::admin::eoa_diagnostics::credential_redaction_tests::diagnostic_payload_excludes_all_authentication_material ... ok
test solana_admission::bench::initialized_admission_backlog_regression ... ignored, finite performance screen; requires disposable TEST_REDIS_URL and ADMISSION_BENCH_OUTPUT
test solana_admission::tests::aborted_terminal_commit_wrong_identity_and_existing_attempt_cannot_expire_protection ... ignored, requires disposable Redis in TEST_REDIS_URL
test solana_admission::tests::cancelled_pruned_and_orphaned_attempts_require_reconciliation ... ignored, requires disposable Redis in TEST_REDIS_URL
test solana_admission::tests::concurrent_admission_and_actual_queue_pruning_preserve_completed_identity ... ignored, requires disposable Redis in TEST_REDIS_URL
test solana_admission::tests::migration_and_key_type_failures_leave_no_partial_admission ... ignored, requires disposable Redis in TEST_REDIS_URL

test result: ok. 14 passed; 0 failed; 5 ignored; 0 measured; 0 filtered out; finished in 0.31s

     Running unittests src/main.rs (target/debug/deps/thirdweb_engine-b33df0b64ae692d0)

running 0 tests

test result: ok. 0 passed; 0 failed; 0 ignored; 0 measured; 0 filtered out; finished in 0.00s

     Running tests/api_safety.rs (target/debug/deps/api_safety-8e69c8a03cd68b09)

running 2 tests
test configured_signer_routes_authenticate_and_queue_only_public_identity ... ignored, requires redis-server; isolated credentials and actual loopback HTTP
test public_routes_reject_unauthorized_mutations_and_invalid_execution ... ignored, requires redis-server; starts its own disposable loopback process

test result: ok. 0 passed; 0 failed; 2 ignored; 0 measured; 0 filtered out; finished in 0.00s

     Running unittests src/lib.rs (target/debug/deps/twmq-11539732d95870a5)

running 24 tests
test lease_tests::cancellation_after_nack_removes_delayed_work ... ignored, requires disposable Redis in TEST_REDIS_URL
test lease_tests::cancellation_of_reused_id_is_not_overruled_by_historical_success ... ignored, requires disposable Redis in TEST_REDIS_URL
test lease_tests::cancelled_expired_job_is_not_reborrowed_in_the_same_batch ... ignored, requires disposable Redis in TEST_REDIS_URL
test lease_tests::completed_permits_refill_backlog_without_waiting_for_poll_timer ... ignored, requires disposable Redis in TEST_REDIS_URL
test lease_tests::completion_error_does_not_replay_partially_executed_commands ... ignored, requires disposable Redis in TEST_REDIS_URL
test lease_tests::concurrent_acknowledgements_commit_one_outcome_and_one_hook ... ignored, requires disposable Redis in TEST_REDIS_URL
test lease_tests::cross_kind_terminal_history_retains_reused_id_until_last_reference ... ignored, requires disposable Redis in TEST_REDIS_URL
test lease_tests::empty_worker_does_not_spin_and_shutdown_does_not_wait_for_poll ... ignored, requires disposable Redis in TEST_REDIS_URL
test lease_tests::immediate_refill_preserves_configured_concurrency ... ignored, requires disposable Redis in TEST_REDIS_URL
test lease_tests::old_completion_cannot_ack_a_reborrowed_job_or_commit_hooks ... ignored, requires disposable Redis in TEST_REDIS_URL
test lease_tests::pruning_preserves_delayed_reused_id_and_deletes_finished_jobs ... ignored, requires disposable Redis in TEST_REDIS_URL
test lease_tests::same_kind_terminal_history_retains_reused_id_until_last_reference ... ignored, requires disposable Redis in TEST_REDIS_URL
test lease_tests::zero_terminal_retention_removes_index_and_records ... ignored, requires disposable Redis in TEST_REDIS_URL
test multilane::lease_tests::cancellation_of_reused_lane_id_is_not_overruled_by_historical_success ... ignored, requires disposable Redis in TEST_REDIS_URL
test multilane::lease_tests::cancelled_expired_lane_job_is_not_reborrowed ... ignored, requires disposable Redis in TEST_REDIS_URL
test multilane::lease_tests::completed_lane_permits_refill_without_waiting_for_poll_timer ... ignored, requires disposable Redis in TEST_REDIS_URL
test multilane::lease_tests::concurrent_lane_acknowledgements_commit_once ... ignored, requires disposable Redis in TEST_REDIS_URL
test multilane::lease_tests::cross_kind_terminal_history_retains_reused_id_until_last_reference ... ignored, requires disposable Redis in TEST_REDIS_URL
test multilane::lease_tests::empty_lane_worker_does_not_spin_and_shuts_down_promptly ... ignored, requires disposable Redis in TEST_REDIS_URL
test multilane::lease_tests::immediate_lane_refill_preserves_configured_concurrency ... ignored, requires disposable Redis in TEST_REDIS_URL
test multilane::lease_tests::pruning_preserves_delayed_reused_id_and_deletes_finished_lane_jobs ... ignored, requires disposable Redis in TEST_REDIS_URL
test multilane::lease_tests::same_id_reuse_creates_a_new_lease_generation ... ignored, requires disposable Redis in TEST_REDIS_URL
test multilane::lease_tests::same_kind_terminal_history_retains_reused_id_until_last_reference ... ignored, requires disposable Redis in TEST_REDIS_URL
test multilane::lease_tests::zero_terminal_retention_removes_index_and_records ... ignored, requires disposable Redis in TEST_REDIS_URL

test result: ok. 0 passed; 0 failed; 24 ignored; 0 measured; 0 filtered out; finished in 0.00s

     Running tests/basic.rs (target/debug/deps/basic-63ea9d1e8f756be4)

running 1 test
test test_queue_push_and_process_job ... ok

test result: ok. 1 passed; 0 failed; 0 ignored; 0 measured; 0 filtered out; finished in 0.11s

     Running tests/basic_hook.rs (target/debug/deps/basic_hook-f771983b13283c2f)

running 1 test
test test_cross_queue_job_scheduling ... ok

test result: ok. 1 passed; 0 failed; 0 ignored; 0 measured; 0 filtered out; finished in 0.31s

     Running tests/delay.rs (target/debug/deps/delay-3be7fdc78791cf77)

running 2 tests
test test_delay_position_ordering ... ok
test test_job_delay_basic ... ok

test result: ok. 2 passed; 0 failed; 0 ignored; 0 measured; 0 filtered out; finished in 3.05s

     Running tests/fixtures.rs (target/debug/deps/fixtures-c95c5f4201670e54)

running 0 tests

test result: ok. 0 passed; 0 failed; 0 ignored; 0 measured; 0 filtered out; finished in 0.00s

     Running tests/idempotency_modes.rs (target/debug/deps/idempotency_modes-5387babf9c0172f6)

running 2 tests
test test_active_idempotency_mode ... ok
test test_permanent_idempotency_mode ... ok

test result: ok. 2 passed; 0 failed; 0 ignored; 0 measured; 0 filtered out; finished in 2.01s

     Running tests/lease_expiry.rs (target/debug/deps/lease_expiry-85dc06327a6b8ecd)

running 2 tests
test test_job_lease_expiry ... 2026-09-26T14:08:34.582280Z  WARN twmq: Job lease expired, moved back to pending job_id="sleep_job_001"
ok
test test_multiple_job_lease_expiry ... 2026-09-26T14:08:38.912970Z  WARN twmq: Job lease expired, moved back to pending job_id="multi_job_1"
2026-09-26T14:08:38.912992Z  WARN twmq: Job lease expired, moved back to pending job_id="multi_job_2"
2026-09-26T14:08:38.912996Z  WARN twmq: Job lease expired, moved back to pending job_id="multi_job_3"
ok

test result: ok. 2 passed; 0 failed; 0 ignored; 0 measured; 0 filtered out; finished in 8.92s

     Running tests/multilane_batch_pop.rs (target/debug/deps/multilane_batch_pop-b203309914ec64c1)

running 4 tests
test multilane_test_batch_pop_distributed_jobs_across_100k_lanes ... ok
test multilane_test_batch_pop_empty_queue ... ok
test multilane_test_batch_pop_fairness_across_lanes ... ok
test multilane_test_batch_pop_single_lane_with_100k_empty_lanes ... ok

test result: ok. 4 passed; 0 failed; 0 ignored; 0 measured; 0 filtered out; finished in 37.13s

     Running tests/nack.rs (target/debug/deps/nack-8ad85b99b4394d4a)

running 2 tests
test test_different_retry_counts ... ok
test test_job_retry_attempts ... ok

test result: ok. 2 passed; 0 failed; 0 ignored; 0 measured; 0 filtered out; finished in 2.54s

     Running tests/prune_race_condition.rs (target/debug/deps/prune_race_condition-79c2df5129ae156e)

running 1 test
test test_prune_race_condition_two_workers ... 2026-09-26T14:09:21.343677Z  WARN prune_race_condition: === TWO WORKER RACE TEST ===
2026-09-26T14:09:21.343728Z  WARN prune_race_condition: Queue: test_two_worker_race_P3QFH4
2026-09-26T14:09:21.343734Z  WARN prune_race_condition: Max success jobs: 1
2026-09-26T14:09:21.343739Z  WARN prune_race_condition: This test reproduces the race where pruning deletes metadata while job is active
2026-09-26T14:09:21.343743Z  WARN prune_race_condition: Using 2 workers to enable the race condition (impossible with 1 worker)
2026-09-26T14:09:21.345144Z  WARN prune_race_condition: Initial job pushed with ID: eoa_0x1234_137
2026-09-26T14:09:21.345159Z  WARN prune_race_condition: Two workers started!
2026-09-26T14:09:21.345165Z  WARN prune_race_condition: === PHASE 1: Creating initial success ===
2026-09-26T14:09:21.347124Z  WARN prune_race_condition: Job processing started job_id="eoa_0x1234_137" lease_token="1790431761_eoa_0x1234_137_1_ITlZDXacIE8Vmw5mTGSV3" worker_count=1
2026-09-26T14:09:21.398121Z  WARN prune_race_condition: First success completed: 1
2026-09-26T14:09:21.398159Z  WARN prune_race_condition: === PHASE 2: Running iterations to catch the pruning race ===
2026-09-26T14:09:21.448197Z  WARN prune_race_condition: Job processing started job_id="eoa_0x1234_137" lease_token="1790431761_eoa_0x1234_137_1_ldHxHt9qqYzMfgcYr22Dy" worker_count=1
2026-09-26T14:09:21.546912Z  WARN prune_race_condition: Job processing started job_id="eoa_0x1234_137" lease_token="1790431761_eoa_0x1234_137_1_JA9rMDXTvlpuNstInDs27" worker_count=1
2026-09-26T14:09:21.646844Z  WARN prune_race_condition: Job processing started job_id="eoa_0x1234_137" lease_token="1790431761_eoa_0x1234_137_1_K6UPSEmzqeK_6KMIcaRtf" worker_count=1
2026-09-26T14:09:21.748143Z  WARN prune_race_condition: Job processing started job_id="eoa_0x1234_137" lease_token="1790431761_eoa_0x1234_137_1_Bxot4exTYCz9Dn7JnqlNe" worker_count=1
2026-09-26T14:09:21.846710Z  WARN prune_race_condition: Job processing started job_id="eoa_0x1234_137" lease_token="1790431761_eoa_0x1234_137_1_pEiDa7OcJ70v6lZxl4Y6H" worker_count=1
2026-09-26T14:09:21.947591Z  WARN prune_race_condition: Job processing started job_id="eoa_0x1234_137" lease_token="1790431761_eoa_0x1234_137_1_DMiwDluicCQbK9xHkHWiE" worker_count=1
2026-09-26T14:09:22.047063Z  WARN prune_race_condition: Job processing started job_id="eoa_0x1234_137" lease_token="1790431762_eoa_0x1234_137_1_yzAuJIVN0TcEFcuybI7fv" worker_count=1
2026-09-26T14:09:22.147144Z  WARN prune_race_condition: Job processing started job_id="eoa_0x1234_137" lease_token="1790431762_eoa_0x1234_137_1_Nsw8qgHABnGFGlZEkqu8i" worker_count=1
2026-09-26T14:09:22.248467Z  WARN prune_race_condition: Job processing started job_id="eoa_0x1234_137" lease_token="1790431762_eoa_0x1234_137_1_eLFZiiTlkfjchA-RaP7MD" worker_count=1
2026-09-26T14:09:22.347034Z  WARN prune_race_condition: Job processing started job_id="eoa_0x1234_137" lease_token="1790431762_eoa_0x1234_137_1_wX4wR-aotaQ0nvjFR7bo4" worker_count=1
2026-09-26T14:09:22.447780Z  WARN prune_race_condition: Job processing started job_id="eoa_0x1234_137" lease_token="1790431762_eoa_0x1234_137_1_KtuAJlRHCC0U3EJ01oXu5" worker_count=1
2026-09-26T14:09:22.500660Z  WARN prune_race_condition: Job processing started job_id="eoa_0x1234_137" lease_token="1790431762_eoa_0x1234_137_1_wfJI9R6oQHUPfLs_QARsS" worker_count=1
2026-09-26T14:09:22.647259Z  WARN prune_race_condition: Job processing started job_id="eoa_0x1234_137" lease_token="1790431762_eoa_0x1234_137_1_TU2vLykmeCj3cTo-69e4s" worker_count=1
2026-09-26T14:09:22.748191Z  WARN prune_race_condition: Job processing started job_id="eoa_0x1234_137" lease_token="1790431762_eoa_0x1234_137_1_QPCDleQrm5RPf_CQzYjsQ" worker_count=1
2026-09-26T14:09:22.846797Z  WARN prune_race_condition: Job processing started job_id="eoa_0x1234_137" lease_token="1790431762_eoa_0x1234_137_1_ZRrx4OiIoKH5oSMWhs788" worker_count=1
2026-09-26T14:09:22.947908Z  WARN prune_race_condition: Job processing started job_id="eoa_0x1234_137" lease_token="1790431762_eoa_0x1234_137_1_IgYztZQrtDRsw993YzdWJ" worker_count=1
2026-09-26T14:09:23.047990Z  WARN prune_race_condition: Job processing started job_id="eoa_0x1234_137" lease_token="1790431763_eoa_0x1234_137_1_ucSGqa4SmDkvnwe_oxd9C" worker_count=1
2026-09-26T14:09:23.146562Z  WARN prune_race_condition: Job processing started job_id="eoa_0x1234_137" lease_token="1790431763_eoa_0x1234_137_1_j-CR8T8TpGMYKqd-bhkgR" worker_count=1
2026-09-26T14:09:23.247822Z  WARN prune_race_condition: Job processing started job_id="eoa_0x1234_137" lease_token="1790431763_eoa_0x1234_137_1_eBISvQzz8rReD9z1nYnLP" worker_count=1
2026-09-26T14:09:23.348099Z  WARN prune_race_condition: Job processing started job_id="eoa_0x1234_137" lease_token="1790431763_eoa_0x1234_137_1_EGrfYLZvNRbg3Xbp2spOy" worker_count=1
2026-09-26T14:09:23.447309Z  WARN prune_race_condition: Job processing started job_id="eoa_0x1234_137" lease_token="1790431763_eoa_0x1234_137_1_zRBqXNNfxLdoDqgyaHtql" worker_count=1
2026-09-26T14:09:23.548257Z  WARN prune_race_condition: Job processing started job_id="eoa_0x1234_137" lease_token="1790431763_eoa_0x1234_137_1_LPQw_h0BV0X7ZIzv3y6FD" worker_count=1
2026-09-26T14:09:23.647322Z  WARN prune_race_condition: Job processing started job_id="eoa_0x1234_137" lease_token="1790431763_eoa_0x1234_137_1_skwItZq5xV8fJaRVsGUe5" worker_count=1
2026-09-26T14:09:23.747892Z  WARN prune_race_condition: Job processing started job_id="eoa_0x1234_137" lease_token="1790431763_eoa_0x1234_137_1_as5444kZ-0nmJqo79vvLe" worker_count=1
2026-09-26T14:09:23.847961Z  WARN prune_race_condition: Job processing started job_id="eoa_0x1234_137" lease_token="1790431763_eoa_0x1234_137_1_fYnCTqjDn3V8dwdE8fwku" worker_count=1
2026-09-26T14:09:23.946662Z  WARN prune_race_condition: Job processing started job_id="eoa_0x1234_137" lease_token="1790431763_eoa_0x1234_137_1_XHHHsv7Ze8hpccGKmX5e1" worker_count=1
2026-09-26T14:09:24.048334Z  WARN prune_race_condition: Job processing started job_id="eoa_0x1234_137" lease_token="1790431764_eoa_0x1234_137_1_nw8xvU6nTnqGf3n9jqpmx" worker_count=1
2026-09-26T14:09:24.147624Z  WARN prune_race_condition: Job processing started job_id="eoa_0x1234_137" lease_token="1790431764_eoa_0x1234_137_1_G6KARNjxdrlryn-Ph8dCt" worker_count=1
2026-09-26T14:09:24.247114Z  WARN prune_race_condition: Job processing started job_id="eoa_0x1234_137" lease_token="1790431764_eoa_0x1234_137_1_kz7vpUy0wiub2fRHofSW3" worker_count=1
2026-09-26T14:09:24.348102Z  WARN prune_race_condition: Job processing started job_id="eoa_0x1234_137" lease_token="1790431764_eoa_0x1234_137_1_RuDSUQZhTu0vipyuw2J-K" worker_count=1
2026-09-26T14:09:24.446336Z  WARN prune_race_condition: Job processing started job_id="eoa_0x1234_137" lease_token="1790431764_eoa_0x1234_137_1_Z3glMyNofzitXOaYsv-jx" worker_count=1
2026-09-26T14:09:24.547417Z  WARN prune_race_condition: Job processing started job_id="eoa_0x1234_137" lease_token="1790431764_eoa_0x1234_137_1_QVAVgCqRfbKYMdeiKBJX3" worker_count=1
2026-09-26T14:09:24.646759Z  WARN prune_race_condition: Job processing started job_id="eoa_0x1234_137" lease_token="1790431764_eoa_0x1234_137_1_PlvyyXi6rcTnovXcv-LcW" worker_count=1
2026-09-26T14:09:24.747130Z  WARN prune_race_condition: Job processing started job_id="eoa_0x1234_137" lease_token="1790431764_eoa_0x1234_137_1_-pPHKm0zg8H6QhczZ_SmP" worker_count=1
2026-09-26T14:09:24.847358Z  WARN prune_race_condition: Job processing started job_id="eoa_0x1234_137" lease_token="1790431764_eoa_0x1234_137_1_PiWsA1jEv539a-s4Sueui" worker_count=1
2026-09-26T14:09:24.948803Z  WARN prune_race_condition: Job processing started job_id="eoa_0x1234_137" lease_token="1790431764_eoa_0x1234_137_1_4rHQpQokastHV1MDzaiZH" worker_count=1
2026-09-26T14:09:25.046662Z  WARN prune_race_condition: Job processing started job_id="eoa_0x1234_137" lease_token="1790431765_eoa_0x1234_137_1_kxzfWpx9Jz5TMsA7EZbz1" worker_count=1
2026-09-26T14:09:25.147427Z  WARN prune_race_condition: Job processing started job_id="eoa_0x1234_137" lease_token="1790431765_eoa_0x1234_137_1_KngMJAlzWzsFckzR4c-qL" worker_count=1
2026-09-26T14:09:25.248767Z  WARN prune_race_condition: Job processing started job_id="eoa_0x1234_137" lease_token="1790431765_eoa_0x1234_137_1_25CVmAHKEclwDIyuClRpJ" worker_count=1
2026-09-26T14:09:25.347753Z  WARN prune_race_condition: Job processing started job_id="eoa_0x1234_137" lease_token="1790431765_eoa_0x1234_137_1_hH9JE_IP2QDTVSSEcAJ1m" worker_count=1
2026-09-26T14:09:25.447699Z  WARN prune_race_condition: Job processing started job_id="eoa_0x1234_137" lease_token="1790431765_eoa_0x1234_137_1_kXX0un33A7HKvpB4yzGl3" worker_count=1
2026-09-26T14:09:25.547330Z  WARN prune_race_condition: Job processing started job_id="eoa_0x1234_137" lease_token="1790431765_eoa_0x1234_137_1_Vw9ZHTqtl5UTpAiSUnq3s" worker_count=1
2026-09-26T14:09:25.648075Z  WARN prune_race_condition: Job processing started job_id="eoa_0x1234_137" lease_token="1790431765_eoa_0x1234_137_1_DSGZEwIS9sRlWrVkq5Otq" worker_count=1
2026-09-26T14:09:25.747391Z  WARN prune_race_condition: Job processing started job_id="eoa_0x1234_137" lease_token="1790431765_eoa_0x1234_137_1_9xE_C9j5y1JHespP-Ggs9" worker_count=1
2026-09-26T14:09:25.848084Z  WARN prune_race_condition: Job processing started job_id="eoa_0x1234_137" lease_token="1790431765_eoa_0x1234_137_1_WNFvcjF92LVmONYgY7Jwf" worker_count=1
2026-09-26T14:09:25.947475Z  WARN prune_race_condition: Job processing started job_id="eoa_0x1234_137" lease_token="1790431765_eoa_0x1234_137_1_V3d6uBN_8_LSQN5_6__R6" worker_count=1
2026-09-26T14:09:26.047023Z  WARN prune_race_condition: Job processing started job_id="eoa_0x1234_137" lease_token="1790431766_eoa_0x1234_137_1_3d4ypPxjAP1DuYskJg3jo" worker_count=1
2026-09-26T14:09:26.147885Z  WARN prune_race_condition: Job processing started job_id="eoa_0x1234_137" lease_token="1790431766_eoa_0x1234_137_1_yjXvBXefddgjJ-PmzYSL2" worker_count=1
2026-09-26T14:09:26.247334Z  WARN prune_race_condition: Job processing started job_id="eoa_0x1234_137" lease_token="1790431766_eoa_0x1234_137_1_VTDlGA3w5SI9b-UcSd32u" worker_count=1
2026-09-26T14:09:26.346831Z  WARN prune_race_condition: Job processing started job_id="eoa_0x1234_137" lease_token="1790431766_eoa_0x1234_137_1_quRJtJxp0XA0Ua2DgRx2y" worker_count=1
2026-09-26T14:09:26.447936Z  WARN prune_race_condition: Job processing started job_id="eoa_0x1234_137" lease_token="1790431766_eoa_0x1234_137_1_NIK4VA0X_9YMrrVex2hUn" worker_count=1
2026-09-26T14:09:26.548704Z  WARN prune_race_condition: Job processing started job_id="eoa_0x1234_137" lease_token="1790431766_eoa_0x1234_137_1_f8zz1AKqxHUpnmBOaYa84" worker_count=1
2026-09-26T14:09:26.647414Z  WARN prune_race_condition: Job processing started job_id="eoa_0x1234_137" lease_token="1790431766_eoa_0x1234_137_1_lxiBFlNHurmTRkh5wrdUm" worker_count=1
2026-09-26T14:09:26.747365Z  WARN prune_race_condition: Job processing started job_id="eoa_0x1234_137" lease_token="1790431766_eoa_0x1234_137_1_o_AAQKFRaXjU9bs-juxCz" worker_count=1
2026-09-26T14:09:26.847450Z  WARN prune_race_condition: Job processing started job_id="eoa_0x1234_137" lease_token="1790431766_eoa_0x1234_137_1_1OQTGVjtacErNHhRCVJFb" worker_count=1
2026-09-26T14:09:26.947032Z  WARN prune_race_condition: Job processing started job_id="eoa_0x1234_137" lease_token="1790431766_eoa_0x1234_137_1_aNX_SAV-3w_g5CwU559qs" worker_count=1
2026-09-26T14:09:27.046975Z  WARN prune_race_condition: Job processing started job_id="eoa_0x1234_137" lease_token="1790431767_eoa_0x1234_137_1_yW5jht7lT7W7wkj9ogCU-" worker_count=1
2026-09-26T14:09:27.147855Z  WARN prune_race_condition: Job processing started job_id="eoa_0x1234_137" lease_token="1790431767_eoa_0x1234_137_1_vq3gkhkFaf_edLzAVZVm6" worker_count=1
2026-09-26T14:09:27.247450Z  WARN prune_race_condition: Job processing started job_id="eoa_0x1234_137" lease_token="1790431767_eoa_0x1234_137_1_siuU9vZIMqeW6IkETWsF-" worker_count=1
2026-09-26T14:09:27.347239Z  WARN prune_race_condition: Job processing started job_id="eoa_0x1234_137" lease_token="1790431767_eoa_0x1234_137_1_-Xc7xr0RBne7Nwh3OzDKX" worker_count=1
2026-09-26T14:09:27.447408Z  WARN prune_race_condition: Job processing started job_id="eoa_0x1234_137" lease_token="1790431767_eoa_0x1234_137_1_W__8oPV4TJtZ4GzBA9vxG" worker_count=1
2026-09-26T14:09:27.546503Z  WARN prune_race_condition: Job processing started job_id="eoa_0x1234_137" lease_token="1790431767_eoa_0x1234_137_1_gNnuwYaybEassW7IZIZ73" worker_count=1
2026-09-26T14:09:27.647969Z  WARN prune_race_condition: Job processing started job_id="eoa_0x1234_137" lease_token="1790431767_eoa_0x1234_137_1_IqHhkAA-RVW4FVKXEagcJ" worker_count=1
2026-09-26T14:09:27.746966Z  WARN prune_race_condition: Job processing started job_id="eoa_0x1234_137" lease_token="1790431767_eoa_0x1234_137_1_-EvkwxqvQQOGMv0C8Pwup" worker_count=1
2026-09-26T14:09:27.848587Z  WARN prune_race_condition: Job processing started job_id="eoa_0x1234_137" lease_token="1790431767_eoa_0x1234_137_1_D90ZihayZdPNUJLLfLsg2" worker_count=1
2026-09-26T14:09:27.947170Z  WARN prune_race_condition: Job processing started job_id="eoa_0x1234_137" lease_token="1790431767_eoa_0x1234_137_1_HMysmlRkk9vngam_ZK5wW" worker_count=1
2026-09-26T14:09:28.046858Z  WARN prune_race_condition: Job processing started job_id="eoa_0x1234_137" lease_token="1790431768_eoa_0x1234_137_1_XoKBAmg-F1gphdO695Cy7" worker_count=1
2026-09-26T14:09:28.148441Z  WARN prune_race_condition: Job processing started job_id="eoa_0x1234_137" lease_token="1790431768_eoa_0x1234_137_1_kjMy6TcNgkz8sAiByQNt3" worker_count=1
2026-09-26T14:09:28.247827Z  WARN prune_race_condition: Job processing started job_id="eoa_0x1234_137" lease_token="1790431768_eoa_0x1234_137_1_bz90tCwOzRVKJgRZ3LSIJ" worker_count=1
2026-09-26T14:09:28.348541Z  WARN prune_race_condition: Job processing started job_id="eoa_0x1234_137" lease_token="1790431768_eoa_0x1234_137_1_4cJSqPrqkKZH65gvUHiaP" worker_count=1
2026-09-26T14:09:28.447555Z  WARN prune_race_condition: Job processing started job_id="eoa_0x1234_137" lease_token="1790431768_eoa_0x1234_137_1_TmB-kqxHp_nPQG36tc8Ih" worker_count=1
2026-09-26T14:09:28.548210Z  WARN prune_race_condition: Job processing started job_id="eoa_0x1234_137" lease_token="1790431768_eoa_0x1234_137_1_yOq3od3MMQ_rPKZRh63Xw" worker_count=1
2026-09-26T14:09:28.647601Z  WARN prune_race_condition: Job processing started job_id="eoa_0x1234_137" lease_token="1790431768_eoa_0x1234_137_1_d6JMRGioUyECkOyoAu8I0" worker_count=1
2026-09-26T14:09:28.747906Z  WARN prune_race_condition: Job processing started job_id="eoa_0x1234_137" lease_token="1790431768_eoa_0x1234_137_1_PGfIT_o73cIdTnGYCTR-4" worker_count=1
2026-09-26T14:09:28.848115Z  WARN prune_race_condition: Job processing started job_id="eoa_0x1234_137" lease_token="1790431768_eoa_0x1234_137_1_G85BmoEkP_SZ112FdCiQw" worker_count=1
2026-09-26T14:09:28.947855Z  WARN prune_race_condition: Job processing started job_id="eoa_0x1234_137" lease_token="1790431768_eoa_0x1234_137_1_vgzXBATE5CDmh3vswah_l" worker_count=1
2026-09-26T14:09:29.048305Z  WARN prune_race_condition: Job processing started job_id="eoa_0x1234_137" lease_token="1790431769_eoa_0x1234_137_1_Zv3zeh8HND9eFQct9uSKv" worker_count=1
2026-09-26T14:09:29.147537Z  WARN prune_race_condition: Job processing started job_id="eoa_0x1234_137" lease_token="1790431769_eoa_0x1234_137_1_1iMP3qvCJnGJcteQADyz5" worker_count=1
2026-09-26T14:09:29.248575Z  WARN prune_race_condition: Job processing started job_id="eoa_0x1234_137" lease_token="1790431769_eoa_0x1234_137_1_HOQLTEqMQYrFrB8z1v197" worker_count=1
2026-09-26T14:09:29.347189Z  WARN prune_race_condition: Job processing started job_id="eoa_0x1234_137" lease_token="1790431769_eoa_0x1234_137_1_aDS-9kghBBznuLsFA7NtW" worker_count=1
2026-09-26T14:09:29.448012Z  WARN prune_race_condition: Job processing started job_id="eoa_0x1234_137" lease_token="1790431769_eoa_0x1234_137_1_zbnvJiqRmzjMLXn86Fwov" worker_count=1
2026-09-26T14:09:29.547582Z  WARN prune_race_condition: Job processing started job_id="eoa_0x1234_137" lease_token="1790431769_eoa_0x1234_137_1_K-5-z9Jv7L537oOK4MF6w" worker_count=1
2026-09-26T14:09:29.647245Z  WARN prune_race_condition: Job processing started job_id="eoa_0x1234_137" lease_token="1790431769_eoa_0x1234_137_1_mgt4i3cvx775v_AziCmdw" worker_count=1
2026-09-26T14:09:29.746701Z  WARN prune_race_condition: Job processing started job_id="eoa_0x1234_137" lease_token="1790431769_eoa_0x1234_137_1_u6ibCQZq2J38KFKDqFFsY" worker_count=1
2026-09-26T14:09:29.846467Z  WARN prune_race_condition: Job processing started job_id="eoa_0x1234_137" lease_token="1790431769_eoa_0x1234_137_1_XjhuMRMmMWzMmyqKdgXAo" worker_count=1
2026-09-26T14:09:29.946945Z  WARN prune_race_condition: Job processing started job_id="eoa_0x1234_137" lease_token="1790431769_eoa_0x1234_137_1_Nm0c57PkkNhjCwgtjpVAr" worker_count=1
2026-09-26T14:09:30.048415Z  WARN prune_race_condition: Job processing started job_id="eoa_0x1234_137" lease_token="1790431770_eoa_0x1234_137_1_37f6iyoN4rVHOkG2kQDwz" worker_count=1
2026-09-26T14:09:30.147351Z  WARN prune_race_condition: Job processing started job_id="eoa_0x1234_137" lease_token="1790431770_eoa_0x1234_137_1_JVUjFxnEoKQKkvLFnknXN" worker_count=1
2026-09-26T14:09:30.246623Z  WARN prune_race_condition: Job processing started job_id="eoa_0x1234_137" lease_token="1790431770_eoa_0x1234_137_1_jpraTxrZ7WbFpSpNGlN5Q" worker_count=1
2026-09-26T14:09:30.347805Z  WARN prune_race_condition: Job processing started job_id="eoa_0x1234_137" lease_token="1790431770_eoa_0x1234_137_1_2Ab5B9yry6AoXk7N5aRxv" worker_count=1
2026-09-26T14:09:30.447042Z  WARN prune_race_condition: Job processing started job_id="eoa_0x1234_137" lease_token="1790431770_eoa_0x1234_137_1_bvHVJo2UBqR0qbItYezKb" worker_count=1
2026-09-26T14:09:30.547261Z  WARN prune_race_condition: Job processing started job_id="eoa_0x1234_137" lease_token="1790431770_eoa_0x1234_137_1_YoD_WaYZmNug5C4FD5l6f" worker_count=1
2026-09-26T14:09:30.600566Z  WARN prune_race_condition: Job processing started job_id="eoa_0x1234_137" lease_token="1790431770_eoa_0x1234_137_1_AGS26scSqXkZo4UO4zShe" worker_count=1
2026-09-26T14:09:30.748215Z  WARN prune_race_condition: Job processing started job_id="eoa_0x1234_137" lease_token="1790431770_eoa_0x1234_137_1_tRKRW8MoEAAXix9ooFKb7" worker_count=1
2026-09-26T14:09:30.847432Z  WARN prune_race_condition: Job processing started job_id="eoa_0x1234_137" lease_token="1790431770_eoa_0x1234_137_1_iV9ykG4duPWz4It3jzFct" worker_count=1
2026-09-26T14:09:30.947475Z  WARN prune_race_condition: Job processing started job_id="eoa_0x1234_137" lease_token="1790431770_eoa_0x1234_137_1_7AoIMIOf_jmtOd2bkU2v3" worker_count=1
2026-09-26T14:09:31.046815Z  WARN prune_race_condition: Job processing started job_id="eoa_0x1234_137" lease_token="1790431771_eoa_0x1234_137_1_JMu1VKCM9egs3-xPeKJUo" worker_count=1
2026-09-26T14:09:31.147082Z  WARN prune_race_condition: Job processing started job_id="eoa_0x1234_137" lease_token="1790431771_eoa_0x1234_137_1_1iYxoTnZY87QLV1HpRO8G" worker_count=1
2026-09-26T14:09:31.247273Z  WARN prune_race_condition: Job processing started job_id="eoa_0x1234_137" lease_token="1790431771_eoa_0x1234_137_1_nfw37WPj06awCBUS3L0B-" worker_count=1
2026-09-26T14:09:31.348136Z  WARN prune_race_condition: Job processing started job_id="eoa_0x1234_137" lease_token="1790431771_eoa_0x1234_137_1_fVDB2V9PFlwQvkWmarvtF" worker_count=1
2026-09-26T14:09:31.447438Z  WARN prune_race_condition: Job processing started job_id="eoa_0x1234_137" lease_token="1790431771_eoa_0x1234_137_1_bg2xTEOJNkAuvxFMxQ7kr" worker_count=1
2026-09-26T14:09:31.546958Z  WARN prune_race_condition: Job processing started job_id="eoa_0x1234_137" lease_token="1790431771_eoa_0x1234_137_1_GEwWiufV9YuF4L4KtGEbO" worker_count=1
2026-09-26T14:09:31.647481Z  WARN prune_race_condition: Job processing started job_id="eoa_0x1234_137" lease_token="1790431771_eoa_0x1234_137_1_eMEgQVOVLChqLGiQhXOji" worker_count=1
2026-09-26T14:09:31.748123Z  WARN prune_race_condition: Job processing started job_id="eoa_0x1234_137" lease_token="1790431771_eoa_0x1234_137_1_4X4lPgcMmyRCpGYy6-zBX" worker_count=1
2026-09-26T14:09:31.846779Z  WARN prune_race_condition: Job processing started job_id="eoa_0x1234_137" lease_token="1790431771_eoa_0x1234_137_1_FaaSktRCFhDNmqiZMyxB_" worker_count=1
2026-09-26T14:09:31.946752Z  WARN prune_race_condition: Job processing started job_id="eoa_0x1234_137" lease_token="1790431771_eoa_0x1234_137_1_k-Vtv8IiYQ6lN2MRbNAAb" worker_count=1
2026-09-26T14:09:32.047953Z  WARN prune_race_condition: Job processing started job_id="eoa_0x1234_137" lease_token="1790431772_eoa_0x1234_137_1_du4ezsv4kELTBo9IUS7-1" worker_count=1
2026-09-26T14:09:32.148220Z  WARN prune_race_condition: Job processing started job_id="eoa_0x1234_137" lease_token="1790431772_eoa_0x1234_137_1_DQYLnMPtI7HfCCe36X2t7" worker_count=1
2026-09-26T14:09:32.247110Z  WARN prune_race_condition: Job processing started job_id="eoa_0x1234_137" lease_token="1790431772_eoa_0x1234_137_1_aH9_mV84xdi4e4j-Ackuy" worker_count=1
2026-09-26T14:09:32.347535Z  WARN prune_race_condition: Job processing started job_id="eoa_0x1234_137" lease_token="1790431772_eoa_0x1234_137_1_8UjJ1wbf_QmwgpCL7HwRW" worker_count=1
2026-09-26T14:09:32.447451Z  WARN prune_race_condition: Job processing started job_id="eoa_0x1234_137" lease_token="1790431772_eoa_0x1234_137_1_g6qY5JkTVeYOYEywUA6vI" worker_count=1
2026-09-26T14:09:32.547257Z  WARN prune_race_condition: Job processing started job_id="eoa_0x1234_137" lease_token="1790431772_eoa_0x1234_137_1_rZKS0PATqYRiJa0bd1XFa" worker_count=1
2026-09-26T14:09:32.648156Z  WARN prune_race_condition: Job processing started job_id="eoa_0x1234_137" lease_token="1790431772_eoa_0x1234_137_1_TGyU86FSSCuUNp39JtvVe" worker_count=1
2026-09-26T14:09:32.747704Z  WARN prune_race_condition: Job processing started job_id="eoa_0x1234_137" lease_token="1790431772_eoa_0x1234_137_1_w-hvhGupRGYKqLV3KKpWd" worker_count=1
2026-09-26T14:09:32.847431Z  WARN prune_race_condition: Job processing started job_id="eoa_0x1234_137" lease_token="1790431772_eoa_0x1234_137_1_xsItHDDYUbWg0kQSnoStL" worker_count=1
2026-09-26T14:09:32.948438Z  WARN prune_race_condition: Job processing started job_id="eoa_0x1234_137" lease_token="1790431772_eoa_0x1234_137_1_AniVBc4fqT6dqADd74bFw" worker_count=1
2026-09-26T14:09:33.046847Z  WARN prune_race_condition: Job processing started job_id="eoa_0x1234_137" lease_token="1790431773_eoa_0x1234_137_1_zdbefhtyuH9CHZWjfVdNc" worker_count=1
2026-09-26T14:09:33.148093Z  WARN prune_race_condition: Job processing started job_id="eoa_0x1234_137" lease_token="1790431773_eoa_0x1234_137_1_2X7TgMiiG-v6z6ylpyFqo" worker_count=1
2026-09-26T14:09:33.248389Z  WARN prune_race_condition: Job processing started job_id="eoa_0x1234_137" lease_token="1790431773_eoa_0x1234_137_1_S71hd3dxEDOQ_cHSeccrm" worker_count=1
2026-09-26T14:09:33.347535Z  WARN prune_race_condition: Job processing started job_id="eoa_0x1234_137" lease_token="1790431773_eoa_0x1234_137_1_EfpyDxW-s2vHhJ8un9Jg2" worker_count=1
2026-09-26T14:09:33.448374Z  WARN prune_race_condition: Job processing started job_id="eoa_0x1234_137" lease_token="1790431773_eoa_0x1234_137_1_jjsqyMSo1QfdZ_679snYZ" worker_count=1
2026-09-26T14:09:33.547935Z  WARN prune_race_condition: Job processing started job_id="eoa_0x1234_137" lease_token="1790431773_eoa_0x1234_137_1_iehVMtz64_BpAYHfTry3R" worker_count=1
2026-09-26T14:09:33.647172Z  WARN prune_race_condition: Job processing started job_id="eoa_0x1234_137" lease_token="1790431773_eoa_0x1234_137_1_VTQ_SDl0nMGcWyZz_aJlv" worker_count=1
2026-09-26T14:09:33.746738Z  WARN prune_race_condition: Job processing started job_id="eoa_0x1234_137" lease_token="1790431773_eoa_0x1234_137_1_mLsFjit5D1Jwzr1iCKHxu" worker_count=1
2026-09-26T14:09:33.846779Z  WARN prune_race_condition: Job processing started job_id="eoa_0x1234_137" lease_token="1790431773_eoa_0x1234_137_1_qWjvyGxmy75fkJikf2kW0" worker_count=1
2026-09-26T14:09:33.947184Z  WARN prune_race_condition: Job processing started job_id="eoa_0x1234_137" lease_token="1790431773_eoa_0x1234_137_1_fo5yWpdSJ1fKw6Xog_lEQ" worker_count=1
2026-09-26T14:09:34.048246Z  WARN prune_race_condition: Job processing started job_id="eoa_0x1234_137" lease_token="1790431774_eoa_0x1234_137_1_0K4TneeigCQjC0wz1cBeF" worker_count=1
2026-09-26T14:09:34.147600Z  WARN prune_race_condition: Job processing started job_id="eoa_0x1234_137" lease_token="1790431774_eoa_0x1234_137_1_9oK390AU8MXGk5vT0sHbW" worker_count=1
2026-09-26T14:09:34.248323Z  WARN prune_race_condition: Job processing started job_id="eoa_0x1234_137" lease_token="1790431774_eoa_0x1234_137_1_O38XHQ3_vBlipgXzQMNVf" worker_count=1
2026-09-26T14:09:34.347850Z  WARN prune_race_condition: Job processing started job_id="eoa_0x1234_137" lease_token="1790431774_eoa_0x1234_137_1_vF-yipAoCbLwYiZskhbeq" worker_count=1
2026-09-26T14:09:34.447755Z  WARN prune_race_condition: Job processing started job_id="eoa_0x1234_137" lease_token="1790431774_eoa_0x1234_137_1_Xne2n0DuWeFMyfMt4BiOc" worker_count=1
2026-09-26T14:09:34.548912Z  WARN prune_race_condition: Job processing started job_id="eoa_0x1234_137" lease_token="1790431774_eoa_0x1234_137_1_Hlomat3VDbtBoZLv8JtSN" worker_count=1
2026-09-26T14:09:34.647606Z  WARN prune_race_condition: Job processing started job_id="eoa_0x1234_137" lease_token="1790431774_eoa_0x1234_137_1_qnMInSlLQH71o_eqc3hDP" worker_count=1
2026-09-26T14:09:34.748210Z  WARN prune_race_condition: Job processing started job_id="eoa_0x1234_137" lease_token="1790431774_eoa_0x1234_137_1_CLZkjGcPSzPVJQSHHbznG" worker_count=1
2026-09-26T14:09:34.846524Z  WARN prune_race_condition: Job processing started job_id="eoa_0x1234_137" lease_token="1790431774_eoa_0x1234_137_1_Y1xA_dGs_dMO8hSN_ZCpG" worker_count=1
2026-09-26T14:09:34.947202Z  WARN prune_race_condition: Job processing started job_id="eoa_0x1234_137" lease_token="1790431774_eoa_0x1234_137_1_7vG22VqFlRYdWHUk2HWJt" worker_count=1
2026-09-26T14:09:35.047953Z  WARN prune_race_condition: Job processing started job_id="eoa_0x1234_137" lease_token="1790431775_eoa_0x1234_137_1_IQtM1GHyjcLKNnb9MOgYL" worker_count=1
2026-09-26T14:09:35.146525Z  WARN prune_race_condition: Job processing started job_id="eoa_0x1234_137" lease_token="1790431775_eoa_0x1234_137_1_jxIcl-M0sY_wRWgYBJcMs" worker_count=1
2026-09-26T14:09:35.247346Z  WARN prune_race_condition: Job processing started job_id="eoa_0x1234_137" lease_token="1790431775_eoa_0x1234_137_1_u2V-YZH5q7Skd3fxlXlCm" worker_count=1
2026-09-26T14:09:35.348238Z  WARN prune_race_condition: Job processing started job_id="eoa_0x1234_137" lease_token="1790431775_eoa_0x1234_137_1_elT17oftMUbpHitp2VOiR" worker_count=1
2026-09-26T14:09:35.448010Z  WARN prune_race_condition: Job processing started job_id="eoa_0x1234_137" lease_token="1790431775_eoa_0x1234_137_1_4tHe5CT3ZYpfz_khheHuO" worker_count=1
2026-09-26T14:09:35.548953Z  WARN prune_race_condition: Job processing started job_id="eoa_0x1234_137" lease_token="1790431775_eoa_0x1234_137_1_NAl2ztg5ukT0ziNq72v0L" worker_count=1
2026-09-26T14:09:35.647865Z  WARN prune_race_condition: Job processing started job_id="eoa_0x1234_137" lease_token="1790431775_eoa_0x1234_137_1_dXdhjZfrILtL0hKFyp9Be" worker_count=1
2026-09-26T14:09:35.747884Z  WARN prune_race_condition: Job processing started job_id="eoa_0x1234_137" lease_token="1790431775_eoa_0x1234_137_1_nA9pvwpO9wiqp6ONwkdQf" worker_count=1
2026-09-26T14:09:35.848637Z  WARN prune_race_condition: Job processing started job_id="eoa_0x1234_137" lease_token="1790431775_eoa_0x1234_137_1_4ZgEZAxT9kSoaBVzYS3UC" worker_count=1
2026-09-26T14:09:35.947082Z  WARN prune_race_condition: Job processing started job_id="eoa_0x1234_137" lease_token="1790431775_eoa_0x1234_137_1_DfHCEqhGnn0ibnjMYBqmB" worker_count=1
2026-09-26T14:09:36.047642Z  WARN prune_race_condition: Job processing started job_id="eoa_0x1234_137" lease_token="1790431776_eoa_0x1234_137_1_XA884a6tj4rBw9yXxXvlJ" worker_count=1
2026-09-26T14:09:36.100615Z  WARN prune_race_condition: Job processing started job_id="eoa_0x1234_137" lease_token="1790431776_eoa_0x1234_137_1_hJhOZLqNTZm7fmR6HMaq_" worker_count=1
2026-09-26T14:09:36.248096Z  WARN prune_race_condition: Job processing started job_id="eoa_0x1234_137" lease_token="1790431776_eoa_0x1234_137_1_kbOKQxIfXGqLbcfHPybpa" worker_count=1
2026-09-26T14:09:36.346826Z  WARN prune_race_condition: Job processing started job_id="eoa_0x1234_137" lease_token="1790431776_eoa_0x1234_137_1_h0JrhBkusQcL1E3hkIr7D" worker_count=1
2026-09-26T14:09:36.448012Z  WARN prune_race_condition: Job processing started job_id="eoa_0x1234_137" lease_token="1790431776_eoa_0x1234_137_1_eRLRtLxiyprIhIUuebM0s" worker_count=1
2026-09-26T14:09:36.547243Z  WARN prune_race_condition: Job processing started job_id="eoa_0x1234_137" lease_token="1790431776_eoa_0x1234_137_1_Yw1z0_-2amsyEHFWXp3HV" worker_count=1
2026-09-26T14:09:36.647542Z  WARN prune_race_condition: Job processing started job_id="eoa_0x1234_137" lease_token="1790431776_eoa_0x1234_137_1_e6zCjVcShQEQ7CqLKu5MY" worker_count=1
2026-09-26T14:09:36.748373Z  WARN prune_race_condition: Job processing started job_id="eoa_0x1234_137" lease_token="1790431776_eoa_0x1234_137_1_dnaVPRbHwNUa5-kamM1Cf" worker_count=1
2026-09-26T14:09:36.847417Z  WARN prune_race_condition: Job processing started job_id="eoa_0x1234_137" lease_token="1790431776_eoa_0x1234_137_1_3Wfkd-0Ntl6WcIhw5tao7" worker_count=1
2026-09-26T14:09:36.948177Z  WARN prune_race_condition: Job processing started job_id="eoa_0x1234_137" lease_token="1790431776_eoa_0x1234_137_1_4HA65z7408Vpod2UY5pmp" worker_count=1
2026-09-26T14:09:37.047624Z  WARN prune_race_condition: Job processing started job_id="eoa_0x1234_137" lease_token="1790431777_eoa_0x1234_137_1_mU9L9r5yQXyXlNpIsTprR" worker_count=1
2026-09-26T14:09:37.147873Z  WARN prune_race_condition: Job processing started job_id="eoa_0x1234_137" lease_token="1790431777_eoa_0x1234_137_1_X2L5rDozGIRd1IB5pIMtk" worker_count=1
2026-09-26T14:09:37.248447Z  WARN prune_race_condition: Job processing started job_id="eoa_0x1234_137" lease_token="1790431777_eoa_0x1234_137_1_Z5_SpgY0APpFaw-eXTeIJ" worker_count=1
2026-09-26T14:09:37.347351Z  WARN prune_race_condition: Job processing started job_id="eoa_0x1234_137" lease_token="1790431777_eoa_0x1234_137_1_YnN0t2uSDvjG5NYlUx4mN" worker_count=1
2026-09-26T14:09:37.448331Z  WARN prune_race_condition: Job processing started job_id="eoa_0x1234_137" lease_token="1790431777_eoa_0x1234_137_1_qm4SInEzRRSr8uFxPsuFw" worker_count=1
2026-09-26T14:09:37.547308Z  WARN prune_race_condition: Job processing started job_id="eoa_0x1234_137" lease_token="1790431777_eoa_0x1234_137_1_kJbO1uaVU0yliTXDBOJcA" worker_count=1
2026-09-26T14:09:37.647939Z  WARN prune_race_condition: Job processing started job_id="eoa_0x1234_137" lease_token="1790431777_eoa_0x1234_137_1_PswnlhaTrYYl1lbB5A-8T" worker_count=1
2026-09-26T14:09:37.747952Z  WARN prune_race_condition: Job processing started job_id="eoa_0x1234_137" lease_token="1790431777_eoa_0x1234_137_1_PBogxeZremlNwoSh9_6AJ" worker_count=1
2026-09-26T14:09:37.846861Z  WARN prune_race_condition: Job processing started job_id="eoa_0x1234_137" lease_token="1790431777_eoa_0x1234_137_1_scG2_IoN1ZvSDcMCDm_Zv" worker_count=1
2026-09-26T14:09:37.947198Z  WARN prune_race_condition: Job processing started job_id="eoa_0x1234_137" lease_token="1790431777_eoa_0x1234_137_1__pmfbCdMJDPogblNl3kAa" worker_count=1
2026-09-26T14:09:38.047583Z  WARN prune_race_condition: Job processing started job_id="eoa_0x1234_137" lease_token="1790431778_eoa_0x1234_137_1_6QPWfkq0G0CYlMGkJaHCh" worker_count=1
2026-09-26T14:09:38.147148Z  WARN prune_race_condition: Job processing started job_id="eoa_0x1234_137" lease_token="1790431778_eoa_0x1234_137_1_qU4hMeSuFpTqC7Iq_uekc" worker_count=1
2026-09-26T14:09:38.247570Z  WARN prune_race_condition: Job processing started job_id="eoa_0x1234_137" lease_token="1790431778_eoa_0x1234_137_1_3gRSkcgYTkLOgq-x1Hwhx" worker_count=1
2026-09-26T14:09:38.300684Z  WARN prune_race_condition: Job processing started job_id="eoa_0x1234_137" lease_token="1790431778_eoa_0x1234_137_1_pRUhWOLqH0TOmOHz8-6kq" worker_count=1
2026-09-26T14:09:38.448525Z  WARN prune_race_condition: Job processing started job_id="eoa_0x1234_137" lease_token="1790431778_eoa_0x1234_137_1_hQCtZgxfFBqqL5WBzmXHz" worker_count=1
2026-09-26T14:09:38.546648Z  WARN prune_race_condition: Job processing started job_id="eoa_0x1234_137" lease_token="1790431778_eoa_0x1234_137_1_zK4nGTDSdPoBYlVaPfsou" worker_count=1
2026-09-26T14:09:38.648158Z  WARN prune_race_condition: Job processing started job_id="eoa_0x1234_137" lease_token="1790431778_eoa_0x1234_137_1_DvysqNPFEwIVKGJW7MNy4" worker_count=1
2026-09-26T14:09:38.748237Z  WARN prune_race_condition: Job processing started job_id="eoa_0x1234_137" lease_token="1790431778_eoa_0x1234_137_1_ENAX-JGiBJww8vI3aKIHh" worker_count=1
2026-09-26T14:09:38.846876Z  WARN prune_race_condition: Job processing started job_id="eoa_0x1234_137" lease_token="1790431778_eoa_0x1234_137_1_rqnez9CoSYInqQVObvfVb" worker_count=1
2026-09-26T14:09:38.947601Z  WARN prune_race_condition: Job processing started job_id="eoa_0x1234_137" lease_token="1790431778_eoa_0x1234_137_1_Prq6BPv6Dd53lGOzRXw6I" worker_count=1
2026-09-26T14:09:39.047393Z  WARN prune_race_condition: Job processing started job_id="eoa_0x1234_137" lease_token="1790431779_eoa_0x1234_137_1_yjDS3vVB511Am6saNAsIp" worker_count=1
2026-09-26T14:09:39.146981Z  WARN prune_race_condition: Job processing started job_id="eoa_0x1234_137" lease_token="1790431779_eoa_0x1234_137_1_ivjQFvLZVRplwRTmNX_p5" worker_count=1
2026-09-26T14:09:39.246991Z  WARN prune_race_condition: Job processing started job_id="eoa_0x1234_137" lease_token="1790431779_eoa_0x1234_137_1_y3EJ0lHdzFtJ4OjVm8yol" worker_count=1
2026-09-26T14:09:39.347257Z  WARN prune_race_condition: Job processing started job_id="eoa_0x1234_137" lease_token="1790431779_eoa_0x1234_137_1_iag_uIBMBTD8i2ShDYWJ0" worker_count=1
2026-09-26T14:09:39.448313Z  WARN prune_race_condition: Job processing started job_id="eoa_0x1234_137" lease_token="1790431779_eoa_0x1234_137_1_CJuGFFLCxFMjaFGfD-H3W" worker_count=1
2026-09-26T14:09:39.500703Z  WARN prune_race_condition: Job processing started job_id="eoa_0x1234_137" lease_token="1790431779_eoa_0x1234_137_1_Amsa3MiNkjFF1HANMY9t3" worker_count=1
2026-09-26T14:09:39.648191Z  WARN prune_race_condition: Job processing started job_id="eoa_0x1234_137" lease_token="1790431779_eoa_0x1234_137_1_cERoESh6C6E3XZVj6EQFB" worker_count=1
2026-09-26T14:09:39.748057Z  WARN prune_race_condition: Job processing started job_id="eoa_0x1234_137" lease_token="1790431779_eoa_0x1234_137_1_pKWNO0KlVP1TmvFRwOcck" worker_count=1
2026-09-26T14:09:39.846869Z  WARN prune_race_condition: Job processing started job_id="eoa_0x1234_137" lease_token="1790431779_eoa_0x1234_137_1_rW6LOQaMixVNpzGrPhR79" worker_count=1
2026-09-26T14:09:39.946905Z  WARN prune_race_condition: Job processing started job_id="eoa_0x1234_137" lease_token="1790431779_eoa_0x1234_137_1_yCd2OR6wU6Kb65EsAQ62Q" worker_count=1
2026-09-26T14:09:40.047348Z  WARN prune_race_condition: Job processing started job_id="eoa_0x1234_137" lease_token="1790431780_eoa_0x1234_137_1_qhJebSltXZH6LKyx7bYve" worker_count=1
2026-09-26T14:09:40.147974Z  WARN prune_race_condition: Job processing started job_id="eoa_0x1234_137" lease_token="1790431780_eoa_0x1234_137_1_RAVcUdTQ8aIqbdTys2J6I" worker_count=1
2026-09-26T14:09:40.247086Z  WARN prune_race_condition: Job processing started job_id="eoa_0x1234_137" lease_token="1790431780_eoa_0x1234_137_1_WnPotl4pxSayOMbpQKrIe" worker_count=1
2026-09-26T14:09:40.347169Z  WARN prune_race_condition: Job processing started job_id="eoa_0x1234_137" lease_token="1790431780_eoa_0x1234_137_1_lFD0Rf67xRHg5zSxAquYc" worker_count=1
2026-09-26T14:09:40.447534Z  WARN prune_race_condition: Job processing started job_id="eoa_0x1234_137" lease_token="1790431780_eoa_0x1234_137_1_RySSOSaJZOPl7czq5d9_c" worker_count=1
2026-09-26T14:09:40.547228Z  WARN prune_race_condition: Job processing started job_id="eoa_0x1234_137" lease_token="1790431780_eoa_0x1234_137_1_rnjfJiPZL9VWkx_rwuHPx" worker_count=1
2026-09-26T14:09:40.648906Z  WARN prune_race_condition: Job processing started job_id="eoa_0x1234_137" lease_token="1790431780_eoa_0x1234_137_1_IBrhIfeC8sI7xVRCHDA7Y" worker_count=1
2026-09-26T14:09:40.749317Z  WARN prune_race_condition: Job processing started job_id="eoa_0x1234_137" lease_token="1790431780_eoa_0x1234_137_1_f8BM0ioqVMzSSw0SpGqK1" worker_count=1
2026-09-26T14:09:40.849304Z  WARN prune_race_condition: Job processing started job_id="eoa_0x1234_137" lease_token="1790431780_eoa_0x1234_137_1_N2PNiyl9rL-YaTBq8omrE" worker_count=1
2026-09-26T14:09:40.948615Z  WARN prune_race_condition: Job processing started job_id="eoa_0x1234_137" lease_token="1790431780_eoa_0x1234_137_1_a_NRytklsxJ0pFBz2FsZM" worker_count=1
2026-09-26T14:09:41.046854Z  WARN prune_race_condition: Job processing started job_id="eoa_0x1234_137" lease_token="1790431781_eoa_0x1234_137_1_4qZI5EaIVzKKJN-O20XLh" worker_count=1
2026-09-26T14:09:41.148142Z  WARN prune_race_condition: Job processing started job_id="eoa_0x1234_137" lease_token="1790431781_eoa_0x1234_137_1_ddViB4hHyCigRWtKVu7FD" worker_count=1
2026-09-26T14:09:41.248501Z  WARN prune_race_condition: Job processing started job_id="eoa_0x1234_137" lease_token="1790431781_eoa_0x1234_137_1_TxGEkrfl1QOkNlQEV3se7" worker_count=1
2026-09-26T14:09:41.302268Z  WARN prune_race_condition: Job processing started job_id="eoa_0x1234_137" lease_token="1790431781_eoa_0x1234_137_1_ZMdgzGXZj_iFBFIhk22ov" worker_count=1
2026-09-26T14:09:41.447894Z  WARN prune_race_condition: Job processing started job_id="eoa_0x1234_137" lease_token="1790431781_eoa_0x1234_137_1_pWGUegbrBjoiryKKE8xgI" worker_count=1
2026-09-26T14:09:41.547755Z  WARN prune_race_condition: Job processing started job_id="eoa_0x1234_137" lease_token="1790431781_eoa_0x1234_137_1_nGpozg346KpSycGj-emnG" worker_count=1
2026-09-26T14:09:41.647454Z  WARN prune_race_condition: Job processing started job_id="eoa_0x1234_137" lease_token="1790431781_eoa_0x1234_137_1_oASjotLeWuSjcAdcE8elD" worker_count=1
2026-09-26T14:09:41.748503Z  WARN prune_race_condition: Job processing started job_id="eoa_0x1234_137" lease_token="1790431781_eoa_0x1234_137_1_4anupcpL2bhaVHg3ddBiu" worker_count=1
2026-09-26T14:09:41.847190Z  WARN prune_race_condition: Job processing started job_id="eoa_0x1234_137" lease_token="1790431781_eoa_0x1234_137_1_bURpL9sH-DJMWl-3pfrJ0" worker_count=1
2026-09-26T14:09:41.947918Z  WARN prune_race_condition: Job processing started job_id="eoa_0x1234_137" lease_token="1790431781_eoa_0x1234_137_1_C0sZr4TkXO6U13OxTmCHv" worker_count=1
2026-09-26T14:09:42.048721Z  WARN prune_race_condition: Job processing started job_id="eoa_0x1234_137" lease_token="1790431782_eoa_0x1234_137_1_V9teIuwGyJrorn3h0rPfT" worker_count=1
2026-09-26T14:09:42.147009Z  WARN prune_race_condition: Job processing started job_id="eoa_0x1234_137" lease_token="1790431782_eoa_0x1234_137_1_ka2OBqGMczZYF580nH1S8" worker_count=1
2026-09-26T14:09:42.247389Z  WARN prune_race_condition: Job processing started job_id="eoa_0x1234_137" lease_token="1790431782_eoa_0x1234_137_1_8EPvCv960QWU09SJWGJ1C" worker_count=1
2026-09-26T14:09:42.347385Z  WARN prune_race_condition: Job processing started job_id="eoa_0x1234_137" lease_token="1790431782_eoa_0x1234_137_1_j6TwSgFBYBr4W3tThFHmt" worker_count=1
2026-09-26T14:09:42.447254Z  WARN prune_race_condition: Job processing started job_id="eoa_0x1234_137" lease_token="1790431782_eoa_0x1234_137_1_IwIRU18zbZV6_hWzMnN-L" worker_count=1
2026-09-26T14:09:42.548351Z  WARN prune_race_condition: Job processing started job_id="eoa_0x1234_137" lease_token="1790431782_eoa_0x1234_137_1_43N_FfxuEc8wls99t1iqG" worker_count=1
2026-09-26T14:09:42.648429Z  WARN prune_race_condition: Job processing started job_id="eoa_0x1234_137" lease_token="1790431782_eoa_0x1234_137_1_ZklFom2YR-S_YZqPdlp8M" worker_count=1
2026-09-26T14:09:42.747240Z  WARN prune_race_condition: Job processing started job_id="eoa_0x1234_137" lease_token="1790431782_eoa_0x1234_137_1_Zd8Vl-U0Dndlw_HU0Z3G9" worker_count=1
2026-09-26T14:09:42.847276Z  WARN prune_race_condition: Job processing started job_id="eoa_0x1234_137" lease_token="1790431782_eoa_0x1234_137_1_RAhEiVkX6F-P6QcPvvJDF" worker_count=1
2026-09-26T14:09:42.947513Z  WARN prune_race_condition: Job processing started job_id="eoa_0x1234_137" lease_token="1790431782_eoa_0x1234_137_1_FDSQJwwWLJZiYJ9ZriywF" worker_count=1
2026-09-26T14:09:43.048815Z  WARN prune_race_condition: Job processing started job_id="eoa_0x1234_137" lease_token="1790431783_eoa_0x1234_137_1_U6Dt3NZ90bl-ToWSnZ5hh" worker_count=1
2026-09-26T14:09:43.147779Z  WARN prune_race_condition: Job processing started job_id="eoa_0x1234_137" lease_token="1790431783_eoa_0x1234_137_1_ZSa3dpcRPyy16trd7AcCP" worker_count=1
2026-09-26T14:09:43.248127Z  WARN prune_race_condition: Job processing started job_id="eoa_0x1234_137" lease_token="1790431783_eoa_0x1234_137_1_MFLw9yhGJurIksegAtge8" worker_count=1
2026-09-26T14:09:43.348223Z  WARN prune_race_condition: Job processing started job_id="eoa_0x1234_137" lease_token="1790431783_eoa_0x1234_137_1_qTtzXF2mGhm8OSQoyd29w" worker_count=1
2026-09-26T14:09:43.403176Z  WARN prune_race_condition: Job processing started job_id="eoa_0x1234_137" lease_token="1790431783_eoa_0x1234_137_1_xFhMCr62YjrNelmFwmlt3" worker_count=1
2026-09-26T14:09:43.457966Z  WARN prune_race_condition: Job processing started job_id="eoa_0x1234_137" lease_token="1790431783_eoa_0x1234_137_1_dQY5F6FX7UABAETXkE-4a" worker_count=1
2026-09-26T14:09:43.514163Z  WARN prune_race_condition: Job processing started job_id="eoa_0x1234_137" lease_token="1790431783_eoa_0x1234_137_1_xYRlsyAEYz3QH5iZ0FbNb" worker_count=1
2026-09-26T14:09:43.648543Z  WARN prune_race_condition: Job processing started job_id="eoa_0x1234_137" lease_token="1790431783_eoa_0x1234_137_1_G6CtyeBdhO4A7Dgg4x-x9" worker_count=1
2026-09-26T14:09:43.747060Z  WARN prune_race_condition: Job processing started job_id="eoa_0x1234_137" lease_token="1790431783_eoa_0x1234_137_1_aBG9ATqS1TWMBjf1pBH3Q" worker_count=1
2026-09-26T14:09:43.846795Z  WARN prune_race_condition: Job processing started job_id="eoa_0x1234_137" lease_token="1790431783_eoa_0x1234_137_1_I5DrthcmiWsK4JYv-0ZWL" worker_count=1
2026-09-26T14:09:43.947398Z  WARN prune_race_condition: Job processing started job_id="eoa_0x1234_137" lease_token="1790431783_eoa_0x1234_137_1_j023aReuvoQZc_QfLknor" worker_count=1
2026-09-26T14:09:44.047516Z  WARN prune_race_condition: Job processing started job_id="eoa_0x1234_137" lease_token="1790431784_eoa_0x1234_137_1_u5HqzK5vUzg314XVhoMRK" worker_count=1
2026-09-26T14:09:44.147129Z  WARN prune_race_condition: Job processing started job_id="eoa_0x1234_137" lease_token="1790431784_eoa_0x1234_137_1_PClbLoMR2umFMsjP_2NtV" worker_count=1
2026-09-26T14:09:44.200386Z  WARN prune_race_condition: Job processing started job_id="eoa_0x1234_137" lease_token="1790431784_eoa_0x1234_137_1_uKHGP_I3Qy317JrTz4ZiK" worker_count=1
2026-09-26T14:09:44.347990Z  WARN prune_race_condition: Job processing started job_id="eoa_0x1234_137" lease_token="1790431784_eoa_0x1234_137_1_kq4pJdpO98_hT_medH7Ze" worker_count=1
2026-09-26T14:09:44.448351Z  WARN prune_race_condition: Job processing started job_id="eoa_0x1234_137" lease_token="1790431784_eoa_0x1234_137_1_65XZVZo9FQmyjwV2BU1um" worker_count=1
2026-09-26T14:09:44.501852Z  WARN prune_race_condition: Job processing started job_id="eoa_0x1234_137" lease_token="1790431784_eoa_0x1234_137_1_KZ6JnC9MIMJkOcTCfyIXU" worker_count=1
2026-09-26T14:09:44.647082Z  WARN prune_race_condition: Job processing started job_id="eoa_0x1234_137" lease_token="1790431784_eoa_0x1234_137_1_TxeC5W4TXhLyJ7z5LsCdb" worker_count=1
2026-09-26T14:09:44.747441Z  WARN prune_race_condition: Job processing started job_id="eoa_0x1234_137" lease_token="1790431784_eoa_0x1234_137_1__M94_mEFc7jI-mj2wq_1N" worker_count=1
2026-09-26T14:09:44.847700Z  WARN prune_race_condition: Job processing started job_id="eoa_0x1234_137" lease_token="1790431784_eoa_0x1234_137_1_G_ECTSDTgHC8NnX0LRB9v" worker_count=1
2026-09-26T14:09:44.947746Z  WARN prune_race_condition: Job processing started job_id="eoa_0x1234_137" lease_token="1790431784_eoa_0x1234_137_1_UMNXJapzTzBDMy-4z4w4j" worker_count=1
2026-09-26T14:09:45.000818Z  WARN prune_race_condition: Job processing started job_id="eoa_0x1234_137" lease_token="1790431785_eoa_0x1234_137_1_Lk9uGsoO9mL_omL6IaUP5" worker_count=1
2026-09-26T14:09:45.147764Z  WARN prune_race_condition: Job processing started job_id="eoa_0x1234_137" lease_token="1790431785_eoa_0x1234_137_1_e2gXvWUo20_JIVhMsmzh-" worker_count=1
2026-09-26T14:09:45.248480Z  WARN prune_race_condition: Job processing started job_id="eoa_0x1234_137" lease_token="1790431785_eoa_0x1234_137_1_nFl1Bc3d_gYA8M4T9HJmY" worker_count=1
2026-09-26T14:09:45.347639Z  WARN prune_race_condition: Job processing started job_id="eoa_0x1234_137" lease_token="1790431785_eoa_0x1234_137_1_rWIj7u1q_6S1i2i2QnZrj" worker_count=1
2026-09-26T14:09:45.448383Z  WARN prune_race_condition: Job processing started job_id="eoa_0x1234_137" lease_token="1790431785_eoa_0x1234_137_1_Jqy8_kHkJHqNFItVbs0k1" worker_count=1
2026-09-26T14:09:45.547322Z  WARN prune_race_condition: Job processing started job_id="eoa_0x1234_137" lease_token="1790431785_eoa_0x1234_137_1_lbSdG--6NHC7p13qF4JN_" worker_count=1
2026-09-26T14:09:45.647437Z  WARN prune_race_condition: Job processing started job_id="eoa_0x1234_137" lease_token="1790431785_eoa_0x1234_137_1_7Nd3uMpSMto6tH4HOOP43" worker_count=1
2026-09-26T14:09:45.748812Z  WARN prune_race_condition: Job processing started job_id="eoa_0x1234_137" lease_token="1790431785_eoa_0x1234_137_1_L9QQPSzxxWRTkWxKRJCb1" worker_count=1
2026-09-26T14:09:45.846771Z  WARN prune_race_condition: Job processing started job_id="eoa_0x1234_137" lease_token="1790431785_eoa_0x1234_137_1_HFn5xoVA3YfTLlo1KUnDK" worker_count=1
2026-09-26T14:09:45.947720Z  WARN prune_race_condition: Job processing started job_id="eoa_0x1234_137" lease_token="1790431785_eoa_0x1234_137_1_S_y3eCWHOpMiJpvJu_cti" worker_count=1
2026-09-26T14:09:46.048145Z  WARN prune_race_condition: Job processing started job_id="eoa_0x1234_137" lease_token="1790431786_eoa_0x1234_137_1_PYk-zClB2MhB9AnKh8P2M" worker_count=1
2026-09-26T14:09:46.148275Z  WARN prune_race_condition: Job processing started job_id="eoa_0x1234_137" lease_token="1790431786_eoa_0x1234_137_1_Nuw1h24-2haA8ZfLtJts1" worker_count=1
2026-09-26T14:09:46.247225Z  WARN prune_race_condition: Job processing started job_id="eoa_0x1234_137" lease_token="1790431786_eoa_0x1234_137_1_GiHPV0hIkF0Aiq0tqCb1r" worker_count=1
2026-09-26T14:09:46.348468Z  WARN prune_race_condition: Job processing started job_id="eoa_0x1234_137" lease_token="1790431786_eoa_0x1234_137_1_FUMqAI-O2WdikLucURGoj" worker_count=1
2026-09-26T14:09:46.447085Z  WARN prune_race_condition: Job processing started job_id="eoa_0x1234_137" lease_token="1790431786_eoa_0x1234_137_1_VCawjGUvSe3sTMBDap_4L" worker_count=1
2026-09-26T14:09:46.547234Z  WARN prune_race_condition: Job processing started job_id="eoa_0x1234_137" lease_token="1790431786_eoa_0x1234_137_1_Fxst9rEB7DZDK8GezTwWh" worker_count=1
2026-09-26T14:09:46.646894Z  WARN prune_race_condition: Job processing started job_id="eoa_0x1234_137" lease_token="1790431786_eoa_0x1234_137_1_wJJ5KsjV5C-ilgypTj_NR" worker_count=1
2026-09-26T14:09:46.747316Z  WARN prune_race_condition: Job processing started job_id="eoa_0x1234_137" lease_token="1790431786_eoa_0x1234_137_1_-UZ9ydPo1R-krA11ed8w9" worker_count=1
2026-09-26T14:09:46.847484Z  WARN prune_race_condition: Job processing started job_id="eoa_0x1234_137" lease_token="1790431786_eoa_0x1234_137_1_ONrWNO0-FZRW925hV42jb" worker_count=1
2026-09-26T14:09:46.947460Z  WARN prune_race_condition: Job processing started job_id="eoa_0x1234_137" lease_token="1790431786_eoa_0x1234_137_1_A1M6qwrQEKD2rDJiepg5J" worker_count=1
2026-09-26T14:09:47.046996Z  WARN prune_race_condition: Job processing started job_id="eoa_0x1234_137" lease_token="1790431787_eoa_0x1234_137_1_gwxU-h8_YYnSHkZZU_KBd" worker_count=1
2026-09-26T14:09:47.147307Z  WARN prune_race_condition: Job processing started job_id="eoa_0x1234_137" lease_token="1790431787_eoa_0x1234_137_1_Rsk3Djd-X6OVydMGjoBIJ" worker_count=1
2026-09-26T14:09:47.247231Z  WARN prune_race_condition: Job processing started job_id="eoa_0x1234_137" lease_token="1790431787_eoa_0x1234_137_1_Cu-wuxuN_QX0NWmV_WgPY" worker_count=1
2026-09-26T14:09:47.346895Z  WARN prune_race_condition: Job processing started job_id="eoa_0x1234_137" lease_token="1790431787_eoa_0x1234_137_1_E-BT1Xf656drn98JiV5XU" worker_count=1
2026-09-26T14:09:47.448283Z  WARN prune_race_condition: Job processing started job_id="eoa_0x1234_137" lease_token="1790431787_eoa_0x1234_137_1_YZUKTT764uDUVvY0fYkPk" worker_count=1
2026-09-26T14:09:47.548427Z  WARN prune_race_condition: Job processing started job_id="eoa_0x1234_137" lease_token="1790431787_eoa_0x1234_137_1_SlnXGoyomuqqcN506wPpk" worker_count=1
2026-09-26T14:09:47.648209Z  WARN prune_race_condition: Job processing started job_id="eoa_0x1234_137" lease_token="1790431787_eoa_0x1234_137_1_G1QW83Y0f0sUB7_DdoeCk" worker_count=1
2026-09-26T14:09:47.748170Z  WARN prune_race_condition: Job processing started job_id="eoa_0x1234_137" lease_token="1790431787_eoa_0x1234_137_1_ktfTZdNEnULUuhwDyhWCn" worker_count=1
2026-09-26T14:09:47.847557Z  WARN prune_race_condition: Job processing started job_id="eoa_0x1234_137" lease_token="1790431787_eoa_0x1234_137_1_y5oqeXvlw1zbseYt0y8su" worker_count=1
2026-09-26T14:09:47.947627Z  WARN prune_race_condition: Job processing started job_id="eoa_0x1234_137" lease_token="1790431787_eoa_0x1234_137_1_brdRle8ZO2i7d2mp4h3NN" worker_count=1
2026-09-26T14:09:48.001117Z  WARN prune_race_condition: Job processing started job_id="eoa_0x1234_137" lease_token="1790431788_eoa_0x1234_137_1_hT7WzjS6PiH_QKaIoVnGC" worker_count=1
2026-09-26T14:09:48.147037Z  WARN prune_race_condition: Job processing started job_id="eoa_0x1234_137" lease_token="1790431788_eoa_0x1234_137_1_BDBH8JpqlB6g_OAvyjE4M" worker_count=1
2026-09-26T14:09:48.248171Z  WARN prune_race_condition: Job processing started job_id="eoa_0x1234_137" lease_token="1790431788_eoa_0x1234_137_1_fHySOTBrNgtJZOSJUXOyJ" worker_count=1
2026-09-26T14:09:48.347884Z  WARN prune_race_condition: Job processing started job_id="eoa_0x1234_137" lease_token="1790431788_eoa_0x1234_137_1_AEBANDPzxd2jI64T_a8tM" worker_count=1
2026-09-26T14:09:48.401371Z  WARN prune_race_condition: Job processing started job_id="eoa_0x1234_137" lease_token="1790431788_eoa_0x1234_137_1_6r21bYg2nvgqJaBH4RPfy" worker_count=1
2026-09-26T14:09:48.455009Z  WARN prune_race_condition: Job processing started job_id="eoa_0x1234_137" lease_token="1790431788_eoa_0x1234_137_1_qKOb8o46HBakOBDqt5yqO" worker_count=1
2026-09-26T14:09:48.549894Z  WARN prune_race_condition: Job processing started job_id="eoa_0x1234_137" lease_token="1790431788_eoa_0x1234_137_1_O31q4wmZkmx3aBRMjlC3j" worker_count=1
2026-09-26T14:09:48.649874Z  WARN prune_race_condition: Job processing started job_id="eoa_0x1234_137" lease_token="1790431788_eoa_0x1234_137_1_b4I1Mh5-O9eplM-LUvKw4" worker_count=1
2026-09-26T14:09:48.704690Z  WARN prune_race_condition: Job processing started job_id="eoa_0x1234_137" lease_token="1790431788_eoa_0x1234_137_1_zoOM2VPuCXAJ82VP8lbtl" worker_count=1
2026-09-26T14:09:48.848902Z  WARN prune_race_condition: Job processing started job_id="eoa_0x1234_137" lease_token="1790431788_eoa_0x1234_137_1_sIfPlUrL9B3hC0FoYr_QQ" worker_count=1
2026-09-26T14:09:48.902702Z  WARN prune_race_condition: Job processing started job_id="eoa_0x1234_137" lease_token="1790431788_eoa_0x1234_137_1_wg2ggoZ7_gY8CbkOVVyyz" worker_count=1
2026-09-26T14:09:48.956455Z  WARN prune_race_condition: Job processing started job_id="eoa_0x1234_137" lease_token="1790431788_eoa_0x1234_137_1_QixQlE9kO3OZm-y5CWVtC" worker_count=1
2026-09-26T14:09:49.049188Z  WARN prune_race_condition: Job processing started job_id="eoa_0x1234_137" lease_token="1790431789_eoa_0x1234_137_1_B7zBN4dwCS8QzOsCUUll5" worker_count=1
2026-09-26T14:09:49.147498Z  WARN prune_race_condition: Job processing started job_id="eoa_0x1234_137" lease_token="1790431789_eoa_0x1234_137_1_mhkUkfqcl3H-Fdkgikb4J" worker_count=1
2026-09-26T14:09:49.248991Z  WARN prune_race_condition: Job processing started job_id="eoa_0x1234_137" lease_token="1790431789_eoa_0x1234_137_1_qSjwtAHyKic0YJk0rycWC" worker_count=1
2026-09-26T14:09:49.349238Z  WARN prune_race_condition: Job processing started job_id="eoa_0x1234_137" lease_token="1790431789_eoa_0x1234_137_1_Xj3rpT2EG-mSLcH0DYXVS" worker_count=1
2026-09-26T14:09:49.450179Z  WARN prune_race_condition: Job processing started job_id="eoa_0x1234_137" lease_token="1790431789_eoa_0x1234_137_1_WVXn7b_JxvkyHXUz1nDvA" worker_count=1
2026-09-26T14:09:49.547571Z  WARN prune_race_condition: Job processing started job_id="eoa_0x1234_137" lease_token="1790431789_eoa_0x1234_137_1_TSqnK5CmCvQ7_D_KQC0rp" worker_count=1
2026-09-26T14:09:49.646874Z  WARN prune_race_condition: Job processing started job_id="eoa_0x1234_137" lease_token="1790431789_eoa_0x1234_137_1_fY83-pXW2RByJVld5ABZZ" worker_count=1
2026-09-26T14:09:49.747209Z  WARN prune_race_condition: Job processing started job_id="eoa_0x1234_137" lease_token="1790431789_eoa_0x1234_137_1_jdviPY94sHWcvgwXCUvYc" worker_count=1
2026-09-26T14:09:49.847297Z  WARN prune_race_condition: Job processing started job_id="eoa_0x1234_137" lease_token="1790431789_eoa_0x1234_137_1_Ow2XbdknA4Clco9BwUwsl" worker_count=1
2026-09-26T14:09:49.948007Z  WARN prune_race_condition: Job processing started job_id="eoa_0x1234_137" lease_token="1790431789_eoa_0x1234_137_1_WAcrzstXA1-ZlZo_VwlIM" worker_count=1
2026-09-26T14:09:50.047535Z  WARN prune_race_condition: Job processing started job_id="eoa_0x1234_137" lease_token="1790431790_eoa_0x1234_137_1_mpi6voGjC9GBYW1lkTrzt" worker_count=1
2026-09-26T14:09:50.147391Z  WARN prune_race_condition: Job processing started job_id="eoa_0x1234_137" lease_token="1790431790_eoa_0x1234_137_1_iUiVewuVlSEQYdsunm2cg" worker_count=1
2026-09-26T14:09:50.248533Z  WARN prune_race_condition: Job processing started job_id="eoa_0x1234_137" lease_token="1790431790_eoa_0x1234_137_1_Uy9rsrOsuGtCO_NfttioL" worker_count=1
2026-09-26T14:09:50.347159Z  WARN prune_race_condition: Job processing started job_id="eoa_0x1234_137" lease_token="1790431790_eoa_0x1234_137_1_3Rzcx8HvshIg4hZcl5ipK" worker_count=1
2026-09-26T14:09:50.449217Z  WARN prune_race_condition: Job processing started job_id="eoa_0x1234_137" lease_token="1790431790_eoa_0x1234_137_1_BPRGuS1-nUPY_kVCXPOTf" worker_count=1
2026-09-26T14:09:50.547690Z  WARN prune_race_condition: Job processing started job_id="eoa_0x1234_137" lease_token="1790431790_eoa_0x1234_137_1_7J4LegZR-a9wVjX2YA2Ax" worker_count=1
2026-09-26T14:09:50.648284Z  WARN prune_race_condition: Job processing started job_id="eoa_0x1234_137" lease_token="1790431790_eoa_0x1234_137_1_Ui3AKNwPi6mxuCdBcyFMv" worker_count=1
2026-09-26T14:09:50.701007Z  WARN prune_race_condition: Job processing started job_id="eoa_0x1234_137" lease_token="1790431790_eoa_0x1234_137_1_u_czWlSuSkAcSm-zB00-Y" worker_count=1
2026-09-26T14:09:50.847926Z  WARN prune_race_condition: Job processing started job_id="eoa_0x1234_137" lease_token="1790431790_eoa_0x1234_137_1_NjDnnDVEvWfimb6SuTGA8" worker_count=1
2026-09-26T14:09:50.948520Z  WARN prune_race_condition: Job processing started job_id="eoa_0x1234_137" lease_token="1790431790_eoa_0x1234_137_1_LXLf_QsbArroV777I8xWA" worker_count=1
2026-09-26T14:09:51.047651Z  WARN prune_race_condition: Job processing started job_id="eoa_0x1234_137" lease_token="1790431791_eoa_0x1234_137_1_YLbgT1jl4j4wnrRi5xQN7" worker_count=1
2026-09-26T14:09:51.147618Z  WARN prune_race_condition: Job processing started job_id="eoa_0x1234_137" lease_token="1790431791_eoa_0x1234_137_1_euql8Jz58YbTodGL_QUoS" worker_count=1
2026-09-26T14:09:51.249245Z  WARN prune_race_condition: Job processing started job_id="eoa_0x1234_137" lease_token="1790431791_eoa_0x1234_137_1_TodQKWplfoQDVw30lJv6f" worker_count=1
2026-09-26T14:09:51.302175Z  WARN prune_race_condition: Job processing started job_id="eoa_0x1234_137" lease_token="1790431791_eoa_0x1234_137_1_ON9JPPDrwbi6434pYj07G" worker_count=1
2026-09-26T14:09:51.355590Z  WARN prune_race_condition: Job processing started job_id="eoa_0x1234_137" lease_token="1790431791_eoa_0x1234_137_1_DY1AU4k5eA38AJBqjJ94W" worker_count=1
2026-09-26T14:09:51.450290Z  WARN prune_race_condition: Job processing started job_id="eoa_0x1234_137" lease_token="1790431791_eoa_0x1234_137_1_03SKn1vuE7aQIvnmaExTS" worker_count=1
2026-09-26T14:09:51.504798Z  WARN prune_race_condition: Job processing started job_id="eoa_0x1234_137" lease_token="1790431791_eoa_0x1234_137_1_dsI85vIa04_ePBEIpynVy" worker_count=1
2026-09-26T14:09:51.560259Z  WARN prune_race_condition: Job processing started job_id="eoa_0x1234_137" lease_token="1790431791_eoa_0x1234_137_1_jmg26ckroI2xVV2vCOnr-" worker_count=1
2026-09-26T14:09:51.648933Z  WARN prune_race_condition: Job processing started job_id="eoa_0x1234_137" lease_token="1790431791_eoa_0x1234_137_1_PnmZDrxhZjMTQGQaXWGH9" worker_count=1
2026-09-26T14:09:51.747678Z  WARN prune_race_condition: Job processing started job_id="eoa_0x1234_137" lease_token="1790431791_eoa_0x1234_137_1_W4fQ7lP1NllY8UYvLtfz1" worker_count=1
2026-09-26T14:09:51.848242Z  WARN prune_race_condition: Job processing started job_id="eoa_0x1234_137" lease_token="1790431791_eoa_0x1234_137_1_-NIZ6yypp-auDZkXxhWUX" worker_count=1
2026-09-26T14:09:51.948093Z  WARN prune_race_condition: Job processing started job_id="eoa_0x1234_137" lease_token="1790431791_eoa_0x1234_137_1_SK_vvbj2HlQ6CACsKnArU" worker_count=1
2026-09-26T14:09:52.047912Z  WARN prune_race_condition: Job processing started job_id="eoa_0x1234_137" lease_token="1790431792_eoa_0x1234_137_1_pn1l2m_PhATV4f-11MOW7" worker_count=1
2026-09-26T14:09:52.147274Z  WARN prune_race_condition: Job processing started job_id="eoa_0x1234_137" lease_token="1790431792_eoa_0x1234_137_1_IW3pqsS6wJs4h_5Qh9-_N" worker_count=1
2026-09-26T14:09:52.247447Z  WARN prune_race_condition: Job processing started job_id="eoa_0x1234_137" lease_token="1790431792_eoa_0x1234_137_1_tlNe7Um8LJ2Bi18JbKAcQ" worker_count=1
2026-09-26T14:09:52.347493Z  WARN prune_race_condition: Job processing started job_id="eoa_0x1234_137" lease_token="1790431792_eoa_0x1234_137_1_0O9i7Je1cCgVR0vMePS2f" worker_count=1
2026-09-26T14:09:52.448110Z  WARN prune_race_condition: Job processing started job_id="eoa_0x1234_137" lease_token="1790431792_eoa_0x1234_137_1_ImRmgeGCUFTe474gHL52m" worker_count=1
2026-09-26T14:09:52.548203Z  WARN prune_race_condition: Job processing started job_id="eoa_0x1234_137" lease_token="1790431792_eoa_0x1234_137_1_Ii7oMHIkhLJ6DOB31PZXL" worker_count=1
2026-09-26T14:09:52.648842Z  WARN prune_race_condition: Job processing started job_id="eoa_0x1234_137" lease_token="1790431792_eoa_0x1234_137_1_SRH_wCoP5T15w260zoxPv" worker_count=1
2026-09-26T14:09:52.747438Z  WARN prune_race_condition: Job processing started job_id="eoa_0x1234_137" lease_token="1790431792_eoa_0x1234_137_1_ARwrZupqsosfDbXoZhAJ0" worker_count=1
2026-09-26T14:09:52.848179Z  WARN prune_race_condition: Job processing started job_id="eoa_0x1234_137" lease_token="1790431792_eoa_0x1234_137_1_GwFadv_B6wJOwpj81j1R4" worker_count=1
2026-09-26T14:09:52.948049Z  WARN prune_race_condition: Job processing started job_id="eoa_0x1234_137" lease_token="1790431792_eoa_0x1234_137_1_ocw7ydpuhgUIyp3b635rb" worker_count=1
2026-09-26T14:09:53.048512Z  WARN prune_race_condition: Job processing started job_id="eoa_0x1234_137" lease_token="1790431793_eoa_0x1234_137_1_xhwWw-AJDXJmXYw1fqcXh" worker_count=1
2026-09-26T14:09:53.148650Z  WARN prune_race_condition: Job processing started job_id="eoa_0x1234_137" lease_token="1790431793_eoa_0x1234_137_1_HJeUAc4vbe-pFUBG8U0sa" worker_count=1
2026-09-26T14:09:53.247742Z  WARN prune_race_condition: Job processing started job_id="eoa_0x1234_137" lease_token="1790431793_eoa_0x1234_137_1_v8-mxf1Uv8FSnAP32Pp_S" worker_count=1
2026-09-26T14:09:53.349171Z  WARN prune_race_condition: Job processing started job_id="eoa_0x1234_137" lease_token="1790431793_eoa_0x1234_137_1_9lOVrv5mGXY7Bd3b8jw4p" worker_count=1
2026-09-26T14:09:53.404114Z  WARN prune_race_condition: Job processing started job_id="eoa_0x1234_137" lease_token="1790431793_eoa_0x1234_137_1_pr2w80Xz7_WZ5sPE7TMAX" worker_count=1
2026-09-26T14:09:53.548356Z  WARN prune_race_condition: Job processing started job_id="eoa_0x1234_137" lease_token="1790431793_eoa_0x1234_137_1_XprkMC67aByjk8yBEYsoO" worker_count=1
2026-09-26T14:09:53.648241Z  WARN prune_race_condition: Job processing started job_id="eoa_0x1234_137" lease_token="1790431793_eoa_0x1234_137_1_jVdTr4MA7hP9stTNJl4Sv" worker_count=1
2026-09-26T14:09:53.748103Z  WARN prune_race_condition: Job processing started job_id="eoa_0x1234_137" lease_token="1790431793_eoa_0x1234_137_1_iQh1Ghr_5lNAtzsHwEpdz" worker_count=1
2026-09-26T14:09:53.848745Z  WARN prune_race_condition: Job processing started job_id="eoa_0x1234_137" lease_token="1790431793_eoa_0x1234_137_1_n0rRsZDdXez9setceMjoV" worker_count=1
2026-09-26T14:09:53.947268Z  WARN prune_race_condition: Job processing started job_id="eoa_0x1234_137" lease_token="1790431793_eoa_0x1234_137_1_KNNRzXTwqxXHUsyf4Cfwa" worker_count=1
2026-09-26T14:09:54.047495Z  WARN prune_race_condition: Job processing started job_id="eoa_0x1234_137" lease_token="1790431794_eoa_0x1234_137_1_lqFjf2-JE9SuAWM7Dc_Es" worker_count=1
2026-09-26T14:09:54.148602Z  WARN prune_race_condition: Job processing started job_id="eoa_0x1234_137" lease_token="1790431794_eoa_0x1234_137_1_eL4H88FJ9iY0btmW2uLJa" worker_count=1
2026-09-26T14:09:54.247743Z  WARN prune_race_condition: Job processing started job_id="eoa_0x1234_137" lease_token="1790431794_eoa_0x1234_137_1_df0nrO8hl_M-TzxNHquT1" worker_count=1
2026-09-26T14:09:54.347850Z  WARN prune_race_condition: Job processing started job_id="eoa_0x1234_137" lease_token="1790431794_eoa_0x1234_137_1_G4amGNTP-83y91vvX0K45" worker_count=1
2026-09-26T14:09:54.401202Z  WARN prune_race_condition: Job processing started job_id="eoa_0x1234_137" lease_token="1790431794_eoa_0x1234_137_1_zlsxD2-rWSjAmjoa8iWUc" worker_count=1
2026-09-26T14:09:54.547921Z  WARN prune_race_condition: Job processing started job_id="eoa_0x1234_137" lease_token="1790431794_eoa_0x1234_137_1_rh8OOo-zIznE5hdH-hhco" worker_count=1
2026-09-26T14:09:54.648270Z  WARN prune_race_condition: Job processing started job_id="eoa_0x1234_137" lease_token="1790431794_eoa_0x1234_137_1_CaWpN5x5MlZnQybECx99D" worker_count=1
2026-09-26T14:09:54.747842Z  WARN prune_race_condition: Job processing started job_id="eoa_0x1234_137" lease_token="1790431794_eoa_0x1234_137_1_7B86bNZpC6lqspy4qcD-g" worker_count=1
2026-09-26T14:09:54.848135Z  WARN prune_race_condition: Job processing started job_id="eoa_0x1234_137" lease_token="1790431794_eoa_0x1234_137_1_YonKKrPL6Vu-wFqQqftlX" worker_count=1
2026-09-26T14:09:54.948215Z  WARN prune_race_condition: Job processing started job_id="eoa_0x1234_137" lease_token="1790431794_eoa_0x1234_137_1_WEvYsaI_4lOKmKatKsIDM" worker_count=1
2026-09-26T14:09:55.047404Z  WARN prune_race_condition: Job processing started job_id="eoa_0x1234_137" lease_token="1790431795_eoa_0x1234_137_1_1lssmldjOxfLbFWOpcoCd" worker_count=1
2026-09-26T14:09:55.147238Z  WARN prune_race_condition: Job processing started job_id="eoa_0x1234_137" lease_token="1790431795_eoa_0x1234_137_1_cOsT88B_Uz9mlxbzLnRqb" worker_count=1
2026-09-26T14:09:55.247843Z  WARN prune_race_condition: Job processing started job_id="eoa_0x1234_137" lease_token="1790431795_eoa_0x1234_137_1_2tgS2qwj8liJD-WB1EbMB" worker_count=1
2026-09-26T14:09:55.348044Z  WARN prune_race_condition: Job processing started job_id="eoa_0x1234_137" lease_token="1790431795_eoa_0x1234_137_1_GX6gbBZm3nomwo_0RRDcO" worker_count=1
2026-09-26T14:09:55.449045Z  WARN prune_race_condition: Job processing started job_id="eoa_0x1234_137" lease_token="1790431795_eoa_0x1234_137_1_XkwdV5CntuxBDtusbNXzr" worker_count=1
2026-09-26T14:09:55.549290Z  WARN prune_race_condition: Job processing started job_id="eoa_0x1234_137" lease_token="1790431795_eoa_0x1234_137_1_Jda38mE0IrquaUun9wJmW" worker_count=1
2026-09-26T14:09:55.650101Z  WARN prune_race_condition: Job processing started job_id="eoa_0x1234_137" lease_token="1790431795_eoa_0x1234_137_1_gb82dhcXGDa59lUUWl2_L" worker_count=1
2026-09-26T14:09:55.747632Z  WARN prune_race_condition: Job processing started job_id="eoa_0x1234_137" lease_token="1790431795_eoa_0x1234_137_1_PaKMUlhw3BiAHUAndAAaw" worker_count=1
2026-09-26T14:09:55.848209Z  WARN prune_race_condition: Job processing started job_id="eoa_0x1234_137" lease_token="1790431795_eoa_0x1234_137_1_b2uoh0uI8GgnECxjUMIyw" worker_count=1
2026-09-26T14:09:55.949245Z  WARN prune_race_condition: Job processing started job_id="eoa_0x1234_137" lease_token="1790431795_eoa_0x1234_137_1_ik6-4bZEyauFLtKIlLeZp" worker_count=1
2026-09-26T14:09:56.049032Z  WARN prune_race_condition: Job processing started job_id="eoa_0x1234_137" lease_token="1790431796_eoa_0x1234_137_1_uXsw8vbt5DCuz1Jz_gn0O" worker_count=1
2026-09-26T14:09:56.148688Z  WARN prune_race_condition: Job processing started job_id="eoa_0x1234_137" lease_token="1790431796_eoa_0x1234_137_1_TQXMnLt56MwGNA9BICmY-" worker_count=1
2026-09-26T14:09:56.247206Z  WARN prune_race_condition: Job processing started job_id="eoa_0x1234_137" lease_token="1790431796_eoa_0x1234_137_1_0LuapGDa7TAhbh-HZCamf" worker_count=1
2026-09-26T14:09:56.347313Z  WARN prune_race_condition: Job processing started job_id="eoa_0x1234_137" lease_token="1790431796_eoa_0x1234_137_1_LY7yiF4X-7UwTns8X8z5S" worker_count=1
2026-09-26T14:09:56.448021Z  WARN prune_race_condition: Job processing started job_id="eoa_0x1234_137" lease_token="1790431796_eoa_0x1234_137_1_VoLSdY2RzQ8aSlycnolYL" worker_count=1
2026-09-26T14:09:56.547530Z  WARN prune_race_condition: Job processing started job_id="eoa_0x1234_137" lease_token="1790431796_eoa_0x1234_137_1_hDcl9h1fIKtJ-asIX4jin" worker_count=1
2026-09-26T14:09:56.647413Z  WARN prune_race_condition: Job processing started job_id="eoa_0x1234_137" lease_token="1790431796_eoa_0x1234_137_1_M1d6a0JJ_AKVS3zk6WBVN" worker_count=1
2026-09-26T14:09:56.747807Z  WARN prune_race_condition: Job processing started job_id="eoa_0x1234_137" lease_token="1790431796_eoa_0x1234_137_1_6Spi-q9MN04DAVKI21klG" worker_count=1
2026-09-26T14:09:56.847717Z  WARN prune_race_condition: Job processing started job_id="eoa_0x1234_137" lease_token="1790431796_eoa_0x1234_137_1_I2SutILGUFSAmNRo9RzaY" worker_count=1
2026-09-26T14:09:56.948975Z  WARN prune_race_condition: Job processing started job_id="eoa_0x1234_137" lease_token="1790431796_eoa_0x1234_137_1_egLRNCZYbuRLL6MwPsVc0" worker_count=1
2026-09-26T14:09:57.048711Z  WARN prune_race_condition: Job processing started job_id="eoa_0x1234_137" lease_token="1790431797_eoa_0x1234_137_1_ontsxlNVaPy9pxs3YssSD" worker_count=1
2026-09-26T14:09:57.147651Z  WARN prune_race_condition: Job processing started job_id="eoa_0x1234_137" lease_token="1790431797_eoa_0x1234_137_1_o_IawWWKZ_QMkOt9ghMGX" worker_count=1
2026-09-26T14:09:57.247755Z  WARN prune_race_condition: Job processing started job_id="eoa_0x1234_137" lease_token="1790431797_eoa_0x1234_137_1_h0mY2TN3IxNhLIkbVxdrB" worker_count=1
2026-09-26T14:09:57.348746Z  WARN prune_race_condition: Job processing started job_id="eoa_0x1234_137" lease_token="1790431797_eoa_0x1234_137_1_Tmbn7aMqWWf4UeiRk5sBQ" worker_count=1
2026-09-26T14:09:57.448119Z  WARN prune_race_condition: Job processing started job_id="eoa_0x1234_137" lease_token="1790431797_eoa_0x1234_137_1_UCBxSw_sk9tscpM95F2FB" worker_count=1
2026-09-26T14:09:57.547220Z  WARN prune_race_condition: Job processing started job_id="eoa_0x1234_137" lease_token="1790431797_eoa_0x1234_137_1_SwZtW56Xc0LqB1TMi4NwZ" worker_count=1
2026-09-26T14:09:57.647208Z  WARN prune_race_condition: Job processing started job_id="eoa_0x1234_137" lease_token="1790431797_eoa_0x1234_137_1_rg7mVtA_8YQoB3SIjjv2m" worker_count=1
2026-09-26T14:09:57.749572Z  WARN prune_race_condition: Job processing started job_id="eoa_0x1234_137" lease_token="1790431797_eoa_0x1234_137_1_J8GudmKn9Hq0ZxexbdtTY" worker_count=1
2026-09-26T14:09:57.850224Z  WARN prune_race_condition: Job processing started job_id="eoa_0x1234_137" lease_token="1790431797_eoa_0x1234_137_1_j4_V4Ga88-WfcUxFCGZ0T" worker_count=1
2026-09-26T14:09:57.904847Z  WARN prune_race_condition: Job processing started job_id="eoa_0x1234_137" lease_token="1790431797_eoa_0x1234_137_1_E2yKBujqWvRNpPpr-ek9m" worker_count=1
2026-09-26T14:09:58.049147Z  WARN prune_race_condition: Job processing started job_id="eoa_0x1234_137" lease_token="1790431798_eoa_0x1234_137_1_0OwHjpAMujPT-mapOaulz" worker_count=1
2026-09-26T14:09:58.148097Z  WARN prune_race_condition: Job processing started job_id="eoa_0x1234_137" lease_token="1790431798_eoa_0x1234_137_1_9OQPKOjflIsENUUOmCQvE" worker_count=1
2026-09-26T14:09:58.247491Z  WARN prune_race_condition: Job processing started job_id="eoa_0x1234_137" lease_token="1790431798_eoa_0x1234_137_1_eOUr-lHziHKh6i6yQ1RX-" worker_count=1
2026-09-26T14:09:58.300783Z  WARN prune_race_condition: Job processing started job_id="eoa_0x1234_137" lease_token="1790431798_eoa_0x1234_137_1_TUVYYJ9p-U2WzNp1pcjdx" worker_count=1
2026-09-26T14:09:58.448294Z  WARN prune_race_condition: Job processing started job_id="eoa_0x1234_137" lease_token="1790431798_eoa_0x1234_137_1_wyLt3ImK-cWAXNlCSSIlD" worker_count=1
2026-09-26T14:09:58.548717Z  WARN prune_race_condition: Job processing started job_id="eoa_0x1234_137" lease_token="1790431798_eoa_0x1234_137_1_6sFQHqKKj8oGtu5Ygaw40" worker_count=1
2026-09-26T14:09:58.646924Z  WARN prune_race_condition: Job processing started job_id="eoa_0x1234_137" lease_token="1790431798_eoa_0x1234_137_1_6tWQA4vLz88mFFgHT9rLT" worker_count=1
2026-09-26T14:09:58.747825Z  WARN prune_race_condition: Job processing started job_id="eoa_0x1234_137" lease_token="1790431798_eoa_0x1234_137_1_ttTNDwI5m9ROv6wcYx713" worker_count=1
2026-09-26T14:09:58.847943Z  WARN prune_race_condition: Job processing started job_id="eoa_0x1234_137" lease_token="1790431798_eoa_0x1234_137_1_W-C395FQM3ow0J2bP4OTA" worker_count=1
2026-09-26T14:09:58.948116Z  WARN prune_race_condition: Job processing started job_id="eoa_0x1234_137" lease_token="1790431798_eoa_0x1234_137_1_smlEf7P-8hSUyVIzkhJgr" worker_count=1
2026-09-26T14:09:59.048503Z  WARN prune_race_condition: Job processing started job_id="eoa_0x1234_137" lease_token="1790431799_eoa_0x1234_137_1_2ITFqoHLAlAn097eriu8p" worker_count=1
2026-09-26T14:09:59.147792Z  WARN prune_race_condition: Job processing started job_id="eoa_0x1234_137" lease_token="1790431799_eoa_0x1234_137_1_Eh1_avzCZMbXA0JtQz2Wb" worker_count=1
2026-09-26T14:09:59.248469Z  WARN prune_race_condition: Job processing started job_id="eoa_0x1234_137" lease_token="1790431799_eoa_0x1234_137_1_dKAM5cTbEK7IRgvMcAMwp" worker_count=1
2026-09-26T14:09:59.348064Z  WARN prune_race_condition: Job processing started job_id="eoa_0x1234_137" lease_token="1790431799_eoa_0x1234_137_1_NVh7ZX8BgwudIIbGwLRV2" worker_count=1
2026-09-26T14:09:59.447660Z  WARN prune_race_condition: Job processing started job_id="eoa_0x1234_137" lease_token="1790431799_eoa_0x1234_137_1_Gr7UfPsp_eDiBEF6BUEwD" worker_count=1
2026-09-26T14:09:59.547739Z  WARN prune_race_condition: Job processing started job_id="eoa_0x1234_137" lease_token="1790431799_eoa_0x1234_137_1_sKxuycfa56M1H3tnl2l11" worker_count=1
2026-09-26T14:09:59.647826Z  WARN prune_race_condition: Job processing started job_id="eoa_0x1234_137" lease_token="1790431799_eoa_0x1234_137_1_kSp5yYtcLYXNreA_IaDCo" worker_count=1
2026-09-26T14:09:59.747502Z  WARN prune_race_condition: Job processing started job_id="eoa_0x1234_137" lease_token="1790431799_eoa_0x1234_137_1_Ktx2FVuOCnVCkt7DkgQwY" worker_count=1
2026-09-26T14:09:59.848080Z  WARN prune_race_condition: Job processing started job_id="eoa_0x1234_137" lease_token="1790431799_eoa_0x1234_137_1_RfNapsFW67V62XbRnzytT" worker_count=1
2026-09-26T14:09:59.949435Z  WARN prune_race_condition: Job processing started job_id="eoa_0x1234_137" lease_token="1790431799_eoa_0x1234_137_1_zmpVwaQthUc4mxznhObK-" worker_count=1
2026-09-26T14:10:00.046986Z  WARN prune_race_condition: Job processing started job_id="eoa_0x1234_137" lease_token="1790431800_eoa_0x1234_137_1_iwriCe4CAcpY0d2CpnDsq" worker_count=1
2026-09-26T14:10:00.147519Z  WARN prune_race_condition: Job processing started job_id="eoa_0x1234_137" lease_token="1790431800_eoa_0x1234_137_1_aRpPhvog-8Bcxcl_oazqZ" worker_count=1
2026-09-26T14:10:00.248218Z  WARN prune_race_condition: Job processing started job_id="eoa_0x1234_137" lease_token="1790431800_eoa_0x1234_137_1_TPZdvNkO5MgziE7lw2k6p" worker_count=1
2026-09-26T14:10:00.349432Z  WARN prune_race_condition: Job processing started job_id="eoa_0x1234_137" lease_token="1790431800_eoa_0x1234_137_1_bowj384d5nvLmT-K_gEJ6" worker_count=1
2026-09-26T14:10:00.449772Z  WARN prune_race_condition: Job processing started job_id="eoa_0x1234_137" lease_token="1790431800_eoa_0x1234_137_1_HnTQh7EUG5MhQDE2Zs3Ej" worker_count=1
2026-09-26T14:10:00.549143Z  WARN prune_race_condition: Job processing started job_id="eoa_0x1234_137" lease_token="1790431800_eoa_0x1234_137_1_NyE0X0EaJrml5LC4yowxY" worker_count=1
2026-09-26T14:10:00.648536Z  WARN prune_race_condition: Job processing started job_id="eoa_0x1234_137" lease_token="1790431800_eoa_0x1234_137_1_HTJVyArv8iL6j5adj4cSI" worker_count=1
2026-09-26T14:10:00.747379Z  WARN prune_race_condition: Job processing started job_id="eoa_0x1234_137" lease_token="1790431800_eoa_0x1234_137_1_uHgmsHen3IAhT9couWaax" worker_count=1
2026-09-26T14:10:00.847260Z  WARN prune_race_condition: Job processing started job_id="eoa_0x1234_137" lease_token="1790431800_eoa_0x1234_137_1_zw0_Fi9FIsz8St7_uMLDG" worker_count=1
2026-09-26T14:10:00.899881Z  WARN prune_race_condition: Job processing started job_id="eoa_0x1234_137" lease_token="1790431800_eoa_0x1234_137_1_2IOn2O7xznuXne_ohFi7x" worker_count=1
2026-09-26T14:10:01.047968Z  WARN prune_race_condition: Job processing started job_id="eoa_0x1234_137" lease_token="1790431801_eoa_0x1234_137_1_5Pi7MvzJNjnYQ6GpakLut" worker_count=1
2026-09-26T14:10:01.148767Z  WARN prune_race_condition: Job processing started job_id="eoa_0x1234_137" lease_token="1790431801_eoa_0x1234_137_1_W0C30C7g0Otvi5IsSs8wh" worker_count=1
2026-09-26T14:10:01.247766Z  WARN prune_race_condition: Job processing started job_id="eoa_0x1234_137" lease_token="1790431801_eoa_0x1234_137_1_al328yGWI9JMT4GxFSXXM" worker_count=1
2026-09-26T14:10:01.347672Z  WARN prune_race_condition: Job processing started job_id="eoa_0x1234_137" lease_token="1790431801_eoa_0x1234_137_1_p5pCC3WYWVh9U51KdKcsM" worker_count=1
2026-09-26T14:10:01.448695Z  WARN prune_race_condition: Job processing started job_id="eoa_0x1234_137" lease_token="1790431801_eoa_0x1234_137_1__iQLn7ycIpN_7lHuCTn3R" worker_count=1
2026-09-26T14:10:01.548958Z  WARN prune_race_condition: Job processing started job_id="eoa_0x1234_137" lease_token="1790431801_eoa_0x1234_137_1_hU9HKoZ61VOXiEajiPeC7" worker_count=1
2026-09-26T14:10:01.602420Z  WARN prune_race_condition: Job processing started job_id="eoa_0x1234_137" lease_token="1790431801_eoa_0x1234_137_1_dgSP0iMDslROuBM5zqzAl" worker_count=1
2026-09-26T14:10:01.655487Z  WARN prune_race_condition: Job processing started job_id="eoa_0x1234_137" lease_token="1790431801_eoa_0x1234_137_1_BrMWjCWwvMqp5eBvKkkqg" worker_count=1
2026-09-26T14:10:01.709078Z  WARN prune_race_condition: Job processing started job_id="eoa_0x1234_137" lease_token="1790431801_eoa_0x1234_137_1_lRLPWw2Lqa0MAn1oWe-fY" worker_count=1
2026-09-26T14:10:01.848888Z  WARN prune_race_condition: Job processing started job_id="eoa_0x1234_137" lease_token="1790431801_eoa_0x1234_137_1_VoTGOo281F6kUOAWat6Nm" worker_count=1
2026-09-26T14:10:01.948684Z  WARN prune_race_condition: Job processing started job_id="eoa_0x1234_137" lease_token="1790431801_eoa_0x1234_137_1_VqQAJFgsvCVpaZ3tzp0Ev" worker_count=1
2026-09-26T14:10:02.048794Z  WARN prune_race_condition: Job processing started job_id="eoa_0x1234_137" lease_token="1790431802_eoa_0x1234_137_1_SKl6gdeTBC4qt6MkZo6MD" worker_count=1
2026-09-26T14:10:02.148756Z  WARN prune_race_condition: Job processing started job_id="eoa_0x1234_137" lease_token="1790431802_eoa_0x1234_137_1_RvIBrEic82uMUxKlqpmp3" worker_count=1
2026-09-26T14:10:02.248612Z  WARN prune_race_condition: Job processing started job_id="eoa_0x1234_137" lease_token="1790431802_eoa_0x1234_137_1_Ii-7GM9-irnJDuvFJRiK_" worker_count=1
2026-09-26T14:10:02.347838Z  WARN prune_race_condition: Job processing started job_id="eoa_0x1234_137" lease_token="1790431802_eoa_0x1234_137_1_z25KBYeRGWM8KrMr5rK51" worker_count=1
2026-09-26T14:10:02.449927Z  WARN prune_race_condition: Job processing started job_id="eoa_0x1234_137" lease_token="1790431802_eoa_0x1234_137_1_U1e2DVeH9jnpL6fsl86-U" worker_count=1
2026-09-26T14:10:02.548033Z  WARN prune_race_condition: Job processing started job_id="eoa_0x1234_137" lease_token="1790431802_eoa_0x1234_137_1_ARR26ber7XLm0WpmnVR-0" worker_count=1
2026-09-26T14:10:02.648869Z  WARN prune_race_condition: Job processing started job_id="eoa_0x1234_137" lease_token="1790431802_eoa_0x1234_137_1_Yk4uU-Lm9vHqV2rG9uPbY" worker_count=1
2026-09-26T14:10:02.748860Z  WARN prune_race_condition: Job processing started job_id="eoa_0x1234_137" lease_token="1790431802_eoa_0x1234_137_1_8zZBtd_SEUtnvAyoVftvC" worker_count=1
2026-09-26T14:10:02.848071Z  WARN prune_race_condition: Job processing started job_id="eoa_0x1234_137" lease_token="1790431802_eoa_0x1234_137_1_vH0dgyV2rHH6djbLjwiNc" worker_count=1
2026-09-26T14:10:02.948119Z  WARN prune_race_condition: Job processing started job_id="eoa_0x1234_137" lease_token="1790431802_eoa_0x1234_137_1_92Kjr_sXi7Wu5UmCYqZUM" worker_count=1
2026-09-26T14:10:03.048646Z  WARN prune_race_condition: Job processing started job_id="eoa_0x1234_137" lease_token="1790431803_eoa_0x1234_137_1_npfhfDHT8cJ7LzQj07G2M" worker_count=1
2026-09-26T14:10:03.148154Z  WARN prune_race_condition: Job processing started job_id="eoa_0x1234_137" lease_token="1790431803_eoa_0x1234_137_1_E0aPgfTYRA6eFV7sfzWRv" worker_count=1
2026-09-26T14:10:03.201174Z  WARN prune_race_condition: Job processing started job_id="eoa_0x1234_137" lease_token="1790431803_eoa_0x1234_137_1_Lv3PqsRUvk-Cx8VMfH1oG" worker_count=1
2026-09-26T14:10:03.347962Z  WARN prune_race_condition: Job processing started job_id="eoa_0x1234_137" lease_token="1790431803_eoa_0x1234_137_1_9z0G1wv2fM19zHwQ0U6bZ" worker_count=1
2026-09-26T14:10:03.448944Z  WARN prune_race_condition: Job processing started job_id="eoa_0x1234_137" lease_token="1790431803_eoa_0x1234_137_1_p2R_0m0AJTHMYRkMO6oG9" worker_count=1
2026-09-26T14:10:03.548792Z  WARN prune_race_condition: Job processing started job_id="eoa_0x1234_137" lease_token="1790431803_eoa_0x1234_137_1_oTH6NCrRqN719MThBv5S9" worker_count=1
2026-09-26T14:10:03.647894Z  WARN prune_race_condition: Job processing started job_id="eoa_0x1234_137" lease_token="1790431803_eoa_0x1234_137_1_ynsmpSbppuaIhD7BQ61Fa" worker_count=1
2026-09-26T14:10:03.748826Z  WARN prune_race_condition: Job processing started job_id="eoa_0x1234_137" lease_token="1790431803_eoa_0x1234_137_1_IOn1I9OncprTXQEXoJXah" worker_count=1
2026-09-26T14:10:03.847670Z  WARN prune_race_condition: Job processing started job_id="eoa_0x1234_137" lease_token="1790431803_eoa_0x1234_137_1_84cURpR1Q-2672y2sBUj1" worker_count=1
2026-09-26T14:10:03.948989Z  WARN prune_race_condition: Job processing started job_id="eoa_0x1234_137" lease_token="1790431803_eoa_0x1234_137_1_eNZHTxpPIkpFyd4cQKc1F" worker_count=1
2026-09-26T14:10:04.048708Z  WARN prune_race_condition: Job processing started job_id="eoa_0x1234_137" lease_token="1790431804_eoa_0x1234_137_1_I73f3vtomQi2kPIcIRvgd" worker_count=1
2026-09-26T14:10:04.148409Z  WARN prune_race_condition: Job processing started job_id="eoa_0x1234_137" lease_token="1790431804_eoa_0x1234_137_1_mEeIaqQuJRCwJm1iBH3Ry" worker_count=1
2026-09-26T14:10:04.249206Z  WARN prune_race_condition: Job processing started job_id="eoa_0x1234_137" lease_token="1790431804_eoa_0x1234_137_1_2yozbMPjZhG-D47Nb4my-" worker_count=1
2026-09-26T14:10:04.348100Z  WARN prune_race_condition: Job processing started job_id="eoa_0x1234_137" lease_token="1790431804_eoa_0x1234_137_1__n4ab5Zzt1n-uNQjopFFj" worker_count=1
2026-09-26T14:10:04.448498Z  WARN prune_race_condition: Job processing started job_id="eoa_0x1234_137" lease_token="1790431804_eoa_0x1234_137_1_CLzd8RIrn8KkL6RnznAFJ" worker_count=1
2026-09-26T14:10:04.548399Z  WARN prune_race_condition: Job processing started job_id="eoa_0x1234_137" lease_token="1790431804_eoa_0x1234_137_1_XkWMTJYfzANa4_z8V3uRQ" worker_count=1
2026-09-26T14:10:04.649089Z  WARN prune_race_condition: Job processing started job_id="eoa_0x1234_137" lease_token="1790431804_eoa_0x1234_137_1_RFtwbFElpKNJhLEvMBitm" worker_count=1
2026-09-26T14:10:04.748691Z  WARN prune_race_condition: Job processing started job_id="eoa_0x1234_137" lease_token="1790431804_eoa_0x1234_137_1_zjm7Dp3FLFtUigqufDy7M" worker_count=1
2026-09-26T14:10:04.848060Z  WARN prune_race_condition: Job processing started job_id="eoa_0x1234_137" lease_token="1790431804_eoa_0x1234_137_1_jJbxFimMygn7qkMbXy1JG" worker_count=1
2026-09-26T14:10:04.948790Z  WARN prune_race_condition: Job processing started job_id="eoa_0x1234_137" lease_token="1790431804_eoa_0x1234_137_1_mCiw4WO_NGzaBq3-rl0v3" worker_count=1
2026-09-26T14:10:05.049367Z  WARN prune_race_condition: Job processing started job_id="eoa_0x1234_137" lease_token="1790431805_eoa_0x1234_137_1_cLugwdBI6DaOZCQkhMQYv" worker_count=1
2026-09-26T14:10:05.147759Z  WARN prune_race_condition: Job processing started job_id="eoa_0x1234_137" lease_token="1790431805_eoa_0x1234_137_1_HeC4fZyxYSnWTrBL_RHpv" worker_count=1
2026-09-26T14:10:05.248500Z  WARN prune_race_condition: Job processing started job_id="eoa_0x1234_137" lease_token="1790431805_eoa_0x1234_137_1_Y0QJhgOE1YYZNtOJTuwXv" worker_count=1
2026-09-26T14:10:05.348857Z  WARN prune_race_condition: Job processing started job_id="eoa_0x1234_137" lease_token="1790431805_eoa_0x1234_137_1_FPt3NRrwwDkV1rL07Oi90" worker_count=1
2026-09-26T14:10:05.448507Z  WARN prune_race_condition: Job processing started job_id="eoa_0x1234_137" lease_token="1790431805_eoa_0x1234_137_1_ahrQ9OsQj0TWSGbIS1CbC" worker_count=1
2026-09-26T14:10:05.547796Z  WARN prune_race_condition: Job processing started job_id="eoa_0x1234_137" lease_token="1790431805_eoa_0x1234_137_1_-Bn8Eal691XE8QzYXp_TC" worker_count=1
2026-09-26T14:10:05.649046Z  WARN prune_race_condition: Job processing started job_id="eoa_0x1234_137" lease_token="1790431805_eoa_0x1234_137_1_brRSNSKC7hJ7NVXw2k2e-" worker_count=1
2026-09-26T14:10:05.748057Z  WARN prune_race_condition: Job processing started job_id="eoa_0x1234_137" lease_token="1790431805_eoa_0x1234_137_1_ZPP3Zao0rLZGWB69VAQdl" worker_count=1
2026-09-26T14:10:05.847891Z  WARN prune_race_condition: Job processing started job_id="eoa_0x1234_137" lease_token="1790431805_eoa_0x1234_137_1_kJigPT6iJZ_ygWGvg2ftC" worker_count=1
2026-09-26T14:10:05.948655Z  WARN prune_race_condition: Job processing started job_id="eoa_0x1234_137" lease_token="1790431805_eoa_0x1234_137_1_T9s5xx01doySXcThbQ7d1" worker_count=1
2026-09-26T14:10:06.048859Z  WARN prune_race_condition: Job processing started job_id="eoa_0x1234_137" lease_token="1790431806_eoa_0x1234_137_1_FH3ed7QXNT-MSkEbNpzLQ" worker_count=1
2026-09-26T14:10:06.148473Z  WARN prune_race_condition: Job processing started job_id="eoa_0x1234_137" lease_token="1790431806_eoa_0x1234_137_1_MP3YgPuGRnMzJD4CULM4G" worker_count=1
2026-09-26T14:10:06.249730Z  WARN prune_race_condition: Job processing started job_id="eoa_0x1234_137" lease_token="1790431806_eoa_0x1234_137_1_2WcMtAxcILcDh8YaqNiiB" worker_count=1
2026-09-26T14:10:06.348671Z  WARN prune_race_condition: Job processing started job_id="eoa_0x1234_137" lease_token="1790431806_eoa_0x1234_137_1__dzQ4vQMnjMjv_VrF_o_D" worker_count=1
2026-09-26T14:10:06.447859Z  WARN prune_race_condition: Job processing started job_id="eoa_0x1234_137" lease_token="1790431806_eoa_0x1234_137_1_5S4__X0JGr20OhJDpueim" worker_count=1
2026-09-26T14:10:06.548145Z  WARN prune_race_condition: Job processing started job_id="eoa_0x1234_137" lease_token="1790431806_eoa_0x1234_137_1_k6jlZonlM2Wfm4yIyaQy2" worker_count=1
2026-09-26T14:10:06.648867Z  WARN prune_race_condition: Job processing started job_id="eoa_0x1234_137" lease_token="1790431806_eoa_0x1234_137_1_UKO6VbfsWULkdndj9m7BG" worker_count=1
2026-09-26T14:10:06.748907Z  WARN prune_race_condition: Job processing started job_id="eoa_0x1234_137" lease_token="1790431806_eoa_0x1234_137_1_vVcPpFpsc6EANGeXTowfB" worker_count=1
2026-09-26T14:10:06.848024Z  WARN prune_race_condition: Job processing started job_id="eoa_0x1234_137" lease_token="1790431806_eoa_0x1234_137_1_HrNK8dMtVY6YcAmj3sZQ3" worker_count=1
2026-09-26T14:10:06.947414Z  WARN prune_race_condition: Job processing started job_id="eoa_0x1234_137" lease_token="1790431806_eoa_0x1234_137_1_4ol9yTF2KzW2cjA0BEgB2" worker_count=1
2026-09-26T14:10:07.048651Z  WARN prune_race_condition: Job processing started job_id="eoa_0x1234_137" lease_token="1790431807_eoa_0x1234_137_1_MTvcQuBQvyYZAZ5i2t-uS" worker_count=1
2026-09-26T14:10:07.147234Z  WARN prune_race_condition: Job processing started job_id="eoa_0x1234_137" lease_token="1790431807_eoa_0x1234_137_1_XCaey45r7rO5ty0zlEqFD" worker_count=1
2026-09-26T14:10:07.249295Z  WARN prune_race_condition: Job processing started job_id="eoa_0x1234_137" lease_token="1790431807_eoa_0x1234_137_1_83fTx3F8PPm6R3l9T1CNE" worker_count=1
2026-09-26T14:10:07.347520Z  WARN prune_race_condition: Job processing started job_id="eoa_0x1234_137" lease_token="1790431807_eoa_0x1234_137_1_F4cySgaZgUIgUEZOWNLrf" worker_count=1
2026-09-26T14:10:07.447722Z  WARN prune_race_condition: Job processing started job_id="eoa_0x1234_137" lease_token="1790431807_eoa_0x1234_137_1_nhW4gVYt-GD5eL8fZPHFx" worker_count=1
2026-09-26T14:10:07.548371Z  WARN prune_race_condition: Job processing started job_id="eoa_0x1234_137" lease_token="1790431807_eoa_0x1234_137_1_dBh4vB2iiRaKRiR0PF-B8" worker_count=1
2026-09-26T14:10:07.648266Z  WARN prune_race_condition: Job processing started job_id="eoa_0x1234_137" lease_token="1790431807_eoa_0x1234_137_1_mjnkskEMCL1fbzkFvhJQp" worker_count=1
2026-09-26T14:10:07.701357Z  WARN prune_race_condition: Job processing started job_id="eoa_0x1234_137" lease_token="1790431807_eoa_0x1234_137_1_ccuqQhQ1_Mt41zap4T5Cn" worker_count=1
2026-09-26T14:10:07.847514Z  WARN prune_race_condition: Job processing started job_id="eoa_0x1234_137" lease_token="1790431807_eoa_0x1234_137_1_6JZiWroYAaGlJK4jSFGwC" worker_count=1
2026-09-26T14:10:07.947738Z  WARN prune_race_condition: Job processing started job_id="eoa_0x1234_137" lease_token="1790431807_eoa_0x1234_137_1_wYwA3OMFtpVV5oJrZiykg" worker_count=1
2026-09-26T14:10:08.049114Z  WARN prune_race_condition: Job processing started job_id="eoa_0x1234_137" lease_token="1790431808_eoa_0x1234_137_1_NgQotX-tqmy9mJVhH5DvR" worker_count=1
2026-09-26T14:10:08.148804Z  WARN prune_race_condition: Job processing started job_id="eoa_0x1234_137" lease_token="1790431808_eoa_0x1234_137_1_p3zYTxQfSHBwJu3rGKmbl" worker_count=1
2026-09-26T14:10:08.249615Z  WARN prune_race_condition: Job processing started job_id="eoa_0x1234_137" lease_token="1790431808_eoa_0x1234_137_1_9CuNr2HyZaWAa6Ed-kFBW" worker_count=1
2026-09-26T14:10:08.348071Z  WARN prune_race_condition: Job processing started job_id="eoa_0x1234_137" lease_token="1790431808_eoa_0x1234_137_1_pk43BgZfXXB0D1FO6v1mm" worker_count=1
2026-09-26T14:10:08.448999Z  WARN prune_race_condition: Job processing started job_id="eoa_0x1234_137" lease_token="1790431808_eoa_0x1234_137_1_AHZ2cQoFCw1NLfdm5Zg12" worker_count=1
2026-09-26T14:10:08.548821Z  WARN prune_race_condition: Job processing started job_id="eoa_0x1234_137" lease_token="1790431808_eoa_0x1234_137_1_tPE8JxShgCzHpuwAz3v9u" worker_count=1
2026-09-26T14:10:08.647245Z  WARN prune_race_condition: Job processing started job_id="eoa_0x1234_137" lease_token="1790431808_eoa_0x1234_137_1_1WDDG_Z0Tq1b1Fxio2v4V" worker_count=1
2026-09-26T14:10:08.747733Z  WARN prune_race_condition: Job processing started job_id="eoa_0x1234_137" lease_token="1790431808_eoa_0x1234_137_1_sdon7ytJO0ZucSpaibwHd" worker_count=1
2026-09-26T14:10:08.848835Z  WARN prune_race_condition: Job processing started job_id="eoa_0x1234_137" lease_token="1790431808_eoa_0x1234_137_1_zYrjMUPgznrtO5azlbCuu" worker_count=1
2026-09-26T14:10:08.948311Z  WARN prune_race_condition: Job processing started job_id="eoa_0x1234_137" lease_token="1790431808_eoa_0x1234_137_1_Plx229qI9NYh0s1H9Vdub" worker_count=1
2026-09-26T14:10:09.049985Z  WARN prune_race_condition: Job processing started job_id="eoa_0x1234_137" lease_token="1790431809_eoa_0x1234_137_1_kT9FhaUNWoDvigU-HnGYV" worker_count=1
2026-09-26T14:10:09.148920Z  WARN prune_race_condition: Job processing started job_id="eoa_0x1234_137" lease_token="1790431809_eoa_0x1234_137_1_AgDwsPhOZ7yY7ielzDcPN" worker_count=1
2026-09-26T14:10:09.249138Z  WARN prune_race_condition: Job processing started job_id="eoa_0x1234_137" lease_token="1790431809_eoa_0x1234_137_1_dIAgDbZYzcdDWVVPrbOth" worker_count=1
2026-09-26T14:10:09.347879Z  WARN prune_race_condition: Job processing started job_id="eoa_0x1234_137" lease_token="1790431809_eoa_0x1234_137_1_J5z4N3pMpGIw5RdIq8KTO" worker_count=1
2026-09-26T14:10:09.447934Z  WARN prune_race_condition: Job processing started job_id="eoa_0x1234_137" lease_token="1790431809_eoa_0x1234_137_1_tSWZ8ESDtSXbeYaFaELXY" worker_count=1
2026-09-26T14:10:09.547949Z  WARN prune_race_condition: Job processing started job_id="eoa_0x1234_137" lease_token="1790431809_eoa_0x1234_137_1_rWoeX_ajIxH8hLfpuS9Da" worker_count=1
2026-09-26T14:10:09.648405Z  WARN prune_race_condition: Job processing started job_id="eoa_0x1234_137" lease_token="1790431809_eoa_0x1234_137_1_cGoH-OeyulDQVdyFhICCr" worker_count=1
2026-09-26T14:10:09.748415Z  WARN prune_race_condition: Job processing started job_id="eoa_0x1234_137" lease_token="1790431809_eoa_0x1234_137_1_5-4ac3xrAz59ZGKsnWp4A" worker_count=1
2026-09-26T14:10:09.848123Z  WARN prune_race_condition: Job processing started job_id="eoa_0x1234_137" lease_token="1790431809_eoa_0x1234_137_1__4lIKkN6z6zmmy7hacpUA" worker_count=1
2026-09-26T14:10:09.947980Z  WARN prune_race_condition: Job processing started job_id="eoa_0x1234_137" lease_token="1790431809_eoa_0x1234_137_1_kT-n0AbXcNfC1SVxBoB_Q" worker_count=1
2026-09-26T14:10:10.048485Z  WARN prune_race_condition: Job processing started job_id="eoa_0x1234_137" lease_token="1790431810_eoa_0x1234_137_1_Fu5TtW1Ip9dolm48rI6Jy" worker_count=1
2026-09-26T14:10:10.148832Z  WARN prune_race_condition: Job processing started job_id="eoa_0x1234_137" lease_token="1790431810_eoa_0x1234_137_1_1ojt5x_VEflnfY0z9byjc" worker_count=1
2026-09-26T14:10:10.247662Z  WARN prune_race_condition: Job processing started job_id="eoa_0x1234_137" lease_token="1790431810_eoa_0x1234_137_1_KnY4DZnV2Qe3NPGDuRKlF" worker_count=1
2026-09-26T14:10:10.348367Z  WARN prune_race_condition: Job processing started job_id="eoa_0x1234_137" lease_token="1790431810_eoa_0x1234_137_1_uMkNJTLCezdFZfI-u9nAD" worker_count=1
2026-09-26T14:10:10.449174Z  WARN prune_race_condition: Job processing started job_id="eoa_0x1234_137" lease_token="1790431810_eoa_0x1234_137_1_TKi7nnoPTMBobgzCkwNEC" worker_count=1
2026-09-26T14:10:10.548847Z  WARN prune_race_condition: Job processing started job_id="eoa_0x1234_137" lease_token="1790431810_eoa_0x1234_137_1_C48hKz55P2gHVgG4IS48v" worker_count=1
2026-09-26T14:10:10.648562Z  WARN prune_race_condition: Job processing started job_id="eoa_0x1234_137" lease_token="1790431810_eoa_0x1234_137_1_lOQG_8y8iZw_qAQtyLENa" worker_count=1
2026-09-26T14:10:10.747254Z  WARN prune_race_condition: Job processing started job_id="eoa_0x1234_137" lease_token="1790431810_eoa_0x1234_137_1_TYIpl71X0UI7ywazTBj32" worker_count=1
2026-09-26T14:10:10.848690Z  WARN prune_race_condition: Job processing started job_id="eoa_0x1234_137" lease_token="1790431810_eoa_0x1234_137_1_oxC-7b_4q8XSBD5MWzimp" worker_count=1
2026-09-26T14:10:10.948470Z  WARN prune_race_condition: Job processing started job_id="eoa_0x1234_137" lease_token="1790431810_eoa_0x1234_137_1_RbrkDmha5Vv1M9MGiAEPq" worker_count=1
2026-09-26T14:10:11.048839Z  WARN prune_race_condition: Job processing started job_id="eoa_0x1234_137" lease_token="1790431811_eoa_0x1234_137_1_rMwgTNv3H4ST6PQVgsXn-" worker_count=1
2026-09-26T14:10:11.148329Z  WARN prune_race_condition: Job processing started job_id="eoa_0x1234_137" lease_token="1790431811_eoa_0x1234_137_1_ovcb7lzgbNModaVHZaeCD" worker_count=1
2026-09-26T14:10:11.248009Z  WARN prune_race_condition: Job processing started job_id="eoa_0x1234_137" lease_token="1790431811_eoa_0x1234_137_1_-edl6PI7PsIeEtFps68JA" worker_count=1
2026-09-26T14:10:11.348617Z  WARN prune_race_condition: Job processing started job_id="eoa_0x1234_137" lease_token="1790431811_eoa_0x1234_137_1_KlXPgvbH3bjT8YTQbhaUb" worker_count=1
2026-09-26T14:10:11.448191Z  WARN prune_race_condition: Job processing started job_id="eoa_0x1234_137" lease_token="1790431811_eoa_0x1234_137_1_KifJ382eeMruI_Or4PBsT" worker_count=1
2026-09-26T14:10:11.547853Z  WARN prune_race_condition: Job processing started job_id="eoa_0x1234_137" lease_token="1790431811_eoa_0x1234_137_1_xPiCsnN4hYr1QjQMp1QEh" worker_count=1
2026-09-26T14:10:11.647614Z  WARN prune_race_condition: Job processing started job_id="eoa_0x1234_137" lease_token="1790431811_eoa_0x1234_137_1_rLnTuO8DndHUaXOomFWn7" worker_count=1
2026-09-26T14:10:11.747923Z  WARN prune_race_condition: Job processing started job_id="eoa_0x1234_137" lease_token="1790431811_eoa_0x1234_137_1_ehrE0qK-R7EzVkx8AOAzO" worker_count=1
2026-09-26T14:10:11.848332Z  WARN prune_race_condition: Job processing started job_id="eoa_0x1234_137" lease_token="1790431811_eoa_0x1234_137_1_qeQiqqxUc3EjcYskpMADO" worker_count=1
2026-09-26T14:10:11.948635Z  WARN prune_race_condition: Job processing started job_id="eoa_0x1234_137" lease_token="1790431811_eoa_0x1234_137_1_QeRsz0TbdeLgMLNZR09VI" worker_count=1
2026-09-26T14:10:12.047807Z  WARN prune_race_condition: Job processing started job_id="eoa_0x1234_137" lease_token="1790431812_eoa_0x1234_137_1_a8QPbzoEmEUtERNTOtcOw" worker_count=1
2026-09-26T14:10:12.148301Z  WARN prune_race_condition: Job processing started job_id="eoa_0x1234_137" lease_token="1790431812_eoa_0x1234_137_1_ssgGqW60_582IXtrIe30y" worker_count=1
2026-09-26T14:10:12.248571Z  WARN prune_race_condition: Job processing started job_id="eoa_0x1234_137" lease_token="1790431812_eoa_0x1234_137_1_X9dX7JZEr-pYYx5QmhGjm" worker_count=1
2026-09-26T14:10:12.348062Z  WARN prune_race_condition: Job processing started job_id="eoa_0x1234_137" lease_token="1790431812_eoa_0x1234_137_1_FfZ38mVx1QhB2wb0TM9F5" worker_count=1
2026-09-26T14:10:12.448606Z  WARN prune_race_condition: Job processing started job_id="eoa_0x1234_137" lease_token="1790431812_eoa_0x1234_137_1_esWUGD3dEsVJVmHT5Gtcj" worker_count=1
2026-09-26T14:10:12.547756Z  WARN prune_race_condition: Job processing started job_id="eoa_0x1234_137" lease_token="1790431812_eoa_0x1234_137_1_FLQeR9pgx46wImyEQieyR" worker_count=1
2026-09-26T14:10:12.648622Z  WARN prune_race_condition: Job processing started job_id="eoa_0x1234_137" lease_token="1790431812_eoa_0x1234_137_1_DAJSIzDTGgzLSrEshKmYW" worker_count=1
2026-09-26T14:10:12.748554Z  WARN prune_race_condition: Job processing started job_id="eoa_0x1234_137" lease_token="1790431812_eoa_0x1234_137_1_tn3F-3N6NmK927U9R60PO" worker_count=1
2026-09-26T14:10:12.848434Z  WARN prune_race_condition: Job processing started job_id="eoa_0x1234_137" lease_token="1790431812_eoa_0x1234_137_1_GgV84RzCy_e-TlAZZyGxl" worker_count=1
2026-09-26T14:10:12.949843Z  WARN prune_race_condition: Job processing started job_id="eoa_0x1234_137" lease_token="1790431812_eoa_0x1234_137_1_Ou4oNMZ1N7Zbb_0lUQq3V" worker_count=1
2026-09-26T14:10:13.049604Z  WARN prune_race_condition: Job processing started job_id="eoa_0x1234_137" lease_token="1790431813_eoa_0x1234_137_1_12NBsDsQxJLfr5tefldCf" worker_count=1
2026-09-26T14:10:13.148412Z  WARN prune_race_condition: Job processing started job_id="eoa_0x1234_137" lease_token="1790431813_eoa_0x1234_137_1_5U5CZCW8xsap0-Sx4GhXn" worker_count=1
2026-09-26T14:10:13.248995Z  WARN prune_race_condition: Job processing started job_id="eoa_0x1234_137" lease_token="1790431813_eoa_0x1234_137_1_dl-ENRaBdPFcQlINp0ZIo" worker_count=1
2026-09-26T14:10:13.347418Z  WARN prune_race_condition: Job processing started job_id="eoa_0x1234_137" lease_token="1790431813_eoa_0x1234_137_1_ljpFdweLsG-_RIrQbpOTb" worker_count=1
2026-09-26T14:10:13.448111Z  WARN prune_race_condition: Job processing started job_id="eoa_0x1234_137" lease_token="1790431813_eoa_0x1234_137_1_viqWDSqyHkkVQfLxcFSLd" worker_count=1
2026-09-26T14:10:13.504650Z  WARN prune_race_condition: Job processing started job_id="eoa_0x1234_137" lease_token="1790431813_eoa_0x1234_137_1_J-liiwi0mpa_Y29e-FRAh" worker_count=1
2026-09-26T14:10:13.648966Z  WARN prune_race_condition: Job processing started job_id="eoa_0x1234_137" lease_token="1790431813_eoa_0x1234_137_1_7qCJZVedwIm1kW_tSen0n" worker_count=1
2026-09-26T14:10:13.747595Z  WARN prune_race_condition: Job processing started job_id="eoa_0x1234_137" lease_token="1790431813_eoa_0x1234_137_1_0EiqlLEHOWeqifW9KiCZl" worker_count=1
2026-09-26T14:10:13.848156Z  WARN prune_race_condition: Job processing started job_id="eoa_0x1234_137" lease_token="1790431813_eoa_0x1234_137_1_KVrAEE5gQpMHiV-mBxw6W" worker_count=1
2026-09-26T14:10:13.949202Z  WARN prune_race_condition: Job processing started job_id="eoa_0x1234_137" lease_token="1790431813_eoa_0x1234_137_1_aPWulNFm4nvHbxftpLQ0a" worker_count=1
2026-09-26T14:10:14.048824Z  WARN prune_race_condition: Job processing started job_id="eoa_0x1234_137" lease_token="1790431814_eoa_0x1234_137_1_2TzBy_fI49G89lGuORcVu" worker_count=1
2026-09-26T14:10:14.148910Z  WARN prune_race_condition: Job processing started job_id="eoa_0x1234_137" lease_token="1790431814_eoa_0x1234_137_1_zS_8Z52S1Iak9-lGPpX8j" worker_count=1
2026-09-26T14:10:14.247915Z  WARN prune_race_condition: Job processing started job_id="eoa_0x1234_137" lease_token="1790431814_eoa_0x1234_137_1_ZqWvr-IbguSJ9dge4oEHi" worker_count=1
2026-09-26T14:10:14.348165Z  WARN prune_race_condition: Job processing started job_id="eoa_0x1234_137" lease_token="1790431814_eoa_0x1234_137_1_29Gj2VL46I9gC0zc1tK9V" worker_count=1
2026-09-26T14:10:14.448784Z  WARN prune_race_condition: Job processing started job_id="eoa_0x1234_137" lease_token="1790431814_eoa_0x1234_137_1_wO06ItEjLNXYz_xdacL_z" worker_count=1
2026-09-26T14:10:14.501200Z  WARN prune_race_condition: Job processing started job_id="eoa_0x1234_137" lease_token="1790431814_eoa_0x1234_137_1_ycIvqfepxXWOUbagxtOgX" worker_count=1
2026-09-26T14:10:14.647652Z  WARN prune_race_condition: Job processing started job_id="eoa_0x1234_137" lease_token="1790431814_eoa_0x1234_137_1_1HTstxGZXjkOiepM-_s71" worker_count=1
2026-09-26T14:10:14.747913Z  WARN prune_race_condition: Job processing started job_id="eoa_0x1234_137" lease_token="1790431814_eoa_0x1234_137_1_mRQiFlQtJRdw89yvJ090q" worker_count=1
2026-09-26T14:10:14.848640Z  WARN prune_race_condition: Job processing started job_id="eoa_0x1234_137" lease_token="1790431814_eoa_0x1234_137_1_2c0oHbNskfqzM2dtvwWjh" worker_count=1
2026-09-26T14:10:14.948918Z  WARN prune_race_condition: Job processing started job_id="eoa_0x1234_137" lease_token="1790431814_eoa_0x1234_137_1_V52HCYGqNz1KHjMwWIU_j" worker_count=1
2026-09-26T14:10:15.048675Z  WARN prune_race_condition: Job processing started job_id="eoa_0x1234_137" lease_token="1790431815_eoa_0x1234_137_1_sNcn4fUAPvc2_fm27lqvA" worker_count=1
2026-09-26T14:10:15.147860Z  WARN prune_race_condition: Job processing started job_id="eoa_0x1234_137" lease_token="1790431815_eoa_0x1234_137_1_FhSPd8beIR0XkeB94u5-2" worker_count=1
2026-09-26T14:10:15.248362Z  WARN prune_race_condition: Job processing started job_id="eoa_0x1234_137" lease_token="1790431815_eoa_0x1234_137_1_2WdvlqD0UHDzw6KTCnssw" worker_count=1
2026-09-26T14:10:15.349097Z  WARN prune_race_condition: Job processing started job_id="eoa_0x1234_137" lease_token="1790431815_eoa_0x1234_137_1_7RDvJY50BH8BNh2kb573o" worker_count=1
2026-09-26T14:10:15.448276Z  WARN prune_race_condition: Job processing started job_id="eoa_0x1234_137" lease_token="1790431815_eoa_0x1234_137_1_fJvVi0bxevGgfDGJKUzWP" worker_count=1
2026-09-26T14:10:15.549402Z  WARN prune_race_condition: Job processing started job_id="eoa_0x1234_137" lease_token="1790431815_eoa_0x1234_137_1_zY2IWzgihoFZjzA5X5bhK" worker_count=1
2026-09-26T14:10:15.648952Z  WARN prune_race_condition: Job processing started job_id="eoa_0x1234_137" lease_token="1790431815_eoa_0x1234_137_1_TjM6XABIeW-vSgFtCDaOV" worker_count=1
2026-09-26T14:10:15.748457Z  WARN prune_race_condition: Job processing started job_id="eoa_0x1234_137" lease_token="1790431815_eoa_0x1234_137_1__YX8tiheXwTYMDTBCtbz2" worker_count=1
2026-09-26T14:10:15.848912Z  WARN prune_race_condition: Job processing started job_id="eoa_0x1234_137" lease_token="1790431815_eoa_0x1234_137_1_wu_D6xvkcvzj-LDEm-9Aj" worker_count=1
2026-09-26T14:10:15.949083Z  WARN prune_race_condition: Job processing started job_id="eoa_0x1234_137" lease_token="1790431815_eoa_0x1234_137_1_R6b7IQYS9w1WDF9cKKzFv" worker_count=1
2026-09-26T14:10:16.047275Z  WARN prune_race_condition: Job processing started job_id="eoa_0x1234_137" lease_token="1790431816_eoa_0x1234_137_1_CIWwe-FUso8wjc9AlsZtp" worker_count=1
2026-09-26T14:10:16.147770Z  WARN prune_race_condition: Job processing started job_id="eoa_0x1234_137" lease_token="1790431816_eoa_0x1234_137_1_ipv__aQ_0yHbEnfcj0hu0" worker_count=1
2026-09-26T14:10:16.248216Z  WARN prune_race_condition: Job processing started job_id="eoa_0x1234_137" lease_token="1790431816_eoa_0x1234_137_1_4VrYU0bu5CKA5gsjlphXe" worker_count=1
2026-09-26T14:10:16.349073Z  WARN prune_race_condition: Job processing started job_id="eoa_0x1234_137" lease_token="1790431816_eoa_0x1234_137_1_nuNGhetQwAYPnjlDMuayE" worker_count=1
2026-09-26T14:10:16.448081Z  WARN prune_race_condition: Job processing started job_id="eoa_0x1234_137" lease_token="1790431816_eoa_0x1234_137_1_GAAQLiulm9HieW6OVUa3p" worker_count=1
2026-09-26T14:10:16.548271Z  WARN prune_race_condition: Job processing started job_id="eoa_0x1234_137" lease_token="1790431816_eoa_0x1234_137_1_pdH64WsxYtA6bps3Rs7ci" worker_count=1
2026-09-26T14:10:16.649539Z  WARN prune_race_condition: Job processing started job_id="eoa_0x1234_137" lease_token="1790431816_eoa_0x1234_137_1_cp4BuLQdN8oH2Hyqg44vZ" worker_count=1
2026-09-26T14:10:16.702240Z  WARN prune_race_condition: Job processing started job_id="eoa_0x1234_137" lease_token="1790431816_eoa_0x1234_137_1_nZ1WLdq-WYRFs6O3QrT9C" worker_count=1
2026-09-26T14:10:16.848483Z  WARN prune_race_condition: Job processing started job_id="eoa_0x1234_137" lease_token="1790431816_eoa_0x1234_137_1_rPyO9stZUsK90KOAT_2MV" worker_count=1
2026-09-26T14:10:16.948769Z  WARN prune_race_condition: Job processing started job_id="eoa_0x1234_137" lease_token="1790431816_eoa_0x1234_137_1_EhIPkFEvL2p-NiWh6iaLC" worker_count=1
2026-09-26T14:10:17.048490Z  WARN prune_race_condition: Job processing started job_id="eoa_0x1234_137" lease_token="1790431817_eoa_0x1234_137_1_iBXBwkxPLqdtm6_7j0lk-" worker_count=1
2026-09-26T14:10:17.148564Z  WARN prune_race_condition: Job processing started job_id="eoa_0x1234_137" lease_token="1790431817_eoa_0x1234_137_1_wrzkz6DKOV4DRh5iIwh4Z" worker_count=1
2026-09-26T14:10:17.248933Z  WARN prune_race_condition: Job processing started job_id="eoa_0x1234_137" lease_token="1790431817_eoa_0x1234_137_1_-eAi-X0ixcsk3J0sTLmfx" worker_count=1
2026-09-26T14:10:17.347647Z  WARN prune_race_condition: Job processing started job_id="eoa_0x1234_137" lease_token="1790431817_eoa_0x1234_137_1_Q1Y5YofL_ArtiJTosZsoA" worker_count=1
2026-09-26T14:10:17.447892Z  WARN prune_race_condition: Job processing started job_id="eoa_0x1234_137" lease_token="1790431817_eoa_0x1234_137_1_yOLX53H_6w1OeIEIY3DWG" worker_count=1
2026-09-26T14:10:17.548043Z  WARN prune_race_condition: Job processing started job_id="eoa_0x1234_137" lease_token="1790431817_eoa_0x1234_137_1_BAD9npxQMf4OP1Ypluoy8" worker_count=1
2026-09-26T14:10:17.648319Z  WARN prune_race_condition: Job processing started job_id="eoa_0x1234_137" lease_token="1790431817_eoa_0x1234_137_1_PYF7k5C7E29jW2VPZY0kh" worker_count=1
2026-09-26T14:10:17.747659Z  WARN prune_race_condition: Job processing started job_id="eoa_0x1234_137" lease_token="1790431817_eoa_0x1234_137_1_RcIS-pbEWO_zD69NybM3T" worker_count=1
2026-09-26T14:10:17.848109Z  WARN prune_race_condition: Job processing started job_id="eoa_0x1234_137" lease_token="1790431817_eoa_0x1234_137_1_OueoyAFfLD6n1Ob5whgcu" worker_count=1
2026-09-26T14:10:17.901566Z  WARN prune_race_condition: Job processing started job_id="eoa_0x1234_137" lease_token="1790431817_eoa_0x1234_137_1_yC-osdz0T9vJPtPGmtXiM" worker_count=1
2026-09-26T14:10:18.047909Z  WARN prune_race_condition: Job processing started job_id="eoa_0x1234_137" lease_token="1790431818_eoa_0x1234_137_1_Z659P4jE_dOx2HEoJBIpn" worker_count=1
2026-09-26T14:10:18.148720Z  WARN prune_race_condition: Job processing started job_id="eoa_0x1234_137" lease_token="1790431818_eoa_0x1234_137_1_-hwVPiOgMb3zZ3u0G4Jw4" worker_count=1
2026-09-26T14:10:18.249615Z  WARN prune_race_condition: Job processing started job_id="eoa_0x1234_137" lease_token="1790431818_eoa_0x1234_137_1_h8RSIFKEaTjlIsAP0iG9k" worker_count=1
2026-09-26T14:10:18.349165Z  WARN prune_race_condition: Job processing started job_id="eoa_0x1234_137" lease_token="1790431818_eoa_0x1234_137_1_3ydaoePXslWdAJGTJYz9_" worker_count=1
2026-09-26T14:10:18.448620Z  WARN prune_race_condition: Job processing started job_id="eoa_0x1234_137" lease_token="1790431818_eoa_0x1234_137_1_teqfkb-zjfoKwTVym-ApQ" worker_count=1
2026-09-26T14:10:18.548671Z  WARN prune_race_condition: Job processing started job_id="eoa_0x1234_137" lease_token="1790431818_eoa_0x1234_137_1__Y75wIGKcP-8XrzPFl-Im" worker_count=1
2026-09-26T14:10:18.649180Z  WARN prune_race_condition: Job processing started job_id="eoa_0x1234_137" lease_token="1790431818_eoa_0x1234_137_1_YMzI-LAxpxThYlbBBGtlF" worker_count=1
2026-09-26T14:10:18.748248Z  WARN prune_race_condition: Job processing started job_id="eoa_0x1234_137" lease_token="1790431818_eoa_0x1234_137_1_GRklE_o9g04VIzle-NcnN" worker_count=1
2026-09-26T14:10:18.848071Z  WARN prune_race_condition: Job processing started job_id="eoa_0x1234_137" lease_token="1790431818_eoa_0x1234_137_1_pnyNsUe8afKj9WkOLXiR-" worker_count=1
2026-09-26T14:10:18.948707Z  WARN prune_race_condition: Job processing started job_id="eoa_0x1234_137" lease_token="1790431818_eoa_0x1234_137_1_Eu1SePgFGuPeTarlKVTZo" worker_count=1
2026-09-26T14:10:19.048301Z  WARN prune_race_condition: Job processing started job_id="eoa_0x1234_137" lease_token="1790431819_eoa_0x1234_137_1_nsAOXi39Xwr0TgsAGrOLx" worker_count=1
2026-09-26T14:10:19.148412Z  WARN prune_race_condition: Job processing started job_id="eoa_0x1234_137" lease_token="1790431819_eoa_0x1234_137_1_yyIjl94UBDl-uZhD6SgFh" worker_count=1
2026-09-26T14:10:19.249293Z  WARN prune_race_condition: Job processing started job_id="eoa_0x1234_137" lease_token="1790431819_eoa_0x1234_137_1_zt0JsAsCTikvPzOQcdkd4" worker_count=1
2026-09-26T14:10:19.348262Z  WARN prune_race_condition: Job processing started job_id="eoa_0x1234_137" lease_token="1790431819_eoa_0x1234_137_1_Auwrh_TCEefsCmnCrZvYE" worker_count=1
2026-09-26T14:10:19.447398Z  WARN prune_race_condition: Job processing started job_id="eoa_0x1234_137" lease_token="1790431819_eoa_0x1234_137_1_v__1f2YZ-2LhW8_SkjnKg" worker_count=1
2026-09-26T14:10:19.547737Z  WARN prune_race_condition: Job processing started job_id="eoa_0x1234_137" lease_token="1790431819_eoa_0x1234_137_1_a5ib1rLdIw6xdmP0JVSyJ" worker_count=1
2026-09-26T14:10:19.648638Z  WARN prune_race_condition: Job processing started job_id="eoa_0x1234_137" lease_token="1790431819_eoa_0x1234_137_1_sbWtFyUjGmN2rUeRk3Ftn" worker_count=1
2026-09-26T14:10:19.748217Z  WARN prune_race_condition: Job processing started job_id="eoa_0x1234_137" lease_token="1790431819_eoa_0x1234_137_1_K8wGwM3TO6BIMGlcBlCkB" worker_count=1
2026-09-26T14:10:19.847678Z  WARN prune_race_condition: Job processing started job_id="eoa_0x1234_137" lease_token="1790431819_eoa_0x1234_137_1_lmVkTWemZytxp-or97scP" worker_count=1
2026-09-26T14:10:19.948770Z  WARN prune_race_condition: Job processing started job_id="eoa_0x1234_137" lease_token="1790431819_eoa_0x1234_137_1_sRKDirLm8pOiG3_yC8erX" worker_count=1
2026-09-26T14:10:20.047782Z  WARN prune_race_condition: Job processing started job_id="eoa_0x1234_137" lease_token="1790431820_eoa_0x1234_137_1_Xin3vOy5xaUoGwHRnYAHZ" worker_count=1
2026-09-26T14:10:20.148589Z  WARN prune_race_condition: Job processing started job_id="eoa_0x1234_137" lease_token="1790431820_eoa_0x1234_137_1_NJ7i_ew9lZCK-agd86qAs" worker_count=1
2026-09-26T14:10:20.248687Z  WARN prune_race_condition: Job processing started job_id="eoa_0x1234_137" lease_token="1790431820_eoa_0x1234_137_1_zhnVQUDlywCsZoa7b35ZA" worker_count=1
2026-09-26T14:10:20.348657Z  WARN prune_race_condition: Job processing started job_id="eoa_0x1234_137" lease_token="1790431820_eoa_0x1234_137_1_Z-heB5D2n1JYPcUHrNdlr" worker_count=1
2026-09-26T14:10:20.447669Z  WARN prune_race_condition: Job processing started job_id="eoa_0x1234_137" lease_token="1790431820_eoa_0x1234_137_1_KGqGMo4dXn0f42IwlKMkv" worker_count=1
2026-09-26T14:10:20.547591Z  WARN prune_race_condition: Job processing started job_id="eoa_0x1234_137" lease_token="1790431820_eoa_0x1234_137_1_UYHQd3EHx5s-wAIp_mOWg" worker_count=1
2026-09-26T14:10:20.648367Z  WARN prune_race_condition: Job processing started job_id="eoa_0x1234_137" lease_token="1790431820_eoa_0x1234_137_1_Vp-Vc91LKW-MnEBY69UGx" worker_count=1
2026-09-26T14:10:20.748758Z  WARN prune_race_condition: Job processing started job_id="eoa_0x1234_137" lease_token="1790431820_eoa_0x1234_137_1_md9mFQ71YDCArGpTuUGgd" worker_count=1
2026-09-26T14:10:20.848692Z  WARN prune_race_condition: Job processing started job_id="eoa_0x1234_137" lease_token="1790431820_eoa_0x1234_137_1_d9o2b0HGZhpN64sFKgPdY" worker_count=1
2026-09-26T14:10:20.948657Z  WARN prune_race_condition: Job processing started job_id="eoa_0x1234_137" lease_token="1790431820_eoa_0x1234_137_1__w28yiVcpkfZ1G5Ahivox" worker_count=1
2026-09-26T14:10:21.048626Z  WARN prune_race_condition: Job processing started job_id="eoa_0x1234_137" lease_token="1790431821_eoa_0x1234_137_1_ItEp9nN3javTSe4pTndWF" worker_count=1
2026-09-26T14:10:21.148573Z  WARN prune_race_condition: Job processing started job_id="eoa_0x1234_137" lease_token="1790431821_eoa_0x1234_137_1_mFaINlt6ggNWNyZUB-r0b" worker_count=1
2026-09-26T14:10:21.248345Z  WARN prune_race_condition: Job processing started job_id="eoa_0x1234_137" lease_token="1790431821_eoa_0x1234_137_1_AEhrlFsC6cYyNlyR_T43R" worker_count=1
2026-09-26T14:10:21.350304Z  WARN prune_race_condition: Job processing started job_id="eoa_0x1234_137" lease_token="1790431821_eoa_0x1234_137_1_Oy61zbgCs_KByuON6H49Y" worker_count=1
2026-09-26T14:10:21.448929Z  WARN prune_race_condition: Job processing started job_id="eoa_0x1234_137" lease_token="1790431821_eoa_0x1234_137_1_YNXnQm2x3sokwJI9gmafv" worker_count=1
2026-09-26T14:10:21.547789Z  WARN prune_race_condition: Job processing started job_id="eoa_0x1234_137" lease_token="1790431821_eoa_0x1234_137_1_3sCwgoUWeiyNkPM8AqHgF" worker_count=1
2026-09-26T14:10:21.648981Z  WARN prune_race_condition: Job processing started job_id="eoa_0x1234_137" lease_token="1790431821_eoa_0x1234_137_1_e97iKEcphwQCA35K4TClQ" worker_count=1
2026-09-26T14:10:21.749555Z  WARN prune_race_condition: Job processing started job_id="eoa_0x1234_137" lease_token="1790431821_eoa_0x1234_137_1_ciWg9wrcEzw3pELehr5L5" worker_count=1
2026-09-26T14:10:21.848660Z  WARN prune_race_condition: Job processing started job_id="eoa_0x1234_137" lease_token="1790431821_eoa_0x1234_137_1_CyOXWhKwCvdHilbSD5OmF" worker_count=1
2026-09-26T14:10:21.947422Z  WARN prune_race_condition: Job processing started job_id="eoa_0x1234_137" lease_token="1790431821_eoa_0x1234_137_1_xkGeZaG_hXdL3ixs2Im4l" worker_count=1
2026-09-26T14:10:22.047408Z  WARN prune_race_condition: Job processing started job_id="eoa_0x1234_137" lease_token="1790431822_eoa_0x1234_137_1_Fp4_7UdrKlTT7I3HbeVZP" worker_count=1
2026-09-26T14:10:22.148092Z  WARN prune_race_condition: Job processing started job_id="eoa_0x1234_137" lease_token="1790431822_eoa_0x1234_137_1_v8XaduNV9PM5_oKNUvxxm" worker_count=1
2026-09-26T14:10:22.249233Z  WARN prune_race_condition: Job processing started job_id="eoa_0x1234_137" lease_token="1790431822_eoa_0x1234_137_1_PiJabHjInsk0hSmrCzKxk" worker_count=1
2026-09-26T14:10:22.347669Z  WARN prune_race_condition: Job processing started job_id="eoa_0x1234_137" lease_token="1790431822_eoa_0x1234_137_1_t5yjalQQyvNed7Db9xESE" worker_count=1
2026-09-26T14:10:22.448346Z  WARN prune_race_condition: Job processing started job_id="eoa_0x1234_137" lease_token="1790431822_eoa_0x1234_137_1_UCjjzmb-q25SlXvwV-E09" worker_count=1
2026-09-26T14:10:22.548951Z  WARN prune_race_condition: Job processing started job_id="eoa_0x1234_137" lease_token="1790431822_eoa_0x1234_137_1_lraPRP26OC_haiHxMg9lk" worker_count=1
2026-09-26T14:10:22.647687Z  WARN prune_race_condition: Job processing started job_id="eoa_0x1234_137" lease_token="1790431822_eoa_0x1234_137_1_UWIGG9eu0UEyl2LeSRybD" worker_count=1
2026-09-26T14:10:22.748894Z  WARN prune_race_condition: Job processing started job_id="eoa_0x1234_137" lease_token="1790431822_eoa_0x1234_137_1_9chcx2rLuOSz52Qusk5Ie" worker_count=1
2026-09-26T14:10:22.849162Z  WARN prune_race_condition: Job processing started job_id="eoa_0x1234_137" lease_token="1790431822_eoa_0x1234_137_1_gXjUlgN6PF-SzAF0HGZgX" worker_count=1
2026-09-26T14:10:22.948751Z  WARN prune_race_condition: Job processing started job_id="eoa_0x1234_137" lease_token="1790431822_eoa_0x1234_137_1_uHi6mP4YWJJEXTOsLFoWf" worker_count=1
2026-09-26T14:10:23.047631Z  WARN prune_race_condition: Job processing started job_id="eoa_0x1234_137" lease_token="1790431823_eoa_0x1234_137_1_Yu8s9C11wtojWZnX31t1v" worker_count=1
2026-09-26T14:10:23.148478Z  WARN prune_race_condition: Job processing started job_id="eoa_0x1234_137" lease_token="1790431823_eoa_0x1234_137_1_k_RIYFTcZaDGWn2hmlObf" worker_count=1
2026-09-26T14:10:23.201781Z  WARN prune_race_condition: Job processing started job_id="eoa_0x1234_137" lease_token="1790431823_eoa_0x1234_137_1_wIG_DSDWw6PK4H5j763Tt" worker_count=1
2026-09-26T14:10:23.347921Z  WARN prune_race_condition: Job processing started job_id="eoa_0x1234_137" lease_token="1790431823_eoa_0x1234_137_1_rdRtUAxH4Ji-yp5kahnSM" worker_count=1
2026-09-26T14:10:23.449076Z  WARN prune_race_condition: Job processing started job_id="eoa_0x1234_137" lease_token="1790431823_eoa_0x1234_137_1_72DWSTJ2nzqlm-YrWCGPk" worker_count=1
2026-09-26T14:10:23.548478Z  WARN prune_race_condition: Job processing started job_id="eoa_0x1234_137" lease_token="1790431823_eoa_0x1234_137_1_btbwIdVXbl6wGSaaq7sYJ" worker_count=1
2026-09-26T14:10:23.648001Z  WARN prune_race_condition: Job processing started job_id="eoa_0x1234_137" lease_token="1790431823_eoa_0x1234_137_1_MY89KDAmhjKjl8Wox0Ax3" worker_count=1
2026-09-26T14:10:23.748993Z  WARN prune_race_condition: Job processing started job_id="eoa_0x1234_137" lease_token="1790431823_eoa_0x1234_137_1_ipzXOaPznkDC5BI7xNxWx" worker_count=1
2026-09-26T14:10:23.848319Z  WARN prune_race_condition: Job processing started job_id="eoa_0x1234_137" lease_token="1790431823_eoa_0x1234_137_1_NYQY1OM6ASG90fxphI9S_" worker_count=1
2026-09-26T14:10:23.947974Z  WARN prune_race_condition: Job processing started job_id="eoa_0x1234_137" lease_token="1790431823_eoa_0x1234_137_1_FysngxRB1cN5QwLMdwAPY" worker_count=1
2026-09-26T14:10:24.048170Z  WARN prune_race_condition: Job processing started job_id="eoa_0x1234_137" lease_token="1790431824_eoa_0x1234_137_1_Cyn4-2cgJMuxzcMnvEWBo" worker_count=1
2026-09-26T14:10:24.147391Z  WARN prune_race_condition: Job processing started job_id="eoa_0x1234_137" lease_token="1790431824_eoa_0x1234_137_1_Ar_06ddeepWoNDehxhmd3" worker_count=1
2026-09-26T14:10:24.248401Z  WARN prune_race_condition: Job processing started job_id="eoa_0x1234_137" lease_token="1790431824_eoa_0x1234_137_1_OjS3kA1HxFbgvXgF9xb_V" worker_count=1
2026-09-26T14:10:24.348526Z  WARN prune_race_condition: Job processing started job_id="eoa_0x1234_137" lease_token="1790431824_eoa_0x1234_137_1_-cKiNMl4QEhhoHBacc703" worker_count=1
2026-09-26T14:10:24.449196Z  WARN prune_race_condition: Job processing started job_id="eoa_0x1234_137" lease_token="1790431824_eoa_0x1234_137_1_AkMKE-kHdyVPwL1xdXCXd" worker_count=1
2026-09-26T14:10:24.548677Z  WARN prune_race_condition: Job processing started job_id="eoa_0x1234_137" lease_token="1790431824_eoa_0x1234_137_1_ht--KxN2Ko48lgstf0g9A" worker_count=1
2026-09-26T14:10:24.648938Z  WARN prune_race_condition: Job processing started job_id="eoa_0x1234_137" lease_token="1790431824_eoa_0x1234_137_1_Nxb7OgI02PtQ1wAxJDrI3" worker_count=1
2026-09-26T14:10:24.748346Z  WARN prune_race_condition: Job processing started job_id="eoa_0x1234_137" lease_token="1790431824_eoa_0x1234_137_1_G8zsn-ExH8WgR6Bic-USj" worker_count=1
2026-09-26T14:10:24.849448Z  WARN prune_race_condition: Job processing started job_id="eoa_0x1234_137" lease_token="1790431824_eoa_0x1234_137_1_wJY2DiMwJZ2EPcwrvpKkF" worker_count=1
2026-09-26T14:10:24.948279Z  WARN prune_race_condition: Job processing started job_id="eoa_0x1234_137" lease_token="1790431824_eoa_0x1234_137_1_mjR6pgKojqxx90pY-945e" worker_count=1
2026-09-26T14:10:25.048344Z  WARN prune_race_condition: Job processing started job_id="eoa_0x1234_137" lease_token="1790431825_eoa_0x1234_137_1_vXcTRAx9wIJy0kUgcmrOa" worker_count=1
2026-09-26T14:10:25.149316Z  WARN prune_race_condition: Job processing started job_id="eoa_0x1234_137" lease_token="1790431825_eoa_0x1234_137_1_FQwYDyqGNxnhsCn_lYZs6" worker_count=1
2026-09-26T14:10:25.249488Z  WARN prune_race_condition: Job processing started job_id="eoa_0x1234_137" lease_token="1790431825_eoa_0x1234_137_1_zwc0tKiP41xtpgaxojDRo" worker_count=1
2026-09-26T14:10:25.349952Z  WARN prune_race_condition: Job processing started job_id="eoa_0x1234_137" lease_token="1790431825_eoa_0x1234_137_1_SqSvgBGdi-taZ5N52BUq5" worker_count=1
2026-09-26T14:10:25.448356Z  WARN prune_race_condition: Job processing started job_id="eoa_0x1234_137" lease_token="1790431825_eoa_0x1234_137_1_rC0CXA-Syx-l-aiMbt3sq" worker_count=1
2026-09-26T14:10:25.548699Z  WARN prune_race_condition: Job processing started job_id="eoa_0x1234_137" lease_token="1790431825_eoa_0x1234_137_1_6m-TwGZbYO2GXgIo80ta1" worker_count=1
2026-09-26T14:10:25.649016Z  WARN prune_race_condition: Job processing started job_id="eoa_0x1234_137" lease_token="1790431825_eoa_0x1234_137_1_gUtG4nu3u4xnIuJUOoM-Y" worker_count=1
2026-09-26T14:10:25.749153Z  WARN prune_race_condition: Job processing started job_id="eoa_0x1234_137" lease_token="1790431825_eoa_0x1234_137_1_M-jka2rcMWxqMC-uUfWKo" worker_count=1
2026-09-26T14:10:25.848424Z  WARN prune_race_condition: Job processing started job_id="eoa_0x1234_137" lease_token="1790431825_eoa_0x1234_137_1_rlB7PSMX7-AIpLtkLvNym" worker_count=1
2026-09-26T14:10:25.949008Z  WARN prune_race_condition: Job processing started job_id="eoa_0x1234_137" lease_token="1790431825_eoa_0x1234_137_1_l50WC5zlTnaO-EhtcFdn0" worker_count=1
2026-09-26T14:10:26.050339Z  WARN prune_race_condition: Job processing started job_id="eoa_0x1234_137" lease_token="1790431826_eoa_0x1234_137_1_pK7OES7YqKPBr77JHe7aT" worker_count=1
2026-09-26T14:10:26.149053Z  WARN prune_race_condition: Job processing started job_id="eoa_0x1234_137" lease_token="1790431826_eoa_0x1234_137_1_VcN_IxM7G49aXykQcS-fx" worker_count=1
2026-09-26T14:10:26.249446Z  WARN prune_race_condition: Job processing started job_id="eoa_0x1234_137" lease_token="1790431826_eoa_0x1234_137_1_BjtlnV8MXP6Kg-9Gy0Af3" worker_count=1
2026-09-26T14:10:26.349813Z  WARN prune_race_condition: Job processing started job_id="eoa_0x1234_137" lease_token="1790431826_eoa_0x1234_137_1_anNTnC7Wgtq0lEsB78qNh" worker_count=1
2026-09-26T14:10:26.448543Z  WARN prune_race_condition: Job processing started job_id="eoa_0x1234_137" lease_token="1790431826_eoa_0x1234_137_1_DhnJbkwvjgGjhD9lDAtyU" worker_count=1
2026-09-26T14:10:26.503499Z  WARN prune_race_condition: Job processing started job_id="eoa_0x1234_137" lease_token="1790431826_eoa_0x1234_137_1_UOooEiOuYu4eqmidkAfeS" worker_count=1
2026-09-26T14:10:26.558812Z  WARN prune_race_condition: Job processing started job_id="eoa_0x1234_137" lease_token="1790431826_eoa_0x1234_137_1_AGD1I_x5RmbKB4fhBi3do" worker_count=1
2026-09-26T14:10:26.649603Z  WARN prune_race_condition: Job processing started job_id="eoa_0x1234_137" lease_token="1790431826_eoa_0x1234_137_1_LTmBLeru1USDTnK-MFGKE" worker_count=1
2026-09-26T14:10:26.749087Z  WARN prune_race_condition: Job processing started job_id="eoa_0x1234_137" lease_token="1790431826_eoa_0x1234_137_1_VAiUswWeAeqthQp4Sg-Fa" worker_count=1
2026-09-26T14:10:26.850396Z  WARN prune_race_condition: Job processing started job_id="eoa_0x1234_137" lease_token="1790431826_eoa_0x1234_137_1_0YaWkWDiZwNHH4MCwpIDU" worker_count=1
2026-09-26T14:10:26.905605Z  WARN prune_race_condition: Job processing started job_id="eoa_0x1234_137" lease_token="1790431826_eoa_0x1234_137_1_wcOLIyRUfz0zvlLLCK4gp" worker_count=1
2026-09-26T14:10:26.960033Z  WARN prune_race_condition: Job processing started job_id="eoa_0x1234_137" lease_token="1790431826_eoa_0x1234_137_1_VABAJiClFk0TBOGdiZjjo" worker_count=1
2026-09-26T14:10:27.049804Z  WARN prune_race_condition: Job processing started job_id="eoa_0x1234_137" lease_token="1790431827_eoa_0x1234_137_1_k_6mlkZmJcLrclL-UdDQ6" worker_count=1
2026-09-26T14:10:27.148773Z  WARN prune_race_condition: Job processing started job_id="eoa_0x1234_137" lease_token="1790431827_eoa_0x1234_137_1_W7Y56OekDiNlOaYogrtUX" worker_count=1
2026-09-26T14:10:27.249808Z  WARN prune_race_condition: Job processing started job_id="eoa_0x1234_137" lease_token="1790431827_eoa_0x1234_137_1_aCscLLb_mRggskZ4Xvr0w" worker_count=1
2026-09-26T14:10:27.350084Z  WARN prune_race_condition: Job processing started job_id="eoa_0x1234_137" lease_token="1790431827_eoa_0x1234_137_1_OzOKwKhkaRS3wbAz88E4Y" worker_count=1
2026-09-26T14:10:27.449205Z  WARN prune_race_condition: Job processing started job_id="eoa_0x1234_137" lease_token="1790431827_eoa_0x1234_137_1_92iLtpUZpDvvi3C-QjbFO" worker_count=1
2026-09-26T14:10:27.549087Z  WARN prune_race_condition: Job processing started job_id="eoa_0x1234_137" lease_token="1790431827_eoa_0x1234_137_1_tkT5Fr5JojofyafnGAUvU" worker_count=1
2026-09-26T14:10:27.650453Z  WARN prune_race_condition: Job processing started job_id="eoa_0x1234_137" lease_token="1790431827_eoa_0x1234_137_1_STFJIfHTYerViQ6vVhOT1" worker_count=1
2026-09-26T14:10:27.749025Z  WARN prune_race_condition: Job processing started job_id="eoa_0x1234_137" lease_token="1790431827_eoa_0x1234_137_1_6vp0Nbef1mMaRFkZHZEVb" worker_count=1
2026-09-26T14:10:27.850523Z  WARN prune_race_condition: Job processing started job_id="eoa_0x1234_137" lease_token="1790431827_eoa_0x1234_137_1_YcW8wFmZrLKftIuTPMV2N" worker_count=1
2026-09-26T14:10:27.905153Z  WARN prune_race_condition: Job processing started job_id="eoa_0x1234_137" lease_token="1790431827_eoa_0x1234_137_1_xsY75Fc8onnAGiAb7JoGg" worker_count=1
2026-09-26T14:10:27.960104Z  WARN prune_race_condition: Job processing started job_id="eoa_0x1234_137" lease_token="1790431827_eoa_0x1234_137_1_6NkR9ZmdONxJnH2MIbF5V" worker_count=1
2026-09-26T14:10:28.016265Z  WARN prune_race_condition: Job processing started job_id="eoa_0x1234_137" lease_token="1790431828_eoa_0x1234_137_1_naIOno-2XeAiEPUyp6364" worker_count=1
2026-09-26T14:10:28.071238Z  WARN prune_race_condition: Job processing started job_id="eoa_0x1234_137" lease_token="1790431828_eoa_0x1234_137_1_jfrLKcYHnJh3FCb9EAH-9" worker_count=1
2026-09-26T14:10:28.150039Z  WARN prune_race_condition: Job processing started job_id="eoa_0x1234_137" lease_token="1790431828_eoa_0x1234_137_1_cseU4onV2KA90J_RSuYXg" worker_count=1
2026-09-26T14:10:28.250289Z  WARN prune_race_condition: Job processing started job_id="eoa_0x1234_137" lease_token="1790431828_eoa_0x1234_137_1_kPRKj4ULWXYnTqESYaRyJ" worker_count=1
2026-09-26T14:10:28.306218Z  WARN prune_race_condition: Job processing started job_id="eoa_0x1234_137" lease_token="1790431828_eoa_0x1234_137_1_0U46jY9naG7SZHkHxmWFV" worker_count=1
2026-09-26T14:10:28.361362Z  WARN prune_race_condition: Job processing started job_id="eoa_0x1234_137" lease_token="1790431828_eoa_0x1234_137_1_t8AzI-ZiiabRfg8l_P657" worker_count=1
2026-09-26T14:10:28.450626Z  WARN prune_race_condition: Job processing started job_id="eoa_0x1234_137" lease_token="1790431828_eoa_0x1234_137_1_TJDugBWCJyZeakK8YUbkw" worker_count=1
2026-09-26T14:10:28.549432Z  WARN prune_race_condition: Job processing started job_id="eoa_0x1234_137" lease_token="1790431828_eoa_0x1234_137_1_DGjQ7eLbVLY7arF-5Kpl_" worker_count=1
2026-09-26T14:10:28.650251Z  WARN prune_race_condition: Job processing started job_id="eoa_0x1234_137" lease_token="1790431828_eoa_0x1234_137_1_Yzual1IBhPh9YAHc_2gUL" worker_count=1
2026-09-26T14:10:28.705758Z  WARN prune_race_condition: Job processing started job_id="eoa_0x1234_137" lease_token="1790431828_eoa_0x1234_137_1_SR9qPkt8gaZFcXYu9SYkJ" worker_count=1
2026-09-26T14:10:28.850427Z  WARN prune_race_condition: Job processing started job_id="eoa_0x1234_137" lease_token="1790431828_eoa_0x1234_137_1_V9BGqb_PcafdhTsDwK1OK" worker_count=1
2026-09-26T14:10:28.905677Z  WARN prune_race_condition: Job processing started job_id="eoa_0x1234_137" lease_token="1790431828_eoa_0x1234_137_1_in3xax2T-gHpz8PPSh6vd" worker_count=1
2026-09-26T14:10:29.048984Z  WARN prune_race_condition: Job processing started job_id="eoa_0x1234_137" lease_token="1790431829_eoa_0x1234_137_1_KIxuMXQxw-fV8R6HK4qvc" worker_count=1
2026-09-26T14:10:29.103115Z  WARN prune_race_condition: Job processing started job_id="eoa_0x1234_137" lease_token="1790431829_eoa_0x1234_137_1_gOEqolyXBti8ZFbDfTLEG" worker_count=1
2026-09-26T14:10:29.250388Z  WARN prune_race_condition: Job processing started job_id="eoa_0x1234_137" lease_token="1790431829_eoa_0x1234_137_1_xQlX4uf95VeM0BmLS4pKg" worker_count=1
2026-09-26T14:10:29.350028Z  WARN prune_race_condition: Job processing started job_id="eoa_0x1234_137" lease_token="1790431829_eoa_0x1234_137_1_HOGarw3czUlITcSkycWak" worker_count=1
2026-09-26T14:10:29.450889Z  WARN prune_race_condition: Job processing started job_id="eoa_0x1234_137" lease_token="1790431829_eoa_0x1234_137_1_5wLjMdrHAyDZlidPE_LPR" worker_count=1
2026-09-26T14:10:29.548992Z  WARN prune_race_condition: Job processing started job_id="eoa_0x1234_137" lease_token="1790431829_eoa_0x1234_137_1_Fs6tGoMzMseJcdEsOGqUE" worker_count=1
2026-09-26T14:10:29.604061Z  WARN prune_race_condition: Job processing started job_id="eoa_0x1234_137" lease_token="1790431829_eoa_0x1234_137_1_5senGlGaswPB24n_MSs_c" worker_count=1
2026-09-26T14:10:29.749991Z  WARN prune_race_condition: Job processing started job_id="eoa_0x1234_137" lease_token="1790431829_eoa_0x1234_137_1_b8g_YQLUi-ucOryURIISW" worker_count=1
2026-09-26T14:10:29.850604Z  WARN prune_race_condition: Job processing started job_id="eoa_0x1234_137" lease_token="1790431829_eoa_0x1234_137_1_plGvAU-d9xM-Ux3S-s-96" worker_count=1
2026-09-26T14:10:29.905652Z  WARN prune_race_condition: Job processing started job_id="eoa_0x1234_137" lease_token="1790431829_eoa_0x1234_137_1_IJr3cm4g36tSn2IPmqxKp" worker_count=1
2026-09-26T14:10:30.050036Z  WARN prune_race_condition: Job processing started job_id="eoa_0x1234_137" lease_token="1790431830_eoa_0x1234_137_1_KfobD9qQukswnmjTEP69j" worker_count=1
2026-09-26T14:10:30.148666Z  WARN prune_race_condition: Job processing started job_id="eoa_0x1234_137" lease_token="1790431830_eoa_0x1234_137_1_itn8ugySbMxmaoJX4Ds9Q" worker_count=1
2026-09-26T14:10:30.204203Z  WARN prune_race_condition: Job processing started job_id="eoa_0x1234_137" lease_token="1790431830_eoa_0x1234_137_1_0wCB4o-yVqmLWFC7ItnbP" worker_count=1
2026-09-26T14:10:30.348790Z  WARN prune_race_condition: Job processing started job_id="eoa_0x1234_137" lease_token="1790431830_eoa_0x1234_137_1_-4jGCzkEeqL0gycdF8gYr" worker_count=1
2026-09-26T14:10:30.450475Z  WARN prune_race_condition: Job processing started job_id="eoa_0x1234_137" lease_token="1790431830_eoa_0x1234_137_1__uw-K5tQAApxsHdCAb_ga" worker_count=1
2026-09-26T14:10:30.550090Z  WARN prune_race_condition: Job processing started job_id="eoa_0x1234_137" lease_token="1790431830_eoa_0x1234_137_1_7ztLNB3fUVC0brD2T_Pp6" worker_count=1
2026-09-26T14:10:30.649868Z  WARN prune_race_condition: Job processing started job_id="eoa_0x1234_137" lease_token="1790431830_eoa_0x1234_137_1_1GTSlGnmKMOG1wwrgpqYr" worker_count=1
2026-09-26T14:10:30.748981Z  WARN prune_race_condition: Job processing started job_id="eoa_0x1234_137" lease_token="1790431830_eoa_0x1234_137_1_uYCR3tqMnjDubro37v1jz" worker_count=1
2026-09-26T14:10:30.803062Z  WARN prune_race_condition: Job processing started job_id="eoa_0x1234_137" lease_token="1790431830_eoa_0x1234_137_1_qPW1N6BtRlC08GO5hJxgW" worker_count=1
2026-09-26T14:10:30.858255Z  WARN prune_race_condition: Job processing started job_id="eoa_0x1234_137" lease_token="1790431830_eoa_0x1234_137_1_zXalrJwJXtGRdpqbK7HHv" worker_count=1
2026-09-26T14:10:30.913052Z  WARN prune_race_condition: Job processing started job_id="eoa_0x1234_137" lease_token="1790431830_eoa_0x1234_137_1_r1I5O5LjwPgPoA4oGHdW-" worker_count=1
2026-09-26T14:10:31.050592Z  WARN prune_race_condition: Job processing started job_id="eoa_0x1234_137" lease_token="1790431831_eoa_0x1234_137_1_f6cc7wgjfrNyJA2doeKET" worker_count=1
2026-09-26T14:10:31.105155Z  WARN prune_race_condition: Job processing started job_id="eoa_0x1234_137" lease_token="1790431831_eoa_0x1234_137_1_mZT9r77PtYX8D1Ht8heuQ" worker_count=1
2026-09-26T14:10:31.160675Z  WARN prune_race_condition: Job processing started job_id="eoa_0x1234_137" lease_token="1790431831_eoa_0x1234_137_1_DNO9jC_MOPzKo-XihBYpI" worker_count=1
2026-09-26T14:10:31.215241Z  WARN prune_race_condition: Job processing started job_id="eoa_0x1234_137" lease_token="1790431831_eoa_0x1234_137_1_rTwijGcHFcEDv7TC9r3Mo" worker_count=1
2026-09-26T14:10:31.349590Z  WARN prune_race_condition: Job processing started job_id="eoa_0x1234_137" lease_token="1790431831_eoa_0x1234_137_1_DUAjZQX_wXFXVl2AbNGTz" worker_count=1
2026-09-26T14:10:31.404320Z  WARN prune_race_condition: Job processing started job_id="eoa_0x1234_137" lease_token="1790431831_eoa_0x1234_137_1_6YuRP7Q3572WLCE_NPhX6" worker_count=1
2026-09-26T14:10:31.549403Z  WARN prune_race_condition: Job processing started job_id="eoa_0x1234_137" lease_token="1790431831_eoa_0x1234_137_1_ry-33npzuHFVTo-nefnYm" worker_count=1
2026-09-26T14:10:31.650439Z  WARN prune_race_condition: Job processing started job_id="eoa_0x1234_137" lease_token="1790431831_eoa_0x1234_137_1_vTOGScfCydGvPua5qt4hT" worker_count=1
2026-09-26T14:10:31.748404Z  WARN prune_race_condition: Job processing started job_id="eoa_0x1234_137" lease_token="1790431831_eoa_0x1234_137_1_1DJA83dkf6J8tpIQb7Std" worker_count=1
2026-09-26T14:10:31.850331Z  WARN prune_race_condition: Job processing started job_id="eoa_0x1234_137" lease_token="1790431831_eoa_0x1234_137_1_dTo3VVtUT-eBzmY43X4la" worker_count=1
2026-09-26T14:10:31.905911Z  WARN prune_race_condition: Job processing started job_id="eoa_0x1234_137" lease_token="1790431831_eoa_0x1234_137_1_nSg2-GAWDNReB3gml8CB_" worker_count=1
2026-09-26T14:10:32.049786Z  WARN prune_race_condition: Job processing started job_id="eoa_0x1234_137" lease_token="1790431832_eoa_0x1234_137_1_SOyBmUWweNn7wp0w5_L52" worker_count=1
2026-09-26T14:10:32.149009Z  WARN prune_race_condition: Job processing started job_id="eoa_0x1234_137" lease_token="1790431832_eoa_0x1234_137_1_cwJeSum9bQp-cOii-LaVa" worker_count=1
2026-09-26T14:10:32.250946Z  WARN prune_race_condition: Job processing started job_id="eoa_0x1234_137" lease_token="1790431832_eoa_0x1234_137_1_TZG0bxsEvz36QnXNlzme9" worker_count=1
2026-09-26T14:10:32.348908Z  WARN prune_race_condition: Job processing started job_id="eoa_0x1234_137" lease_token="1790431832_eoa_0x1234_137_1_CijJhRd_IoiZfi9ulkgiI" worker_count=1
2026-09-26T14:10:32.403443Z  WARN prune_race_condition: Job processing started job_id="eoa_0x1234_137" lease_token="1790431832_eoa_0x1234_137_1_UeL9QmJQe99pKEY1CpZUj" worker_count=1
2026-09-26T14:10:32.548850Z  WARN prune_race_condition: Job processing started job_id="eoa_0x1234_137" lease_token="1790431832_eoa_0x1234_137_1_u_3xAtcWfT52LHPwbLVJp" worker_count=1
2026-09-26T14:10:32.648850Z  WARN prune_race_condition: Job processing started job_id="eoa_0x1234_137" lease_token="1790431832_eoa_0x1234_137_1_39HlxCtfYO1_ebNqzGtb-" worker_count=1
2026-09-26T14:10:32.749735Z  WARN prune_race_condition: Job processing started job_id="eoa_0x1234_137" lease_token="1790431832_eoa_0x1234_137_1_3oylmjIg_VutXmT27w60N" worker_count=1
2026-09-26T14:10:32.849412Z  WARN prune_race_condition: Job processing started job_id="eoa_0x1234_137" lease_token="1790431832_eoa_0x1234_137_1_OtCRMBsPhXN-nzxxVlTok" worker_count=1
2026-09-26T14:10:32.904574Z  WARN prune_race_condition: Job processing started job_id="eoa_0x1234_137" lease_token="1790431832_eoa_0x1234_137_1_SKYx8kRareED8KO1xkkxU" worker_count=1
2026-09-26T14:10:33.050730Z  WARN prune_race_condition: Job processing started job_id="eoa_0x1234_137" lease_token="1790431833_eoa_0x1234_137_1_4OuBYtHDrwxeZuy7OFg-K" worker_count=1
2026-09-26T14:10:33.105284Z  WARN prune_race_condition: Job processing started job_id="eoa_0x1234_137" lease_token="1790431833_eoa_0x1234_137_1_88shvOM9CpfN5vC0GPT0k" worker_count=1
2026-09-26T14:10:33.160192Z  WARN prune_race_condition: Job processing started job_id="eoa_0x1234_137" lease_token="1790431833_eoa_0x1234_137_1_NCxiXZaPKLjTkGnJO3HBB" worker_count=1
2026-09-26T14:10:33.248682Z  WARN prune_race_condition: Job processing started job_id="eoa_0x1234_137" lease_token="1790431833_eoa_0x1234_137_1_aj9j6VKzeF2eCbIdwGlrK" worker_count=1
2026-09-26T14:10:33.350041Z  WARN prune_race_condition: Job processing started job_id="eoa_0x1234_137" lease_token="1790431833_eoa_0x1234_137_1_zYC3osoPxWhrEaAfBAhwT" worker_count=1
2026-09-26T14:10:33.449326Z  WARN prune_race_condition: Job processing started job_id="eoa_0x1234_137" lease_token="1790431833_eoa_0x1234_137_1_VTPBkG94fZW4wcasP2YOs" worker_count=1
2026-09-26T14:10:33.549856Z  WARN prune_race_condition: Job processing started job_id="eoa_0x1234_137" lease_token="1790431833_eoa_0x1234_137_1_L4qmo-prTTsTghG40YYmv" worker_count=1
2026-09-26T14:10:33.603811Z  WARN prune_race_condition: Job processing started job_id="eoa_0x1234_137" lease_token="1790431833_eoa_0x1234_137_1_6kv1yYR9222uNGh6qEgx6" worker_count=1
2026-09-26T14:10:33.750267Z  WARN prune_race_condition: Job processing started job_id="eoa_0x1234_137" lease_token="1790431833_eoa_0x1234_137_1_dKTmSJhLuHYXpeId0xYmt" worker_count=1
2026-09-26T14:10:33.851191Z  WARN prune_race_condition: Job processing started job_id="eoa_0x1234_137" lease_token="1790431833_eoa_0x1234_137_1_lQJaJHb0Ha57stl9_jePH" worker_count=1
2026-09-26T14:10:33.949388Z  WARN prune_race_condition: Job processing started job_id="eoa_0x1234_137" lease_token="1790431833_eoa_0x1234_137_1_GZ0lVL-EXcxF3osN79hK5" worker_count=1
2026-09-26T14:10:34.050755Z  WARN prune_race_condition: Job processing started job_id="eoa_0x1234_137" lease_token="1790431834_eoa_0x1234_137_1_L9GyC5R5rzF9xoEGwayEg" worker_count=1
2026-09-26T14:10:34.149090Z  WARN prune_race_condition: Job processing started job_id="eoa_0x1234_137" lease_token="1790431834_eoa_0x1234_137_1_-Yji3aqIVISK4rietJucN" worker_count=1
2026-09-26T14:10:34.204061Z  WARN prune_race_condition: Job processing started job_id="eoa_0x1234_137" lease_token="1790431834_eoa_0x1234_137_1_0NkjtwpZctg_d0RV0--TO" worker_count=1
2026-09-26T14:10:34.349508Z  WARN prune_race_condition: Job processing started job_id="eoa_0x1234_137" lease_token="1790431834_eoa_0x1234_137_1_1VGp73it8iB-ZYnlgqvtF" worker_count=1
2026-09-26T14:10:34.450796Z  WARN prune_race_condition: Job processing started job_id="eoa_0x1234_137" lease_token="1790431834_eoa_0x1234_137_1_GRyR29tyNS_mZrGV7NfIp" worker_count=1
2026-09-26T14:10:34.506473Z  WARN prune_race_condition: Job processing started job_id="eoa_0x1234_137" lease_token="1790431834_eoa_0x1234_137_1_aO8ZLW_Jl1Kd2JLaEC54c" worker_count=1
2026-09-26T14:10:34.650408Z  WARN prune_race_condition: Job processing started job_id="eoa_0x1234_137" lease_token="1790431834_eoa_0x1234_137_1_5ohAPKLqW9YT4Y1GAnWVD" worker_count=1
2026-09-26T14:10:34.707097Z  WARN prune_race_condition: Job processing started job_id="eoa_0x1234_137" lease_token="1790431834_eoa_0x1234_137_1_9TysKVAfAO5z-pIv_rKhY" worker_count=1
2026-09-26T14:10:34.762755Z  WARN prune_race_condition: Job processing started job_id="eoa_0x1234_137" lease_token="1790431834_eoa_0x1234_137_1_wiqv9D3_dDFg18r4EolY9" worker_count=1
2026-09-26T14:10:34.817507Z  WARN prune_race_condition: Job processing started job_id="eoa_0x1234_137" lease_token="1790431834_eoa_0x1234_137_1_5jyZ0fMQ29XCHP9iVR1Fb" worker_count=1
2026-09-26T14:10:34.873617Z  WARN prune_race_condition: Job processing started job_id="eoa_0x1234_137" lease_token="1790431834_eoa_0x1234_137_1_-uRrhY4RKOtmH8SmI0KyB" worker_count=1
2026-09-26T14:10:34.949371Z  WARN prune_race_condition: Job processing started job_id="eoa_0x1234_137" lease_token="1790431834_eoa_0x1234_137_1_PoeFPPRbBMbXcYZ_bP0G5" worker_count=1
2026-09-26T14:10:35.050816Z  WARN prune_race_condition: Job processing started job_id="eoa_0x1234_137" lease_token="1790431835_eoa_0x1234_137_1_cWTEoIxHzTkY_fdzwIWv6" worker_count=1
2026-09-26T14:10:35.149433Z  WARN prune_race_condition: Job processing started job_id="eoa_0x1234_137" lease_token="1790431835_eoa_0x1234_137_1_1ssVP8DUoCVZb_macu-b0" worker_count=1
2026-09-26T14:10:35.250551Z  WARN prune_race_condition: Job processing started job_id="eoa_0x1234_137" lease_token="1790431835_eoa_0x1234_137_1_DjZuwQ9CunQKAx3M_h5i1" worker_count=1
2026-09-26T14:10:35.349991Z  WARN prune_race_condition: Job processing started job_id="eoa_0x1234_137" lease_token="1790431835_eoa_0x1234_137_1_bEw_RVTWvrCh5etpb_adi" worker_count=1
2026-09-26T14:10:35.450257Z  WARN prune_race_condition: Job processing started job_id="eoa_0x1234_137" lease_token="1790431835_eoa_0x1234_137_1_FVSKtYP1RkRhPZUpPfEFK" worker_count=1
2026-09-26T14:10:35.550849Z  WARN prune_race_condition: Job processing started job_id="eoa_0x1234_137" lease_token="1790431835_eoa_0x1234_137_1_vgHBsPE8hIgXXbkkGnpkw" worker_count=1
2026-09-26T14:10:35.605440Z  WARN prune_race_condition: Job processing started job_id="eoa_0x1234_137" lease_token="1790431835_eoa_0x1234_137_1_7hXMT1VCammpZUGHk0Ses" worker_count=1
2026-09-26T14:10:35.750105Z  WARN prune_race_condition: Job processing started job_id="eoa_0x1234_137" lease_token="1790431835_eoa_0x1234_137_1_46hw7YmQ1_mfNWT9zgqwr" worker_count=1
2026-09-26T14:10:35.850642Z  WARN prune_race_condition: Job processing started job_id="eoa_0x1234_137" lease_token="1790431835_eoa_0x1234_137_1__vx70VNhYlTA7ZYSiZoAr" worker_count=1
2026-09-26T14:10:35.905714Z  WARN prune_race_condition: Job processing started job_id="eoa_0x1234_137" lease_token="1790431835_eoa_0x1234_137_1_KIk6NaWPXgo4A_IVSlGT6" worker_count=1
2026-09-26T14:10:36.051010Z  WARN prune_race_condition: Job processing started job_id="eoa_0x1234_137" lease_token="1790431836_eoa_0x1234_137_1__H_7cM8d-Yhwpph10uprh" worker_count=1
2026-09-26T14:10:36.105584Z  WARN prune_race_condition: Job processing started job_id="eoa_0x1234_137" lease_token="1790431836_eoa_0x1234_137_1_xcLt4RBr4WhaB-gVQdKcA" worker_count=1
2026-09-26T14:10:36.248734Z  WARN prune_race_condition: Job processing started job_id="eoa_0x1234_137" lease_token="1790431836_eoa_0x1234_137_1_zJUiN2K1TlLWGSnaaBZsG" worker_count=1
2026-09-26T14:10:36.348488Z  WARN prune_race_condition: Job processing started job_id="eoa_0x1234_137" lease_token="1790431836_eoa_0x1234_137_1_SDo2GMgwhPZaiSDoLSf3P" worker_count=1
2026-09-26T14:10:36.449551Z  WARN prune_race_condition: Job processing started job_id="eoa_0x1234_137" lease_token="1790431836_eoa_0x1234_137_1_PDt12R3F0iEdn_4NSO4rZ" worker_count=1
2026-09-26T14:10:36.550486Z  WARN prune_race_condition: Job processing started job_id="eoa_0x1234_137" lease_token="1790431836_eoa_0x1234_137_1_dQHSmn9AEyFDN4pQ2CpzW" worker_count=1
2026-09-26T14:10:36.650035Z  WARN prune_race_condition: Job processing started job_id="eoa_0x1234_137" lease_token="1790431836_eoa_0x1234_137_1_OsLwsju9bK7eNbvB6dWfA" worker_count=1
2026-09-26T14:10:36.749223Z  WARN prune_race_condition: Job processing started job_id="eoa_0x1234_137" lease_token="1790431836_eoa_0x1234_137_1_kfz7bkE2AKuYOu0qwI0MS" worker_count=1
2026-09-26T14:10:36.850220Z  WARN prune_race_condition: Job processing started job_id="eoa_0x1234_137" lease_token="1790431836_eoa_0x1234_137_1_U6VDfWRiDixxeybmBWbab" worker_count=1
2026-09-26T14:10:36.950042Z  WARN prune_race_condition: Job processing started job_id="eoa_0x1234_137" lease_token="1790431836_eoa_0x1234_137_1_Mh3Gu8KHgk5JIIFrOFqve" worker_count=1
2026-09-26T14:10:37.051164Z  WARN prune_race_condition: Job processing started job_id="eoa_0x1234_137" lease_token="1790431837_eoa_0x1234_137_1_COH7SWoXW3FXWFogoRBLL" worker_count=1
2026-09-26T14:10:37.148544Z  WARN prune_race_condition: Job processing started job_id="eoa_0x1234_137" lease_token="1790431837_eoa_0x1234_137_1_cvTmrT08TZzFaLpNwtjpf" worker_count=1
2026-09-26T14:10:37.249577Z  WARN prune_race_condition: Job processing started job_id="eoa_0x1234_137" lease_token="1790431837_eoa_0x1234_137_1_qPLpZDvWF-3U9WaTvJFs8" worker_count=1
2026-09-26T14:10:37.349644Z  WARN prune_race_condition: Job processing started job_id="eoa_0x1234_137" lease_token="1790431837_eoa_0x1234_137_1_NbEJQTOWoJVHE55-lUg8A" worker_count=1
2026-09-26T14:10:37.448966Z  WARN prune_race_condition: Job processing started job_id="eoa_0x1234_137" lease_token="1790431837_eoa_0x1234_137_1_wtZZOT_f4T7rnX6XPQDio" worker_count=1
2026-09-26T14:10:37.502454Z  WARN prune_race_condition: === RESULTS ===
2026-09-26T14:10:37.502491Z  WARN prune_race_condition: Race detected: false
2026-09-26T14:10:37.502566Z  WARN prune_race_condition: Total successes: 778
2026-09-26T14:10:37.502582Z  WARN prune_race_condition: Total nacks: 0
ok

test result: ok. 1 passed; 0 failed; 0 ignored; 0 measured; 0 filtered out; finished in 76.16s

     Running tests/prune_race_random_ids.rs (target/debug/deps/prune_race_random_ids-b71fb47507ba3e43)

running 1 test
test test_prune_with_random_ids ... ok

test result: ok. 1 passed; 0 failed; 0 ignored; 0 measured; 0 filtered out; finished in 1.54s

   Doc-tests engine_aa_core

running 0 tests

test result: ok. 0 passed; 0 failed; 0 ignored; 0 measured; 0 filtered out; finished in 0.00s

   Doc-tests engine_aa_types

running 0 tests

test result: ok. 0 passed; 0 failed; 0 ignored; 0 measured; 0 filtered out; finished in 0.00s

   Doc-tests engine_core

running 0 tests

test result: ok. 0 passed; 0 failed; 0 ignored; 0 measured; 0 filtered out; finished in 0.00s

   Doc-tests engine_eip7702_core

running 0 tests

test result: ok. 0 passed; 0 failed; 0 ignored; 0 measured; 0 filtered out; finished in 0.00s

   Doc-tests engine_executors

running 0 tests

test result: ok. 0 passed; 0 failed; 0 ignored; 0 measured; 0 filtered out; finished in 0.00s

   Doc-tests engine_integration_tests

running 0 tests

test result: ok. 0 passed; 0 failed; 0 ignored; 0 measured; 0 filtered out; finished in 0.00s

   Doc-tests engine_solana_core

running 0 tests

test result: ok. 0 passed; 0 failed; 0 ignored; 0 measured; 0 filtered out; finished in 0.00s

   Doc-tests thirdweb_core

running 0 tests

test result: ok. 0 passed; 0 failed; 0 ignored; 0 measured; 0 filtered out; finished in 0.00s

   Doc-tests thirdweb_engine

running 0 tests

test result: ok. 0 passed; 0 failed; 0 ignored; 0 measured; 0 filtered out; finished in 0.00s

   Doc-tests twmq

running 0 tests

test result: ok. 0 passed; 0 failed; 0 ignored; 0 measured; 0 filtered out; finished in 0.00s
