TLC2 Version 2.19 of 08 August 2024 (rev: 5a47802)
Running breadth-first search Model-Checking with fp 0 and seed 1 with 1 worker on 10 cores with 1820MB heap and 64MB offheap memory [pid: 39368] (Mac OS X 26.6.2 aarch64, Eclipse Adoptium 21.0.12.1 x86_64, MSBDiskFPSet, DiskStateQueue).
Parsing file /Users/alfongj/Code/engine-core/formal/tla/SolanaRecovery.tla
Parsing file /private/var/folders/ky/s5xblf5j3515d6h6ss25z3w80000gn/T/Naturals.tla
Parsing file /private/var/folders/ky/s5xblf5j3515d6h6ss25z3w80000gn/T/FiniteSets.tla
Parsing file /private/var/folders/ky/s5xblf5j3515d6h6ss25z3w80000gn/T/Sequences.tla
Parsing file /private/var/folders/ky/s5xblf5j3515d6h6ss25z3w80000gn/T/TLC.tla
Semantic processing of module Naturals
Semantic processing of module Sequences
Semantic processing of module FiniteSets
Semantic processing of module TLC
Semantic processing of module SolanaRecovery
Starting... (2026-09-26 19:09:28)
Computing initial states...
Finished computing initial states: 1 distinct state generated at 2026-09-26 19:09:28.
Error: Invariant BroadcastLimitWitnessNotReached is violated.
Error: The behavior up to this point is:
State 1: <Initial predicate>
s = [ token |-> (w1 :> 0),
  queueOwner |-> 0,
  storageOwner |-> 0,
  messages |-> <<>>,
  epoch |-> 0,
  queue |-> "Pending",
  admission |-> "Active",
  attempt |-> 0,
  broadcasts |-> 0,
  checks |-> 0,
  reservations |-> 0,
  phase |-> (w1 :> "Idle"),
  local |-> (w1 :> 0),
  observed |-> (w1 :> "Unknown"),
  chain |-> (s1 :> "Unseen"),
  expired |-> {},
  effects |-> {},
  persistedEver |-> {},
  terminalIdentity |-> 0,
  terminalKind |-> "None",
  staleTerminal |-> FALSE ]

State 2: <Claim line 34, col 3 to line 37, col 86 of module SolanaRecovery>
s = [ token |-> (w1 :> 1),
  queueOwner |-> 1,
  storageOwner |-> 0,
  messages |-> <<>>,
  epoch |-> 1,
  queue |-> "Active",
  admission |-> "Active",
  attempt |-> 0,
  broadcasts |-> 0,
  checks |-> 0,
  reservations |-> 0,
  phase |-> (w1 :> "Load"),
  local |-> (w1 :> 0),
  observed |-> (w1 :> "Unknown"),
  chain |-> (s1 :> "Unseen"),
  expired |-> {},
  effects |-> {},
  persistedEver |-> {},
  terminalIdentity |-> 0,
  terminalKind |-> "None",
  staleTerminal |-> FALSE ]

State 3: <Lock line 40, col 3 to line 41, col 72 of module SolanaRecovery>
s = [ token |-> (w1 :> 1),
  queueOwner |-> 1,
  storageOwner |-> 1,
  messages |-> <<>>,
  epoch |-> 1,
  queue |-> "Active",
  admission |-> "Active",
  attempt |-> 0,
  broadcasts |-> 0,
  checks |-> 0,
  reservations |-> 0,
  phase |-> (w1 :> "Recover"),
  local |-> (w1 :> 0),
  observed |-> (w1 :> "Unknown"),
  chain |-> (s1 :> "Unseen"),
  expired |-> {},
  effects |-> {},
  persistedEver |-> {},
  terminalIdentity |-> 0,
  terminalKind |-> "None",
  staleTerminal |-> FALSE ]

State 4: <LoadAttempt line 44, col 3 to line 46, col 76 of module SolanaRecovery>
s = [ token |-> (w1 :> 1),
  queueOwner |-> 1,
  storageOwner |-> 1,
  messages |-> <<>>,
  epoch |-> 1,
  queue |-> "Active",
  admission |-> "Active",
  attempt |-> 0,
  broadcasts |-> 0,
  checks |-> 0,
  reservations |-> 0,
  phase |-> (w1 :> "Build"),
  local |-> (w1 :> 0),
  observed |-> (w1 :> "Unknown"),
  chain |-> (s1 :> "Unseen"),
  expired |-> {},
  effects |-> {},
  persistedEver |-> {},
  terminalIdentity |-> 0,
  terminalKind |-> "None",
  staleTerminal |-> FALSE ]

State 5: <Build line 49, col 3 to line 51, col 57 of module SolanaRecovery>
s = [ token |-> (w1 :> 1),
  queueOwner |-> 1,
  storageOwner |-> 1,
  messages |-> <<>>,
  epoch |-> 1,
  queue |-> "Active",
  admission |-> "Active",
  attempt |-> 0,
  broadcasts |-> 0,
  checks |-> 0,
  reservations |-> 0,
  phase |-> (w1 :> "Built"),
  local |-> (w1 :> s1),
  observed |-> (w1 :> "Unknown"),
  chain |-> (s1 :> "Unseen"),
  expired |-> {},
  effects |-> {},
  persistedEver |-> {},
  terminalIdentity |-> 0,
  terminalKind |-> "None",
  staleTerminal |-> FALSE ]

State 6: <Persist line 54, col 3 to line 56, col 86 of module SolanaRecovery>
s = [ token |-> (w1 :> 1),
  queueOwner |-> 1,
  storageOwner |-> 1,
  messages |-> <<>>,
  epoch |-> 1,
  queue |-> "Active",
  admission |-> "Active",
  attempt |-> s1,
  broadcasts |-> 0,
  checks |-> 0,
  reservations |-> 0,
  phase |-> (w1 :> "PrepareSend"),
  local |-> (w1 :> s1),
  observed |-> (w1 :> "Unknown"),
  chain |-> (s1 :> "Unseen"),
  expired |-> {},
  effects |-> {},
  persistedEver |-> {s1},
  terminalIdentity |-> 0,
  terminalKind |-> "None",
  staleTerminal |-> FALSE ]

State 7: <PrepareSend line 59, col 3 to line 61, col 86 of module SolanaRecovery>
s = [ token |-> (w1 :> 1),
  queueOwner |-> 1,
  storageOwner |-> 1,
  messages |-> <<>>,
  epoch |-> 1,
  queue |-> "Active",
  admission |-> "Active",
  attempt |-> s1,
  broadcasts |-> 1,
  checks |-> 0,
  reservations |-> 1,
  phase |-> (w1 :> "Send"),
  local |-> (w1 :> s1),
  observed |-> (w1 :> "Unknown"),
  chain |-> (s1 :> "Unseen"),
  expired |-> {},
  effects |-> {},
  persistedEver |-> {s1},
  terminalIdentity |-> 0,
  terminalKind |-> "None",
  staleTerminal |-> FALSE ]

State 8: <Send line 75, col 3 to line 78, col 68 of module SolanaRecovery>
s = [ token |-> (w1 :> 1),
  queueOwner |-> 1,
  storageOwner |-> 1,
  messages |-> <<[identity |-> s1, persistedBefore |-> TRUE]>>,
  epoch |-> 1,
  queue |-> "Active",
  admission |-> "Active",
  attempt |-> s1,
  broadcasts |-> 1,
  checks |-> 0,
  reservations |-> 1,
  phase |-> (w1 :> "Retry"),
  local |-> (w1 :> s1),
  observed |-> (w1 :> "Unknown"),
  chain |-> (s1 :> "Unseen"),
  expired |-> {},
  effects |-> {},
  persistedEver |-> {s1},
  terminalIdentity |-> 0,
  terminalKind |-> "None",
  staleTerminal |-> FALSE ]

State 9: <Retry line 147, col 3 to line 152, col 62 of module SolanaRecovery>
s = [ token |-> (w1 :> 0),
  queueOwner |-> 0,
  storageOwner |-> 0,
  messages |-> <<[identity |-> s1, persistedBefore |-> TRUE]>>,
  epoch |-> 1,
  queue |-> "Pending",
  admission |-> "Active",
  attempt |-> s1,
  broadcasts |-> 1,
  checks |-> 0,
  reservations |-> 1,
  phase |-> (w1 :> "Idle"),
  local |-> (w1 :> 0),
  observed |-> (w1 :> "Unknown"),
  chain |-> (s1 :> "Unseen"),
  expired |-> {},
  effects |-> {},
  persistedEver |-> {s1},
  terminalIdentity |-> 0,
  terminalKind |-> "None",
  staleTerminal |-> FALSE ]

State 10: <Claim line 34, col 3 to line 37, col 86 of module SolanaRecovery>
s = [ token |-> (w1 :> 2),
  queueOwner |-> 2,
  storageOwner |-> 0,
  messages |-> <<[identity |-> s1, persistedBefore |-> TRUE]>>,
  epoch |-> 2,
  queue |-> "Active",
  admission |-> "Active",
  attempt |-> s1,
  broadcasts |-> 1,
  checks |-> 0,
  reservations |-> 1,
  phase |-> (w1 :> "Load"),
  local |-> (w1 :> 0),
  observed |-> (w1 :> "Unknown"),
  chain |-> (s1 :> "Unseen"),
  expired |-> {},
  effects |-> {},
  persistedEver |-> {s1},
  terminalIdentity |-> 0,
  terminalKind |-> "None",
  staleTerminal |-> FALSE ]

State 11: <Lock line 40, col 3 to line 41, col 72 of module SolanaRecovery>
s = [ token |-> (w1 :> 2),
  queueOwner |-> 2,
  storageOwner |-> 2,
  messages |-> <<[identity |-> s1, persistedBefore |-> TRUE]>>,
  epoch |-> 2,
  queue |-> "Active",
  admission |-> "Active",
  attempt |-> s1,
  broadcasts |-> 1,
  checks |-> 0,
  reservations |-> 1,
  phase |-> (w1 :> "Recover"),
  local |-> (w1 :> 0),
  observed |-> (w1 :> "Unknown"),
  chain |-> (s1 :> "Unseen"),
  expired |-> {},
  effects |-> {},
  persistedEver |-> {s1},
  terminalIdentity |-> 0,
  terminalKind |-> "None",
  staleTerminal |-> FALSE ]

State 12: <LoadAttempt line 44, col 3 to line 46, col 76 of module SolanaRecovery>
s = [ token |-> (w1 :> 2),
  queueOwner |-> 2,
  storageOwner |-> 2,
  messages |-> <<[identity |-> s1, persistedBefore |-> TRUE]>>,
  epoch |-> 2,
  queue |-> "Active",
  admission |-> "Active",
  attempt |-> s1,
  broadcasts |-> 1,
  checks |-> 0,
  reservations |-> 1,
  phase |-> (w1 :> "Check"),
  local |-> (w1 :> s1),
  observed |-> (w1 :> "Unknown"),
  chain |-> (s1 :> "Unseen"),
  expired |-> {},
  effects |-> {},
  persistedEver |-> {s1},
  terminalIdentity |-> 0,
  terminalKind |-> "None",
  staleTerminal |-> FALSE ]

State 13: <Observe line 102, col 3 to line 106, col 85 of module SolanaRecovery>
s = [ token |-> (w1 :> 2),
  queueOwner |-> 2,
  storageOwner |-> 2,
  messages |-> <<[identity |-> s1, persistedBefore |-> TRUE]>>,
  epoch |-> 2,
  queue |-> "Active",
  admission |-> "Active",
  attempt |-> s1,
  broadcasts |-> 1,
  checks |-> 1,
  reservations |-> 1,
  phase |-> (w1 :> "Observed"),
  local |-> (w1 :> s1),
  observed |-> (w1 :> "Absent"),
  chain |-> (s1 :> "Unseen"),
  expired |-> {},
  effects |-> {},
  persistedEver |-> {s1},
  terminalIdentity |-> 0,
  terminalKind |-> "None",
  staleTerminal |-> FALSE ]

State 14: <Decide line 113, col 3 to line 117, col 67 of module SolanaRecovery>
s = [ token |-> (w1 :> 2),
  queueOwner |-> 2,
  storageOwner |-> 2,
  messages |-> <<[identity |-> s1, persistedBefore |-> TRUE]>>,
  epoch |-> 2,
  queue |-> "Active",
  admission |-> "Active",
  attempt |-> s1,
  broadcasts |-> 1,
  checks |-> 1,
  reservations |-> 1,
  phase |-> (w1 :> "Validity"),
  local |-> (w1 :> s1),
  observed |-> (w1 :> "Absent"),
  chain |-> (s1 :> "Unseen"),
  expired |-> {},
  effects |-> {},
  persistedEver |-> {s1},
  terminalIdentity |-> 0,
  terminalKind |-> "None",
  staleTerminal |-> FALSE ]

State 15: <Validity line 120, col 3 to line 122, col 77 of module SolanaRecovery>
s = [ token |-> (w1 :> 2),
  queueOwner |-> 2,
  storageOwner |-> 2,
  messages |-> <<[identity |-> s1, persistedBefore |-> TRUE]>>,
  epoch |-> 2,
  queue |-> "Active",
  admission |-> "Active",
  attempt |-> s1,
  broadcasts |-> 1,
  checks |-> 1,
  reservations |-> 1,
  phase |-> (w1 :> "PrepareSend"),
  local |-> (w1 :> s1),
  observed |-> (w1 :> "Absent"),
  chain |-> (s1 :> "Unseen"),
  expired |-> {},
  effects |-> {},
  persistedEver |-> {s1},
  terminalIdentity |-> 0,
  terminalKind |-> "None",
  staleTerminal |-> FALSE ]

State 16: <PrepareSend line 59, col 3 to line 61, col 86 of module SolanaRecovery>
s = [ token |-> (w1 :> 2),
  queueOwner |-> 2,
  storageOwner |-> 2,
  messages |-> <<[identity |-> s1, persistedBefore |-> TRUE]>>,
  epoch |-> 2,
  queue |-> "Active",
  admission |-> "Active",
  attempt |-> s1,
  broadcasts |-> 2,
  checks |-> 1,
  reservations |-> 2,
  phase |-> (w1 :> "Send"),
  local |-> (w1 :> s1),
  observed |-> (w1 :> "Absent"),
  chain |-> (s1 :> "Unseen"),
  expired |-> {},
  effects |-> {},
  persistedEver |-> {s1},
  terminalIdentity |-> 0,
  terminalKind |-> "None",
  staleTerminal |-> FALSE ]

State 17: <Send line 75, col 3 to line 78, col 68 of module SolanaRecovery>
s = [ token |-> (w1 :> 2),
  queueOwner |-> 2,
  storageOwner |-> 2,
  messages |->
      << [identity |-> s1, persistedBefore |-> TRUE],
         [identity |-> s1, persistedBefore |-> TRUE] >>,
  epoch |-> 2,
  queue |-> "Active",
  admission |-> "Active",
  attempt |-> s1,
  broadcasts |-> 2,
  checks |-> 1,
  reservations |-> 2,
  phase |-> (w1 :> "Retry"),
  local |-> (w1 :> s1),
  observed |-> (w1 :> "Unknown"),
  chain |-> (s1 :> "Unseen"),
  expired |-> {},
  effects |-> {},
  persistedEver |-> {s1},
  terminalIdentity |-> 0,
  terminalKind |-> "None",
  staleTerminal |-> FALSE ]

State 18: <Retry line 147, col 3 to line 152, col 62 of module SolanaRecovery>
s = [ token |-> (w1 :> 0),
  queueOwner |-> 0,
  storageOwner |-> 0,
  messages |->
      << [identity |-> s1, persistedBefore |-> TRUE],
         [identity |-> s1, persistedBefore |-> TRUE] >>,
  epoch |-> 2,
  queue |-> "Pending",
  admission |-> "Active",
  attempt |-> s1,
  broadcasts |-> 2,
  checks |-> 1,
  reservations |-> 2,
  phase |-> (w1 :> "Idle"),
  local |-> (w1 :> 0),
  observed |-> (w1 :> "Unknown"),
  chain |-> (s1 :> "Unseen"),
  expired |-> {},
  effects |-> {},
  persistedEver |-> {s1},
  terminalIdentity |-> 0,
  terminalKind |-> "None",
  staleTerminal |-> FALSE ]

State 19: <Claim line 34, col 3 to line 37, col 86 of module SolanaRecovery>
s = [ token |-> (w1 :> 3),
  queueOwner |-> 3,
  storageOwner |-> 0,
  messages |->
      << [identity |-> s1, persistedBefore |-> TRUE],
         [identity |-> s1, persistedBefore |-> TRUE] >>,
  epoch |-> 3,
  queue |-> "Active",
  admission |-> "Active",
  attempt |-> s1,
  broadcasts |-> 2,
  checks |-> 1,
  reservations |-> 2,
  phase |-> (w1 :> "Load"),
  local |-> (w1 :> 0),
  observed |-> (w1 :> "Unknown"),
  chain |-> (s1 :> "Unseen"),
  expired |-> {},
  effects |-> {},
  persistedEver |-> {s1},
  terminalIdentity |-> 0,
  terminalKind |-> "None",
  staleTerminal |-> FALSE ]

State 20: <Lock line 40, col 3 to line 41, col 72 of module SolanaRecovery>
s = [ token |-> (w1 :> 3),
  queueOwner |-> 3,
  storageOwner |-> 3,
  messages |->
      << [identity |-> s1, persistedBefore |-> TRUE],
         [identity |-> s1, persistedBefore |-> TRUE] >>,
  epoch |-> 3,
  queue |-> "Active",
  admission |-> "Active",
  attempt |-> s1,
  broadcasts |-> 2,
  checks |-> 1,
  reservations |-> 2,
  phase |-> (w1 :> "Recover"),
  local |-> (w1 :> 0),
  observed |-> (w1 :> "Unknown"),
  chain |-> (s1 :> "Unseen"),
  expired |-> {},
  effects |-> {},
  persistedEver |-> {s1},
  terminalIdentity |-> 0,
  terminalKind |-> "None",
  staleTerminal |-> FALSE ]

State 21: <LoadAttempt line 44, col 3 to line 46, col 76 of module SolanaRecovery>
s = [ token |-> (w1 :> 3),
  queueOwner |-> 3,
  storageOwner |-> 3,
  messages |->
      << [identity |-> s1, persistedBefore |-> TRUE],
         [identity |-> s1, persistedBefore |-> TRUE] >>,
  epoch |-> 3,
  queue |-> "Active",
  admission |-> "Active",
  attempt |-> s1,
  broadcasts |-> 2,
  checks |-> 1,
  reservations |-> 2,
  phase |-> (w1 :> "Check"),
  local |-> (w1 :> s1),
  observed |-> (w1 :> "Unknown"),
  chain |-> (s1 :> "Unseen"),
  expired |-> {},
  effects |-> {},
  persistedEver |-> {s1},
  terminalIdentity |-> 0,
  terminalKind |-> "None",
  staleTerminal |-> FALSE ]

State 22: <Observe line 102, col 3 to line 106, col 85 of module SolanaRecovery>
s = [ token |-> (w1 :> 3),
  queueOwner |-> 3,
  storageOwner |-> 3,
  messages |->
      << [identity |-> s1, persistedBefore |-> TRUE],
         [identity |-> s1, persistedBefore |-> TRUE] >>,
  epoch |-> 3,
  queue |-> "Active",
  admission |-> "Active",
  attempt |-> s1,
  broadcasts |-> 2,
  checks |-> 2,
  reservations |-> 2,
  phase |-> (w1 :> "Observed"),
  local |-> (w1 :> s1),
  observed |-> (w1 :> "Absent"),
  chain |-> (s1 :> "Unseen"),
  expired |-> {},
  effects |-> {},
  persistedEver |-> {s1},
  terminalIdentity |-> 0,
  terminalKind |-> "None",
  staleTerminal |-> FALSE ]

State 23: <Decide line 113, col 3 to line 117, col 67 of module SolanaRecovery>
s = [ token |-> (w1 :> 3),
  queueOwner |-> 3,
  storageOwner |-> 3,
  messages |->
      << [identity |-> s1, persistedBefore |-> TRUE],
         [identity |-> s1, persistedBefore |-> TRUE] >>,
  epoch |-> 3,
  queue |-> "Active",
  admission |-> "Active",
  attempt |-> s1,
  broadcasts |-> 2,
  checks |-> 2,
  reservations |-> 2,
  phase |-> (w1 :> "Validity"),
  local |-> (w1 :> s1),
  observed |-> (w1 :> "Absent"),
  chain |-> (s1 :> "Unseen"),
  expired |-> {},
  effects |-> {},
  persistedEver |-> {s1},
  terminalIdentity |-> 0,
  terminalKind |-> "None",
  staleTerminal |-> FALSE ]

State 24: <Validity line 120, col 3 to line 122, col 77 of module SolanaRecovery>
s = [ token |-> (w1 :> 3),
  queueOwner |-> 3,
  storageOwner |-> 3,
  messages |->
      << [identity |-> s1, persistedBefore |-> TRUE],
         [identity |-> s1, persistedBefore |-> TRUE] >>,
  epoch |-> 3,
  queue |-> "Active",
  admission |-> "Active",
  attempt |-> s1,
  broadcasts |-> 2,
  checks |-> 2,
  reservations |-> 2,
  phase |-> (w1 :> "PrepareSend"),
  local |-> (w1 :> s1),
  observed |-> (w1 :> "Absent"),
  chain |-> (s1 :> "Unseen"),
  expired |-> {},
  effects |-> {},
  persistedEver |-> {s1},
  terminalIdentity |-> 0,
  terminalKind |-> "None",
  staleTerminal |-> FALSE ]

State 25: <PrepareSend line 59, col 3 to line 61, col 86 of module SolanaRecovery>
s = [ token |-> (w1 :> 3),
  queueOwner |-> 3,
  storageOwner |-> 3,
  messages |->
      << [identity |-> s1, persistedBefore |-> TRUE],
         [identity |-> s1, persistedBefore |-> TRUE] >>,
  epoch |-> 3,
  queue |-> "Active",
  admission |-> "Active",
  attempt |-> s1,
  broadcasts |-> 3,
  checks |-> 2,
  reservations |-> 3,
  phase |-> (w1 :> "Send"),
  local |-> (w1 :> s1),
  observed |-> (w1 :> "Absent"),
  chain |-> (s1 :> "Unseen"),
  expired |-> {},
  effects |-> {},
  persistedEver |-> {s1},
  terminalIdentity |-> 0,
  terminalKind |-> "None",
  staleTerminal |-> FALSE ]

State 26: <Send line 75, col 3 to line 78, col 68 of module SolanaRecovery>
s = [ token |-> (w1 :> 3),
  queueOwner |-> 3,
  storageOwner |-> 3,
  messages |->
      << [identity |-> s1, persistedBefore |-> TRUE],
         [identity |-> s1, persistedBefore |-> TRUE],
         [identity |-> s1, persistedBefore |-> TRUE] >>,
  epoch |-> 3,
  queue |-> "Active",
  admission |-> "Active",
  attempt |-> s1,
  broadcasts |-> 3,
  checks |-> 2,
  reservations |-> 3,
  phase |-> (w1 :> "Retry"),
  local |-> (w1 :> s1),
  observed |-> (w1 :> "Unknown"),
  chain |-> (s1 :> "Unseen"),
  expired |-> {},
  effects |-> {},
  persistedEver |-> {s1},
  terminalIdentity |-> 0,
  terminalKind |-> "None",
  staleTerminal |-> FALSE ]

State 27: <Retry line 147, col 3 to line 152, col 62 of module SolanaRecovery>
s = [ token |-> (w1 :> 0),
  queueOwner |-> 0,
  storageOwner |-> 0,
  messages |->
      << [identity |-> s1, persistedBefore |-> TRUE],
         [identity |-> s1, persistedBefore |-> TRUE],
         [identity |-> s1, persistedBefore |-> TRUE] >>,
  epoch |-> 3,
  queue |-> "Pending",
  admission |-> "Active",
  attempt |-> s1,
  broadcasts |-> 3,
  checks |-> 2,
  reservations |-> 3,
  phase |-> (w1 :> "Idle"),
  local |-> (w1 :> 0),
  observed |-> (w1 :> "Unknown"),
  chain |-> (s1 :> "Unseen"),
  expired |-> {},
  effects |-> {},
  persistedEver |-> {s1},
  terminalIdentity |-> 0,
  terminalKind |-> "None",
  staleTerminal |-> FALSE ]

State 28: <Claim line 34, col 3 to line 37, col 86 of module SolanaRecovery>
s = [ token |-> (w1 :> 4),
  queueOwner |-> 4,
  storageOwner |-> 0,
  messages |->
      << [identity |-> s1, persistedBefore |-> TRUE],
         [identity |-> s1, persistedBefore |-> TRUE],
         [identity |-> s1, persistedBefore |-> TRUE] >>,
  epoch |-> 4,
  queue |-> "Active",
  admission |-> "Active",
  attempt |-> s1,
  broadcasts |-> 3,
  checks |-> 2,
  reservations |-> 3,
  phase |-> (w1 :> "Load"),
  local |-> (w1 :> 0),
  observed |-> (w1 :> "Unknown"),
  chain |-> (s1 :> "Unseen"),
  expired |-> {},
  effects |-> {},
  persistedEver |-> {s1},
  terminalIdentity |-> 0,
  terminalKind |-> "None",
  staleTerminal |-> FALSE ]

State 29: <Lock line 40, col 3 to line 41, col 72 of module SolanaRecovery>
s = [ token |-> (w1 :> 4),
  queueOwner |-> 4,
  storageOwner |-> 4,
  messages |->
      << [identity |-> s1, persistedBefore |-> TRUE],
         [identity |-> s1, persistedBefore |-> TRUE],
         [identity |-> s1, persistedBefore |-> TRUE] >>,
  epoch |-> 4,
  queue |-> "Active",
  admission |-> "Active",
  attempt |-> s1,
  broadcasts |-> 3,
  checks |-> 2,
  reservations |-> 3,
  phase |-> (w1 :> "Recover"),
  local |-> (w1 :> 0),
  observed |-> (w1 :> "Unknown"),
  chain |-> (s1 :> "Unseen"),
  expired |-> {},
  effects |-> {},
  persistedEver |-> {s1},
  terminalIdentity |-> 0,
  terminalKind |-> "None",
  staleTerminal |-> FALSE ]

State 30: <LoadAttempt line 44, col 3 to line 46, col 76 of module SolanaRecovery>
s = [ token |-> (w1 :> 4),
  queueOwner |-> 4,
  storageOwner |-> 4,
  messages |->
      << [identity |-> s1, persistedBefore |-> TRUE],
         [identity |-> s1, persistedBefore |-> TRUE],
         [identity |-> s1, persistedBefore |-> TRUE] >>,
  epoch |-> 4,
  queue |-> "Active",
  admission |-> "Active",
  attempt |-> s1,
  broadcasts |-> 3,
  checks |-> 2,
  reservations |-> 3,
  phase |-> (w1 :> "Check"),
  local |-> (w1 :> s1),
  observed |-> (w1 :> "Unknown"),
  chain |-> (s1 :> "Unseen"),
  expired |-> {},
  effects |-> {},
  persistedEver |-> {s1},
  terminalIdentity |-> 0,
  terminalKind |-> "None",
  staleTerminal |-> FALSE ]

State 31: <Observe line 102, col 3 to line 106, col 85 of module SolanaRecovery>
s = [ token |-> (w1 :> 4),
  queueOwner |-> 4,
  storageOwner |-> 4,
  messages |->
      << [identity |-> s1, persistedBefore |-> TRUE],
         [identity |-> s1, persistedBefore |-> TRUE],
         [identity |-> s1, persistedBefore |-> TRUE] >>,
  epoch |-> 4,
  queue |-> "Active",
  admission |-> "Active",
  attempt |-> s1,
  broadcasts |-> 3,
  checks |-> 3,
  reservations |-> 3,
  phase |-> (w1 :> "Observed"),
  local |-> (w1 :> s1),
  observed |-> (w1 :> "Absent"),
  chain |-> (s1 :> "Unseen"),
  expired |-> {},
  effects |-> {},
  persistedEver |-> {s1},
  terminalIdentity |-> 0,
  terminalKind |-> "None",
  staleTerminal |-> FALSE ]

State 32: <Decide line 113, col 3 to line 117, col 67 of module SolanaRecovery>
s = [ token |-> (w1 :> 4),
  queueOwner |-> 4,
  storageOwner |-> 4,
  messages |->
      << [identity |-> s1, persistedBefore |-> TRUE],
         [identity |-> s1, persistedBefore |-> TRUE],
         [identity |-> s1, persistedBefore |-> TRUE] >>,
  epoch |-> 4,
  queue |-> "Active",
  admission |-> "Active",
  attempt |-> s1,
  broadcasts |-> 3,
  checks |-> 3,
  reservations |-> 3,
  phase |-> (w1 :> "Validity"),
  local |-> (w1 :> s1),
  observed |-> (w1 :> "Absent"),
  chain |-> (s1 :> "Unseen"),
  expired |-> {},
  effects |-> {},
  persistedEver |-> {s1},
  terminalIdentity |-> 0,
  terminalKind |-> "None",
  staleTerminal |-> FALSE ]

State 33: <Validity line 120, col 3 to line 122, col 77 of module SolanaRecovery>
s = [ token |-> (w1 :> 4),
  queueOwner |-> 4,
  storageOwner |-> 4,
  messages |->
      << [identity |-> s1, persistedBefore |-> TRUE],
         [identity |-> s1, persistedBefore |-> TRUE],
         [identity |-> s1, persistedBefore |-> TRUE] >>,
  epoch |-> 4,
  queue |-> "Active",
  admission |-> "Active",
  attempt |-> s1,
  broadcasts |-> 3,
  checks |-> 3,
  reservations |-> 3,
  phase |-> (w1 :> "PrepareSend"),
  local |-> (w1 :> s1),
  observed |-> (w1 :> "Absent"),
  chain |-> (s1 :> "Unseen"),
  expired |-> {},
  effects |-> {},
  persistedEver |-> {s1},
  terminalIdentity |-> 0,
  terminalKind |-> "None",
  staleTerminal |-> FALSE ]

State 34: <PrepareSend line 59, col 3 to line 61, col 86 of module SolanaRecovery>
s = [ token |-> (w1 :> 4),
  queueOwner |-> 4,
  storageOwner |-> 4,
  messages |->
      << [identity |-> s1, persistedBefore |-> TRUE],
         [identity |-> s1, persistedBefore |-> TRUE],
         [identity |-> s1, persistedBefore |-> TRUE] >>,
  epoch |-> 4,
  queue |-> "Active",
  admission |-> "Active",
  attempt |-> s1,
  broadcasts |-> 4,
  checks |-> 3,
  reservations |-> 4,
  phase |-> (w1 :> "Send"),
  local |-> (w1 :> s1),
  observed |-> (w1 :> "Absent"),
  chain |-> (s1 :> "Unseen"),
  expired |-> {},
  effects |-> {},
  persistedEver |-> {s1},
  terminalIdentity |-> 0,
  terminalKind |-> "None",
  staleTerminal |-> FALSE ]

State 35: <Send line 75, col 3 to line 78, col 68 of module SolanaRecovery>
s = [ token |-> (w1 :> 4),
  queueOwner |-> 4,
  storageOwner |-> 4,
  messages |->
      << [identity |-> s1, persistedBefore |-> TRUE],
         [identity |-> s1, persistedBefore |-> TRUE],
         [identity |-> s1, persistedBefore |-> TRUE],
         [identity |-> s1, persistedBefore |-> TRUE] >>,
  epoch |-> 4,
  queue |-> "Active",
  admission |-> "Active",
  attempt |-> s1,
  broadcasts |-> 4,
  checks |-> 3,
  reservations |-> 4,
  phase |-> (w1 :> "Retry"),
  local |-> (w1 :> s1),
  observed |-> (w1 :> "Unknown"),
  chain |-> (s1 :> "Unseen"),
  expired |-> {},
  effects |-> {},
  persistedEver |-> {s1},
  terminalIdentity |-> 0,
  terminalKind |-> "None",
  staleTerminal |-> FALSE ]

State 36: <Retry line 147, col 3 to line 152, col 62 of module SolanaRecovery>
s = [ token |-> (w1 :> 0),
  queueOwner |-> 0,
  storageOwner |-> 0,
  messages |->
      << [identity |-> s1, persistedBefore |-> TRUE],
         [identity |-> s1, persistedBefore |-> TRUE],
         [identity |-> s1, persistedBefore |-> TRUE],
         [identity |-> s1, persistedBefore |-> TRUE] >>,
  epoch |-> 4,
  queue |-> "Pending",
  admission |-> "Active",
  attempt |-> s1,
  broadcasts |-> 4,
  checks |-> 3,
  reservations |-> 4,
  phase |-> (w1 :> "Idle"),
  local |-> (w1 :> 0),
  observed |-> (w1 :> "Unknown"),
  chain |-> (s1 :> "Unseen"),
  expired |-> {},
  effects |-> {},
  persistedEver |-> {s1},
  terminalIdentity |-> 0,
  terminalKind |-> "None",
  staleTerminal |-> FALSE ]

State 37: <Claim line 34, col 3 to line 37, col 86 of module SolanaRecovery>
s = [ token |-> (w1 :> 5),
  queueOwner |-> 5,
  storageOwner |-> 0,
  messages |->
      << [identity |-> s1, persistedBefore |-> TRUE],
         [identity |-> s1, persistedBefore |-> TRUE],
         [identity |-> s1, persistedBefore |-> TRUE],
         [identity |-> s1, persistedBefore |-> TRUE] >>,
  epoch |-> 5,
  queue |-> "Active",
  admission |-> "Active",
  attempt |-> s1,
  broadcasts |-> 4,
  checks |-> 3,
  reservations |-> 4,
  phase |-> (w1 :> "Load"),
  local |-> (w1 :> 0),
  observed |-> (w1 :> "Unknown"),
  chain |-> (s1 :> "Unseen"),
  expired |-> {},
  effects |-> {},
  persistedEver |-> {s1},
  terminalIdentity |-> 0,
  terminalKind |-> "None",
  staleTerminal |-> FALSE ]

State 38: <Lock line 40, col 3 to line 41, col 72 of module SolanaRecovery>
s = [ token |-> (w1 :> 5),
  queueOwner |-> 5,
  storageOwner |-> 5,
  messages |->
      << [identity |-> s1, persistedBefore |-> TRUE],
         [identity |-> s1, persistedBefore |-> TRUE],
         [identity |-> s1, persistedBefore |-> TRUE],
         [identity |-> s1, persistedBefore |-> TRUE] >>,
  epoch |-> 5,
  queue |-> "Active",
  admission |-> "Active",
  attempt |-> s1,
  broadcasts |-> 4,
  checks |-> 3,
  reservations |-> 4,
  phase |-> (w1 :> "Recover"),
  local |-> (w1 :> 0),
  observed |-> (w1 :> "Unknown"),
  chain |-> (s1 :> "Unseen"),
  expired |-> {},
  effects |-> {},
  persistedEver |-> {s1},
  terminalIdentity |-> 0,
  terminalKind |-> "None",
  staleTerminal |-> FALSE ]

State 39: <LoadAttempt line 44, col 3 to line 46, col 76 of module SolanaRecovery>
s = [ token |-> (w1 :> 5),
  queueOwner |-> 5,
  storageOwner |-> 5,
  messages |->
      << [identity |-> s1, persistedBefore |-> TRUE],
         [identity |-> s1, persistedBefore |-> TRUE],
         [identity |-> s1, persistedBefore |-> TRUE],
         [identity |-> s1, persistedBefore |-> TRUE] >>,
  epoch |-> 5,
  queue |-> "Active",
  admission |-> "Active",
  attempt |-> s1,
  broadcasts |-> 4,
  checks |-> 3,
  reservations |-> 4,
  phase |-> (w1 :> "Check"),
  local |-> (w1 :> s1),
  observed |-> (w1 :> "Unknown"),
  chain |-> (s1 :> "Unseen"),
  expired |-> {},
  effects |-> {},
  persistedEver |-> {s1},
  terminalIdentity |-> 0,
  terminalKind |-> "None",
  staleTerminal |-> FALSE ]

State 40: <Observe line 102, col 3 to line 106, col 85 of module SolanaRecovery>
s = [ token |-> (w1 :> 5),
  queueOwner |-> 5,
  storageOwner |-> 5,
  messages |->
      << [identity |-> s1, persistedBefore |-> TRUE],
         [identity |-> s1, persistedBefore |-> TRUE],
         [identity |-> s1, persistedBefore |-> TRUE],
         [identity |-> s1, persistedBefore |-> TRUE] >>,
  epoch |-> 5,
  queue |-> "Active",
  admission |-> "Active",
  attempt |-> s1,
  broadcasts |-> 4,
  checks |-> 4,
  reservations |-> 4,
  phase |-> (w1 :> "Observed"),
  local |-> (w1 :> s1),
  observed |-> (w1 :> "Absent"),
  chain |-> (s1 :> "Unseen"),
  expired |-> {},
  effects |-> {},
  persistedEver |-> {s1},
  terminalIdentity |-> 0,
  terminalKind |-> "None",
  staleTerminal |-> FALSE ]

State 41: <Decide line 113, col 3 to line 117, col 67 of module SolanaRecovery>
s = [ token |-> (w1 :> 5),
  queueOwner |-> 5,
  storageOwner |-> 5,
  messages |->
      << [identity |-> s1, persistedBefore |-> TRUE],
         [identity |-> s1, persistedBefore |-> TRUE],
         [identity |-> s1, persistedBefore |-> TRUE],
         [identity |-> s1, persistedBefore |-> TRUE] >>,
  epoch |-> 5,
  queue |-> "Active",
  admission |-> "Active",
  attempt |-> s1,
  broadcasts |-> 4,
  checks |-> 4,
  reservations |-> 4,
  phase |-> (w1 :> "Validity"),
  local |-> (w1 :> s1),
  observed |-> (w1 :> "Absent"),
  chain |-> (s1 :> "Unseen"),
  expired |-> {},
  effects |-> {},
  persistedEver |-> {s1},
  terminalIdentity |-> 0,
  terminalKind |-> "None",
  staleTerminal |-> FALSE ]

State 42: <Validity line 120, col 3 to line 122, col 77 of module SolanaRecovery>
s = [ token |-> (w1 :> 5),
  queueOwner |-> 5,
  storageOwner |-> 5,
  messages |->
      << [identity |-> s1, persistedBefore |-> TRUE],
         [identity |-> s1, persistedBefore |-> TRUE],
         [identity |-> s1, persistedBefore |-> TRUE],
         [identity |-> s1, persistedBefore |-> TRUE] >>,
  epoch |-> 5,
  queue |-> "Active",
  admission |-> "Active",
  attempt |-> s1,
  broadcasts |-> 4,
  checks |-> 4,
  reservations |-> 4,
  phase |-> (w1 :> "PrepareSend"),
  local |-> (w1 :> s1),
  observed |-> (w1 :> "Absent"),
  chain |-> (s1 :> "Unseen"),
  expired |-> {},
  effects |-> {},
  persistedEver |-> {s1},
  terminalIdentity |-> 0,
  terminalKind |-> "None",
  staleTerminal |-> FALSE ]

State 43: <PrepareSend line 59, col 3 to line 61, col 86 of module SolanaRecovery>
s = [ token |-> (w1 :> 5),
  queueOwner |-> 5,
  storageOwner |-> 5,
  messages |->
      << [identity |-> s1, persistedBefore |-> TRUE],
         [identity |-> s1, persistedBefore |-> TRUE],
         [identity |-> s1, persistedBefore |-> TRUE],
         [identity |-> s1, persistedBefore |-> TRUE] >>,
  epoch |-> 5,
  queue |-> "Active",
  admission |-> "Active",
  attempt |-> s1,
  broadcasts |-> 5,
  checks |-> 4,
  reservations |-> 5,
  phase |-> (w1 :> "Send"),
  local |-> (w1 :> s1),
  observed |-> (w1 :> "Absent"),
  chain |-> (s1 :> "Unseen"),
  expired |-> {},
  effects |-> {},
  persistedEver |-> {s1},
  terminalIdentity |-> 0,
  terminalKind |-> "None",
  staleTerminal |-> FALSE ]

State 44: <Send line 75, col 3 to line 78, col 68 of module SolanaRecovery>
s = [ token |-> (w1 :> 5),
  queueOwner |-> 5,
  storageOwner |-> 5,
  messages |->
      << [identity |-> s1, persistedBefore |-> TRUE],
         [identity |-> s1, persistedBefore |-> TRUE],
         [identity |-> s1, persistedBefore |-> TRUE],
         [identity |-> s1, persistedBefore |-> TRUE],
         [identity |-> s1, persistedBefore |-> TRUE] >>,
  epoch |-> 5,
  queue |-> "Active",
  admission |-> "Active",
  attempt |-> s1,
  broadcasts |-> 5,
  checks |-> 4,
  reservations |-> 5,
  phase |-> (w1 :> "Retry"),
  local |-> (w1 :> s1),
  observed |-> (w1 :> "Unknown"),
  chain |-> (s1 :> "Unseen"),
  expired |-> {},
  effects |-> {},
  persistedEver |-> {s1},
  terminalIdentity |-> 0,
  terminalKind |-> "None",
  staleTerminal |-> FALSE ]

State 45: <Retry line 147, col 3 to line 152, col 62 of module SolanaRecovery>
s = [ token |-> (w1 :> 0),
  queueOwner |-> 0,
  storageOwner |-> 0,
  messages |->
      << [identity |-> s1, persistedBefore |-> TRUE],
         [identity |-> s1, persistedBefore |-> TRUE],
         [identity |-> s1, persistedBefore |-> TRUE],
         [identity |-> s1, persistedBefore |-> TRUE],
         [identity |-> s1, persistedBefore |-> TRUE] >>,
  epoch |-> 5,
  queue |-> "Pending",
  admission |-> "Active",
  attempt |-> s1,
  broadcasts |-> 5,
  checks |-> 4,
  reservations |-> 5,
  phase |-> (w1 :> "Idle"),
  local |-> (w1 :> 0),
  observed |-> (w1 :> "Unknown"),
  chain |-> (s1 :> "Unseen"),
  expired |-> {},
  effects |-> {},
  persistedEver |-> {s1},
  terminalIdentity |-> 0,
  terminalKind |-> "None",
  staleTerminal |-> FALSE ]

State 46: <Claim line 34, col 3 to line 37, col 86 of module SolanaRecovery>
s = [ token |-> (w1 :> 6),
  queueOwner |-> 6,
  storageOwner |-> 0,
  messages |->
      << [identity |-> s1, persistedBefore |-> TRUE],
         [identity |-> s1, persistedBefore |-> TRUE],
         [identity |-> s1, persistedBefore |-> TRUE],
         [identity |-> s1, persistedBefore |-> TRUE],
         [identity |-> s1, persistedBefore |-> TRUE] >>,
  epoch |-> 6,
  queue |-> "Active",
  admission |-> "Active",
  attempt |-> s1,
  broadcasts |-> 5,
  checks |-> 4,
  reservations |-> 5,
  phase |-> (w1 :> "Load"),
  local |-> (w1 :> 0),
  observed |-> (w1 :> "Unknown"),
  chain |-> (s1 :> "Unseen"),
  expired |-> {},
  effects |-> {},
  persistedEver |-> {s1},
  terminalIdentity |-> 0,
  terminalKind |-> "None",
  staleTerminal |-> FALSE ]

State 47: <Lock line 40, col 3 to line 41, col 72 of module SolanaRecovery>
s = [ token |-> (w1 :> 6),
  queueOwner |-> 6,
  storageOwner |-> 6,
  messages |->
      << [identity |-> s1, persistedBefore |-> TRUE],
         [identity |-> s1, persistedBefore |-> TRUE],
         [identity |-> s1, persistedBefore |-> TRUE],
         [identity |-> s1, persistedBefore |-> TRUE],
         [identity |-> s1, persistedBefore |-> TRUE] >>,
  epoch |-> 6,
  queue |-> "Active",
  admission |-> "Active",
  attempt |-> s1,
  broadcasts |-> 5,
  checks |-> 4,
  reservations |-> 5,
  phase |-> (w1 :> "Recover"),
  local |-> (w1 :> 0),
  observed |-> (w1 :> "Unknown"),
  chain |-> (s1 :> "Unseen"),
  expired |-> {},
  effects |-> {},
  persistedEver |-> {s1},
  terminalIdentity |-> 0,
  terminalKind |-> "None",
  staleTerminal |-> FALSE ]

State 48: <LoadAttempt line 44, col 3 to line 46, col 76 of module SolanaRecovery>
s = [ token |-> (w1 :> 6),
  queueOwner |-> 6,
  storageOwner |-> 6,
  messages |->
      << [identity |-> s1, persistedBefore |-> TRUE],
         [identity |-> s1, persistedBefore |-> TRUE],
         [identity |-> s1, persistedBefore |-> TRUE],
         [identity |-> s1, persistedBefore |-> TRUE],
         [identity |-> s1, persistedBefore |-> TRUE] >>,
  epoch |-> 6,
  queue |-> "Active",
  admission |-> "Active",
  attempt |-> s1,
  broadcasts |-> 5,
  checks |-> 4,
  reservations |-> 5,
  phase |-> (w1 :> "Check"),
  local |-> (w1 :> s1),
  observed |-> (w1 :> "Unknown"),
  chain |-> (s1 :> "Unseen"),
  expired |-> {},
  effects |-> {},
  persistedEver |-> {s1},
  terminalIdentity |-> 0,
  terminalKind |-> "None",
  staleTerminal |-> FALSE ]

State 49: <Observe line 102, col 3 to line 106, col 85 of module SolanaRecovery>
s = [ token |-> (w1 :> 6),
  queueOwner |-> 6,
  storageOwner |-> 6,
  messages |->
      << [identity |-> s1, persistedBefore |-> TRUE],
         [identity |-> s1, persistedBefore |-> TRUE],
         [identity |-> s1, persistedBefore |-> TRUE],
         [identity |-> s1, persistedBefore |-> TRUE],
         [identity |-> s1, persistedBefore |-> TRUE] >>,
  epoch |-> 6,
  queue |-> "Active",
  admission |-> "Active",
  attempt |-> s1,
  broadcasts |-> 5,
  checks |-> 5,
  reservations |-> 5,
  phase |-> (w1 :> "Observed"),
  local |-> (w1 :> s1),
  observed |-> (w1 :> "Absent"),
  chain |-> (s1 :> "Unseen"),
  expired |-> {},
  effects |-> {},
  persistedEver |-> {s1},
  terminalIdentity |-> 0,
  terminalKind |-> "None",
  staleTerminal |-> FALSE ]

State 50: <Decide line 113, col 3 to line 117, col 67 of module SolanaRecovery>
s = [ token |-> (w1 :> 6),
  queueOwner |-> 6,
  storageOwner |-> 6,
  messages |->
      << [identity |-> s1, persistedBefore |-> TRUE],
         [identity |-> s1, persistedBefore |-> TRUE],
         [identity |-> s1, persistedBefore |-> TRUE],
         [identity |-> s1, persistedBefore |-> TRUE],
         [identity |-> s1, persistedBefore |-> TRUE] >>,
  epoch |-> 6,
  queue |-> "Active",
  admission |-> "Active",
  attempt |-> s1,
  broadcasts |-> 5,
  checks |-> 5,
  reservations |-> 5,
  phase |-> (w1 :> "Validity"),
  local |-> (w1 :> s1),
  observed |-> (w1 :> "Absent"),
  chain |-> (s1 :> "Unseen"),
  expired |-> {},
  effects |-> {},
  persistedEver |-> {s1},
  terminalIdentity |-> 0,
  terminalKind |-> "None",
  staleTerminal |-> FALSE ]

State 51: <Validity line 120, col 3 to line 122, col 77 of module SolanaRecovery>
s = [ token |-> (w1 :> 6),
  queueOwner |-> 6,
  storageOwner |-> 6,
  messages |->
      << [identity |-> s1, persistedBefore |-> TRUE],
         [identity |-> s1, persistedBefore |-> TRUE],
         [identity |-> s1, persistedBefore |-> TRUE],
         [identity |-> s1, persistedBefore |-> TRUE],
         [identity |-> s1, persistedBefore |-> TRUE] >>,
  epoch |-> 6,
  queue |-> "Active",
  admission |-> "Active",
  attempt |-> s1,
  broadcasts |-> 5,
  checks |-> 5,
  reservations |-> 5,
  phase |-> (w1 :> "PrepareSend"),
  local |-> (w1 :> s1),
  observed |-> (w1 :> "Absent"),
  chain |-> (s1 :> "Unseen"),
  expired |-> {},
  effects |-> {},
  persistedEver |-> {s1},
  terminalIdentity |-> 0,
  terminalKind |-> "None",
  staleTerminal |-> FALSE ]

State 52: <PrepareSend line 59, col 3 to line 61, col 86 of module SolanaRecovery>
s = [ token |-> (w1 :> 6),
  queueOwner |-> 6,
  storageOwner |-> 6,
  messages |->
      << [identity |-> s1, persistedBefore |-> TRUE],
         [identity |-> s1, persistedBefore |-> TRUE],
         [identity |-> s1, persistedBefore |-> TRUE],
         [identity |-> s1, persistedBefore |-> TRUE],
         [identity |-> s1, persistedBefore |-> TRUE] >>,
  epoch |-> 6,
  queue |-> "Active",
  admission |-> "Active",
  attempt |-> s1,
  broadcasts |-> 6,
  checks |-> 5,
  reservations |-> 6,
  phase |-> (w1 :> "Send"),
  local |-> (w1 :> s1),
  observed |-> (w1 :> "Absent"),
  chain |-> (s1 :> "Unseen"),
  expired |-> {},
  effects |-> {},
  persistedEver |-> {s1},
  terminalIdentity |-> 0,
  terminalKind |-> "None",
  staleTerminal |-> FALSE ]

State 53: <Send line 75, col 3 to line 78, col 68 of module SolanaRecovery>
s = [ token |-> (w1 :> 6),
  queueOwner |-> 6,
  storageOwner |-> 6,
  messages |->
      << [identity |-> s1, persistedBefore |-> TRUE],
         [identity |-> s1, persistedBefore |-> TRUE],
         [identity |-> s1, persistedBefore |-> TRUE],
         [identity |-> s1, persistedBefore |-> TRUE],
         [identity |-> s1, persistedBefore |-> TRUE],
         [identity |-> s1, persistedBefore |-> TRUE] >>,
  epoch |-> 6,
  queue |-> "Active",
  admission |-> "Active",
  attempt |-> s1,
  broadcasts |-> 6,
  checks |-> 5,
  reservations |-> 6,
  phase |-> (w1 :> "Retry"),
  local |-> (w1 :> s1),
  observed |-> (w1 :> "Unknown"),
  chain |-> (s1 :> "Unseen"),
  expired |-> {},
  effects |-> {},
  persistedEver |-> {s1},
  terminalIdentity |-> 0,
  terminalKind |-> "None",
  staleTerminal |-> FALSE ]

State 54: <Retry line 147, col 3 to line 152, col 62 of module SolanaRecovery>
s = [ token |-> (w1 :> 0),
  queueOwner |-> 0,
  storageOwner |-> 0,
  messages |->
      << [identity |-> s1, persistedBefore |-> TRUE],
         [identity |-> s1, persistedBefore |-> TRUE],
         [identity |-> s1, persistedBefore |-> TRUE],
         [identity |-> s1, persistedBefore |-> TRUE],
         [identity |-> s1, persistedBefore |-> TRUE],
         [identity |-> s1, persistedBefore |-> TRUE] >>,
  epoch |-> 6,
  queue |-> "Pending",
  admission |-> "Active",
  attempt |-> s1,
  broadcasts |-> 6,
  checks |-> 5,
  reservations |-> 6,
  phase |-> (w1 :> "Idle"),
  local |-> (w1 :> 0),
  observed |-> (w1 :> "Unknown"),
  chain |-> (s1 :> "Unseen"),
  expired |-> {},
  effects |-> {},
  persistedEver |-> {s1},
  terminalIdentity |-> 0,
  terminalKind |-> "None",
  staleTerminal |-> FALSE ]

State 55: <Claim line 34, col 3 to line 37, col 86 of module SolanaRecovery>
s = [ token |-> (w1 :> 7),
  queueOwner |-> 7,
  storageOwner |-> 0,
  messages |->
      << [identity |-> s1, persistedBefore |-> TRUE],
         [identity |-> s1, persistedBefore |-> TRUE],
         [identity |-> s1, persistedBefore |-> TRUE],
         [identity |-> s1, persistedBefore |-> TRUE],
         [identity |-> s1, persistedBefore |-> TRUE],
         [identity |-> s1, persistedBefore |-> TRUE] >>,
  epoch |-> 7,
  queue |-> "Active",
  admission |-> "Active",
  attempt |-> s1,
  broadcasts |-> 6,
  checks |-> 5,
  reservations |-> 6,
  phase |-> (w1 :> "Load"),
  local |-> (w1 :> 0),
  observed |-> (w1 :> "Unknown"),
  chain |-> (s1 :> "Unseen"),
  expired |-> {},
  effects |-> {},
  persistedEver |-> {s1},
  terminalIdentity |-> 0,
  terminalKind |-> "None",
  staleTerminal |-> FALSE ]

State 56: <Lock line 40, col 3 to line 41, col 72 of module SolanaRecovery>
s = [ token |-> (w1 :> 7),
  queueOwner |-> 7,
  storageOwner |-> 7,
  messages |->
      << [identity |-> s1, persistedBefore |-> TRUE],
         [identity |-> s1, persistedBefore |-> TRUE],
         [identity |-> s1, persistedBefore |-> TRUE],
         [identity |-> s1, persistedBefore |-> TRUE],
         [identity |-> s1, persistedBefore |-> TRUE],
         [identity |-> s1, persistedBefore |-> TRUE] >>,
  epoch |-> 7,
  queue |-> "Active",
  admission |-> "Active",
  attempt |-> s1,
  broadcasts |-> 6,
  checks |-> 5,
  reservations |-> 6,
  phase |-> (w1 :> "Recover"),
  local |-> (w1 :> 0),
  observed |-> (w1 :> "Unknown"),
  chain |-> (s1 :> "Unseen"),
  expired |-> {},
  effects |-> {},
  persistedEver |-> {s1},
  terminalIdentity |-> 0,
  terminalKind |-> "None",
  staleTerminal |-> FALSE ]

State 57: <LoadAttempt line 44, col 3 to line 46, col 76 of module SolanaRecovery>
s = [ token |-> (w1 :> 7),
  queueOwner |-> 7,
  storageOwner |-> 7,
  messages |->
      << [identity |-> s1, persistedBefore |-> TRUE],
         [identity |-> s1, persistedBefore |-> TRUE],
         [identity |-> s1, persistedBefore |-> TRUE],
         [identity |-> s1, persistedBefore |-> TRUE],
         [identity |-> s1, persistedBefore |-> TRUE],
         [identity |-> s1, persistedBefore |-> TRUE] >>,
  epoch |-> 7,
  queue |-> "Active",
  admission |-> "Active",
  attempt |-> s1,
  broadcasts |-> 6,
  checks |-> 5,
  reservations |-> 6,
  phase |-> (w1 :> "Check"),
  local |-> (w1 :> s1),
  observed |-> (w1 :> "Unknown"),
  chain |-> (s1 :> "Unseen"),
  expired |-> {},
  effects |-> {},
  persistedEver |-> {s1},
  terminalIdentity |-> 0,
  terminalKind |-> "None",
  staleTerminal |-> FALSE ]

State 58: <Observe line 102, col 3 to line 106, col 85 of module SolanaRecovery>
s = [ token |-> (w1 :> 7),
  queueOwner |-> 7,
  storageOwner |-> 7,
  messages |->
      << [identity |-> s1, persistedBefore |-> TRUE],
         [identity |-> s1, persistedBefore |-> TRUE],
         [identity |-> s1, persistedBefore |-> TRUE],
         [identity |-> s1, persistedBefore |-> TRUE],
         [identity |-> s1, persistedBefore |-> TRUE],
         [identity |-> s1, persistedBefore |-> TRUE] >>,
  epoch |-> 7,
  queue |-> "Active",
  admission |-> "Active",
  attempt |-> s1,
  broadcasts |-> 6,
  checks |-> 6,
  reservations |-> 6,
  phase |-> (w1 :> "Observed"),
  local |-> (w1 :> s1),
  observed |-> (w1 :> "Absent"),
  chain |-> (s1 :> "Unseen"),
  expired |-> {},
  effects |-> {},
  persistedEver |-> {s1},
  terminalIdentity |-> 0,
  terminalKind |-> "None",
  staleTerminal |-> FALSE ]

State 59: <Decide line 113, col 3 to line 117, col 67 of module SolanaRecovery>
s = [ token |-> (w1 :> 7),
  queueOwner |-> 7,
  storageOwner |-> 7,
  messages |->
      << [identity |-> s1, persistedBefore |-> TRUE],
         [identity |-> s1, persistedBefore |-> TRUE],
         [identity |-> s1, persistedBefore |-> TRUE],
         [identity |-> s1, persistedBefore |-> TRUE],
         [identity |-> s1, persistedBefore |-> TRUE],
         [identity |-> s1, persistedBefore |-> TRUE] >>,
  epoch |-> 7,
  queue |-> "Active",
  admission |-> "Active",
  attempt |-> s1,
  broadcasts |-> 6,
  checks |-> 6,
  reservations |-> 6,
  phase |-> (w1 :> "Validity"),
  local |-> (w1 :> s1),
  observed |-> (w1 :> "Absent"),
  chain |-> (s1 :> "Unseen"),
  expired |-> {},
  effects |-> {},
  persistedEver |-> {s1},
  terminalIdentity |-> 0,
  terminalKind |-> "None",
  staleTerminal |-> FALSE ]

State 60: <Validity line 120, col 3 to line 122, col 77 of module SolanaRecovery>
s = [ token |-> (w1 :> 7),
  queueOwner |-> 7,
  storageOwner |-> 7,
  messages |->
      << [identity |-> s1, persistedBefore |-> TRUE],
         [identity |-> s1, persistedBefore |-> TRUE],
         [identity |-> s1, persistedBefore |-> TRUE],
         [identity |-> s1, persistedBefore |-> TRUE],
         [identity |-> s1, persistedBefore |-> TRUE],
         [identity |-> s1, persistedBefore |-> TRUE] >>,
  epoch |-> 7,
  queue |-> "Active",
  admission |-> "Active",
  attempt |-> s1,
  broadcasts |-> 6,
  checks |-> 6,
  reservations |-> 6,
  phase |-> (w1 :> "PrepareSend"),
  local |-> (w1 :> s1),
  observed |-> (w1 :> "Absent"),
  chain |-> (s1 :> "Unseen"),
  expired |-> {},
  effects |-> {},
  persistedEver |-> {s1},
  terminalIdentity |-> 0,
  terminalKind |-> "None",
  staleTerminal |-> FALSE ]

State 61: <PrepareSend line 59, col 3 to line 61, col 86 of module SolanaRecovery>
s = [ token |-> (w1 :> 7),
  queueOwner |-> 7,
  storageOwner |-> 7,
  messages |->
      << [identity |-> s1, persistedBefore |-> TRUE],
         [identity |-> s1, persistedBefore |-> TRUE],
         [identity |-> s1, persistedBefore |-> TRUE],
         [identity |-> s1, persistedBefore |-> TRUE],
         [identity |-> s1, persistedBefore |-> TRUE],
         [identity |-> s1, persistedBefore |-> TRUE] >>,
  epoch |-> 7,
  queue |-> "Active",
  admission |-> "Active",
  attempt |-> s1,
  broadcasts |-> 7,
  checks |-> 6,
  reservations |-> 7,
  phase |-> (w1 :> "Send"),
  local |-> (w1 :> s1),
  observed |-> (w1 :> "Absent"),
  chain |-> (s1 :> "Unseen"),
  expired |-> {},
  effects |-> {},
  persistedEver |-> {s1},
  terminalIdentity |-> 0,
  terminalKind |-> "None",
  staleTerminal |-> FALSE ]

State 62: <Send line 75, col 3 to line 78, col 68 of module SolanaRecovery>
s = [ token |-> (w1 :> 7),
  queueOwner |-> 7,
  storageOwner |-> 7,
  messages |->
      << [identity |-> s1, persistedBefore |-> TRUE],
         [identity |-> s1, persistedBefore |-> TRUE],
         [identity |-> s1, persistedBefore |-> TRUE],
         [identity |-> s1, persistedBefore |-> TRUE],
         [identity |-> s1, persistedBefore |-> TRUE],
         [identity |-> s1, persistedBefore |-> TRUE],
         [identity |-> s1, persistedBefore |-> TRUE] >>,
  epoch |-> 7,
  queue |-> "Active",
  admission |-> "Active",
  attempt |-> s1,
  broadcasts |-> 7,
  checks |-> 6,
  reservations |-> 7,
  phase |-> (w1 :> "Retry"),
  local |-> (w1 :> s1),
  observed |-> (w1 :> "Unknown"),
  chain |-> (s1 :> "Unseen"),
  expired |-> {},
  effects |-> {},
  persistedEver |-> {s1},
  terminalIdentity |-> 0,
  terminalKind |-> "None",
  staleTerminal |-> FALSE ]

State 63: <Retry line 147, col 3 to line 152, col 62 of module SolanaRecovery>
s = [ token |-> (w1 :> 0),
  queueOwner |-> 0,
  storageOwner |-> 0,
  messages |->
      << [identity |-> s1, persistedBefore |-> TRUE],
         [identity |-> s1, persistedBefore |-> TRUE],
         [identity |-> s1, persistedBefore |-> TRUE],
         [identity |-> s1, persistedBefore |-> TRUE],
         [identity |-> s1, persistedBefore |-> TRUE],
         [identity |-> s1, persistedBefore |-> TRUE],
         [identity |-> s1, persistedBefore |-> TRUE] >>,
  epoch |-> 7,
  queue |-> "Pending",
  admission |-> "Active",
  attempt |-> s1,
  broadcasts |-> 7,
  checks |-> 6,
  reservations |-> 7,
  phase |-> (w1 :> "Idle"),
  local |-> (w1 :> 0),
  observed |-> (w1 :> "Unknown"),
  chain |-> (s1 :> "Unseen"),
  expired |-> {},
  effects |-> {},
  persistedEver |-> {s1},
  terminalIdentity |-> 0,
  terminalKind |-> "None",
  staleTerminal |-> FALSE ]

State 64: <Claim line 34, col 3 to line 37, col 86 of module SolanaRecovery>
s = [ token |-> (w1 :> 8),
  queueOwner |-> 8,
  storageOwner |-> 0,
  messages |->
      << [identity |-> s1, persistedBefore |-> TRUE],
         [identity |-> s1, persistedBefore |-> TRUE],
         [identity |-> s1, persistedBefore |-> TRUE],
         [identity |-> s1, persistedBefore |-> TRUE],
         [identity |-> s1, persistedBefore |-> TRUE],
         [identity |-> s1, persistedBefore |-> TRUE],
         [identity |-> s1, persistedBefore |-> TRUE] >>,
  epoch |-> 8,
  queue |-> "Active",
  admission |-> "Active",
  attempt |-> s1,
  broadcasts |-> 7,
  checks |-> 6,
  reservations |-> 7,
  phase |-> (w1 :> "Load"),
  local |-> (w1 :> 0),
  observed |-> (w1 :> "Unknown"),
  chain |-> (s1 :> "Unseen"),
  expired |-> {},
  effects |-> {},
  persistedEver |-> {s1},
  terminalIdentity |-> 0,
  terminalKind |-> "None",
  staleTerminal |-> FALSE ]

State 65: <Lock line 40, col 3 to line 41, col 72 of module SolanaRecovery>
s = [ token |-> (w1 :> 8),
  queueOwner |-> 8,
  storageOwner |-> 8,
  messages |->
      << [identity |-> s1, persistedBefore |-> TRUE],
         [identity |-> s1, persistedBefore |-> TRUE],
         [identity |-> s1, persistedBefore |-> TRUE],
         [identity |-> s1, persistedBefore |-> TRUE],
         [identity |-> s1, persistedBefore |-> TRUE],
         [identity |-> s1, persistedBefore |-> TRUE],
         [identity |-> s1, persistedBefore |-> TRUE] >>,
  epoch |-> 8,
  queue |-> "Active",
  admission |-> "Active",
  attempt |-> s1,
  broadcasts |-> 7,
  checks |-> 6,
  reservations |-> 7,
  phase |-> (w1 :> "Recover"),
  local |-> (w1 :> 0),
  observed |-> (w1 :> "Unknown"),
  chain |-> (s1 :> "Unseen"),
  expired |-> {},
  effects |-> {},
  persistedEver |-> {s1},
  terminalIdentity |-> 0,
  terminalKind |-> "None",
  staleTerminal |-> FALSE ]

State 66: <LoadAttempt line 44, col 3 to line 46, col 76 of module SolanaRecovery>
s = [ token |-> (w1 :> 8),
  queueOwner |-> 8,
  storageOwner |-> 8,
  messages |->
      << [identity |-> s1, persistedBefore |-> TRUE],
         [identity |-> s1, persistedBefore |-> TRUE],
         [identity |-> s1, persistedBefore |-> TRUE],
         [identity |-> s1, persistedBefore |-> TRUE],
         [identity |-> s1, persistedBefore |-> TRUE],
         [identity |-> s1, persistedBefore |-> TRUE],
         [identity |-> s1, persistedBefore |-> TRUE] >>,
  epoch |-> 8,
  queue |-> "Active",
  admission |-> "Active",
  attempt |-> s1,
  broadcasts |-> 7,
  checks |-> 6,
  reservations |-> 7,
  phase |-> (w1 :> "Check"),
  local |-> (w1 :> s1),
  observed |-> (w1 :> "Unknown"),
  chain |-> (s1 :> "Unseen"),
  expired |-> {},
  effects |-> {},
  persistedEver |-> {s1},
  terminalIdentity |-> 0,
  terminalKind |-> "None",
  staleTerminal |-> FALSE ]

State 67: <Observe line 102, col 3 to line 106, col 85 of module SolanaRecovery>
s = [ token |-> (w1 :> 8),
  queueOwner |-> 8,
  storageOwner |-> 8,
  messages |->
      << [identity |-> s1, persistedBefore |-> TRUE],
         [identity |-> s1, persistedBefore |-> TRUE],
         [identity |-> s1, persistedBefore |-> TRUE],
         [identity |-> s1, persistedBefore |-> TRUE],
         [identity |-> s1, persistedBefore |-> TRUE],
         [identity |-> s1, persistedBefore |-> TRUE],
         [identity |-> s1, persistedBefore |-> TRUE] >>,
  epoch |-> 8,
  queue |-> "Active",
  admission |-> "Active",
  attempt |-> s1,
  broadcasts |-> 7,
  checks |-> 7,
  reservations |-> 7,
  phase |-> (w1 :> "Observed"),
  local |-> (w1 :> s1),
  observed |-> (w1 :> "Absent"),
  chain |-> (s1 :> "Unseen"),
  expired |-> {},
  effects |-> {},
  persistedEver |-> {s1},
  terminalIdentity |-> 0,
  terminalKind |-> "None",
  staleTerminal |-> FALSE ]

State 68: <Decide line 113, col 3 to line 117, col 67 of module SolanaRecovery>
s = [ token |-> (w1 :> 8),
  queueOwner |-> 8,
  storageOwner |-> 8,
  messages |->
      << [identity |-> s1, persistedBefore |-> TRUE],
         [identity |-> s1, persistedBefore |-> TRUE],
         [identity |-> s1, persistedBefore |-> TRUE],
         [identity |-> s1, persistedBefore |-> TRUE],
         [identity |-> s1, persistedBefore |-> TRUE],
         [identity |-> s1, persistedBefore |-> TRUE],
         [identity |-> s1, persistedBefore |-> TRUE] >>,
  epoch |-> 8,
  queue |-> "Active",
  admission |-> "Active",
  attempt |-> s1,
  broadcasts |-> 7,
  checks |-> 7,
  reservations |-> 7,
  phase |-> (w1 :> "Validity"),
  local |-> (w1 :> s1),
  observed |-> (w1 :> "Absent"),
  chain |-> (s1 :> "Unseen"),
  expired |-> {},
  effects |-> {},
  persistedEver |-> {s1},
  terminalIdentity |-> 0,
  terminalKind |-> "None",
  staleTerminal |-> FALSE ]

State 69: <Validity line 120, col 3 to line 122, col 77 of module SolanaRecovery>
s = [ token |-> (w1 :> 8),
  queueOwner |-> 8,
  storageOwner |-> 8,
  messages |->
      << [identity |-> s1, persistedBefore |-> TRUE],
         [identity |-> s1, persistedBefore |-> TRUE],
         [identity |-> s1, persistedBefore |-> TRUE],
         [identity |-> s1, persistedBefore |-> TRUE],
         [identity |-> s1, persistedBefore |-> TRUE],
         [identity |-> s1, persistedBefore |-> TRUE],
         [identity |-> s1, persistedBefore |-> TRUE] >>,
  epoch |-> 8,
  queue |-> "Active",
  admission |-> "Active",
  attempt |-> s1,
  broadcasts |-> 7,
  checks |-> 7,
  reservations |-> 7,
  phase |-> (w1 :> "PrepareSend"),
  local |-> (w1 :> s1),
  observed |-> (w1 :> "Absent"),
  chain |-> (s1 :> "Unseen"),
  expired |-> {},
  effects |-> {},
  persistedEver |-> {s1},
  terminalIdentity |-> 0,
  terminalKind |-> "None",
  staleTerminal |-> FALSE ]

State 70: <PrepareSend line 59, col 3 to line 61, col 86 of module SolanaRecovery>
s = [ token |-> (w1 :> 8),
  queueOwner |-> 8,
  storageOwner |-> 8,
  messages |->
      << [identity |-> s1, persistedBefore |-> TRUE],
         [identity |-> s1, persistedBefore |-> TRUE],
         [identity |-> s1, persistedBefore |-> TRUE],
         [identity |-> s1, persistedBefore |-> TRUE],
         [identity |-> s1, persistedBefore |-> TRUE],
         [identity |-> s1, persistedBefore |-> TRUE],
         [identity |-> s1, persistedBefore |-> TRUE] >>,
  epoch |-> 8,
  queue |-> "Active",
  admission |-> "Active",
  attempt |-> s1,
  broadcasts |-> 8,
  checks |-> 7,
  reservations |-> 8,
  phase |-> (w1 :> "Send"),
  local |-> (w1 :> s1),
  observed |-> (w1 :> "Absent"),
  chain |-> (s1 :> "Unseen"),
  expired |-> {},
  effects |-> {},
  persistedEver |-> {s1},
  terminalIdentity |-> 0,
  terminalKind |-> "None",
  staleTerminal |-> FALSE ]

State 71: <Send line 75, col 3 to line 78, col 68 of module SolanaRecovery>
s = [ token |-> (w1 :> 8),
  queueOwner |-> 8,
  storageOwner |-> 8,
  messages |->
      << [identity |-> s1, persistedBefore |-> TRUE],
         [identity |-> s1, persistedBefore |-> TRUE],
         [identity |-> s1, persistedBefore |-> TRUE],
         [identity |-> s1, persistedBefore |-> TRUE],
         [identity |-> s1, persistedBefore |-> TRUE],
         [identity |-> s1, persistedBefore |-> TRUE],
         [identity |-> s1, persistedBefore |-> TRUE],
         [identity |-> s1, persistedBefore |-> TRUE] >>,
  epoch |-> 8,
  queue |-> "Active",
  admission |-> "Active",
  attempt |-> s1,
  broadcasts |-> 8,
  checks |-> 7,
  reservations |-> 8,
  phase |-> (w1 :> "Retry"),
  local |-> (w1 :> s1),
  observed |-> (w1 :> "Unknown"),
  chain |-> (s1 :> "Unseen"),
  expired |-> {},
  effects |-> {},
  persistedEver |-> {s1},
  terminalIdentity |-> 0,
  terminalKind |-> "None",
  staleTerminal |-> FALSE ]

State 72: <Retry line 147, col 3 to line 152, col 62 of module SolanaRecovery>
s = [ token |-> (w1 :> 0),
  queueOwner |-> 0,
  storageOwner |-> 0,
  messages |->
      << [identity |-> s1, persistedBefore |-> TRUE],
         [identity |-> s1, persistedBefore |-> TRUE],
         [identity |-> s1, persistedBefore |-> TRUE],
         [identity |-> s1, persistedBefore |-> TRUE],
         [identity |-> s1, persistedBefore |-> TRUE],
         [identity |-> s1, persistedBefore |-> TRUE],
         [identity |-> s1, persistedBefore |-> TRUE],
         [identity |-> s1, persistedBefore |-> TRUE] >>,
  epoch |-> 8,
  queue |-> "Pending",
  admission |-> "Active",
  attempt |-> s1,
  broadcasts |-> 8,
  checks |-> 7,
  reservations |-> 8,
  phase |-> (w1 :> "Idle"),
  local |-> (w1 :> 0),
  observed |-> (w1 :> "Unknown"),
  chain |-> (s1 :> "Unseen"),
  expired |-> {},
  effects |-> {},
  persistedEver |-> {s1},
  terminalIdentity |-> 0,
  terminalKind |-> "None",
  staleTerminal |-> FALSE ]

State 73: <Claim line 34, col 3 to line 37, col 86 of module SolanaRecovery>
s = [ token |-> (w1 :> 9),
  queueOwner |-> 9,
  storageOwner |-> 0,
  messages |->
      << [identity |-> s1, persistedBefore |-> TRUE],
         [identity |-> s1, persistedBefore |-> TRUE],
         [identity |-> s1, persistedBefore |-> TRUE],
         [identity |-> s1, persistedBefore |-> TRUE],
         [identity |-> s1, persistedBefore |-> TRUE],
         [identity |-> s1, persistedBefore |-> TRUE],
         [identity |-> s1, persistedBefore |-> TRUE],
         [identity |-> s1, persistedBefore |-> TRUE] >>,
  epoch |-> 9,
  queue |-> "Active",
  admission |-> "Active",
  attempt |-> s1,
  broadcasts |-> 8,
  checks |-> 7,
  reservations |-> 8,
  phase |-> (w1 :> "Load"),
  local |-> (w1 :> 0),
  observed |-> (w1 :> "Unknown"),
  chain |-> (s1 :> "Unseen"),
  expired |-> {},
  effects |-> {},
  persistedEver |-> {s1},
  terminalIdentity |-> 0,
  terminalKind |-> "None",
  staleTerminal |-> FALSE ]

State 74: <Lock line 40, col 3 to line 41, col 72 of module SolanaRecovery>
s = [ token |-> (w1 :> 9),
  queueOwner |-> 9,
  storageOwner |-> 9,
  messages |->
      << [identity |-> s1, persistedBefore |-> TRUE],
         [identity |-> s1, persistedBefore |-> TRUE],
         [identity |-> s1, persistedBefore |-> TRUE],
         [identity |-> s1, persistedBefore |-> TRUE],
         [identity |-> s1, persistedBefore |-> TRUE],
         [identity |-> s1, persistedBefore |-> TRUE],
         [identity |-> s1, persistedBefore |-> TRUE],
         [identity |-> s1, persistedBefore |-> TRUE] >>,
  epoch |-> 9,
  queue |-> "Active",
  admission |-> "Active",
  attempt |-> s1,
  broadcasts |-> 8,
  checks |-> 7,
  reservations |-> 8,
  phase |-> (w1 :> "Recover"),
  local |-> (w1 :> 0),
  observed |-> (w1 :> "Unknown"),
  chain |-> (s1 :> "Unseen"),
  expired |-> {},
  effects |-> {},
  persistedEver |-> {s1},
  terminalIdentity |-> 0,
  terminalKind |-> "None",
  staleTerminal |-> FALSE ]

State 75: <LoadAttempt line 44, col 3 to line 46, col 76 of module SolanaRecovery>
s = [ token |-> (w1 :> 9),
  queueOwner |-> 9,
  storageOwner |-> 9,
  messages |->
      << [identity |-> s1, persistedBefore |-> TRUE],
         [identity |-> s1, persistedBefore |-> TRUE],
         [identity |-> s1, persistedBefore |-> TRUE],
         [identity |-> s1, persistedBefore |-> TRUE],
         [identity |-> s1, persistedBefore |-> TRUE],
         [identity |-> s1, persistedBefore |-> TRUE],
         [identity |-> s1, persistedBefore |-> TRUE],
         [identity |-> s1, persistedBefore |-> TRUE] >>,
  epoch |-> 9,
  queue |-> "Active",
  admission |-> "Active",
  attempt |-> s1,
  broadcasts |-> 8,
  checks |-> 7,
  reservations |-> 8,
  phase |-> (w1 :> "Check"),
  local |-> (w1 :> s1),
  observed |-> (w1 :> "Unknown"),
  chain |-> (s1 :> "Unseen"),
  expired |-> {},
  effects |-> {},
  persistedEver |-> {s1},
  terminalIdentity |-> 0,
  terminalKind |-> "None",
  staleTerminal |-> FALSE ]

State 76: <Observe line 102, col 3 to line 106, col 85 of module SolanaRecovery>
s = [ token |-> (w1 :> 9),
  queueOwner |-> 9,
  storageOwner |-> 9,
  messages |->
      << [identity |-> s1, persistedBefore |-> TRUE],
         [identity |-> s1, persistedBefore |-> TRUE],
         [identity |-> s1, persistedBefore |-> TRUE],
         [identity |-> s1, persistedBefore |-> TRUE],
         [identity |-> s1, persistedBefore |-> TRUE],
         [identity |-> s1, persistedBefore |-> TRUE],
         [identity |-> s1, persistedBefore |-> TRUE],
         [identity |-> s1, persistedBefore |-> TRUE] >>,
  epoch |-> 9,
  queue |-> "Active",
  admission |-> "Active",
  attempt |-> s1,
  broadcasts |-> 8,
  checks |-> 8,
  reservations |-> 8,
  phase |-> (w1 :> "Observed"),
  local |-> (w1 :> s1),
  observed |-> (w1 :> "Absent"),
  chain |-> (s1 :> "Unseen"),
  expired |-> {},
  effects |-> {},
  persistedEver |-> {s1},
  terminalIdentity |-> 0,
  terminalKind |-> "None",
  staleTerminal |-> FALSE ]

State 77: <Decide line 113, col 3 to line 117, col 67 of module SolanaRecovery>
s = [ token |-> (w1 :> 9),
  queueOwner |-> 9,
  storageOwner |-> 9,
  messages |->
      << [identity |-> s1, persistedBefore |-> TRUE],
         [identity |-> s1, persistedBefore |-> TRUE],
         [identity |-> s1, persistedBefore |-> TRUE],
         [identity |-> s1, persistedBefore |-> TRUE],
         [identity |-> s1, persistedBefore |-> TRUE],
         [identity |-> s1, persistedBefore |-> TRUE],
         [identity |-> s1, persistedBefore |-> TRUE],
         [identity |-> s1, persistedBefore |-> TRUE] >>,
  epoch |-> 9,
  queue |-> "Active",
  admission |-> "Active",
  attempt |-> s1,
  broadcasts |-> 8,
  checks |-> 8,
  reservations |-> 8,
  phase |-> (w1 :> "Validity"),
  local |-> (w1 :> s1),
  observed |-> (w1 :> "Absent"),
  chain |-> (s1 :> "Unseen"),
  expired |-> {},
  effects |-> {},
  persistedEver |-> {s1},
  terminalIdentity |-> 0,
  terminalKind |-> "None",
  staleTerminal |-> FALSE ]

State 78: <Validity line 120, col 3 to line 122, col 77 of module SolanaRecovery>
s = [ token |-> (w1 :> 9),
  queueOwner |-> 9,
  storageOwner |-> 9,
  messages |->
      << [identity |-> s1, persistedBefore |-> TRUE],
         [identity |-> s1, persistedBefore |-> TRUE],
         [identity |-> s1, persistedBefore |-> TRUE],
         [identity |-> s1, persistedBefore |-> TRUE],
         [identity |-> s1, persistedBefore |-> TRUE],
         [identity |-> s1, persistedBefore |-> TRUE],
         [identity |-> s1, persistedBefore |-> TRUE],
         [identity |-> s1, persistedBefore |-> TRUE] >>,
  epoch |-> 9,
  queue |-> "Active",
  admission |-> "Active",
  attempt |-> s1,
  broadcasts |-> 8,
  checks |-> 8,
  reservations |-> 8,
  phase |-> (w1 :> "PrepareSend"),
  local |-> (w1 :> s1),
  observed |-> (w1 :> "Absent"),
  chain |-> (s1 :> "Unseen"),
  expired |-> {},
  effects |-> {},
  persistedEver |-> {s1},
  terminalIdentity |-> 0,
  terminalKind |-> "None",
  staleTerminal |-> FALSE ]

State 79: <PrepareSend line 59, col 3 to line 61, col 86 of module SolanaRecovery>
s = [ token |-> (w1 :> 9),
  queueOwner |-> 9,
  storageOwner |-> 9,
  messages |->
      << [identity |-> s1, persistedBefore |-> TRUE],
         [identity |-> s1, persistedBefore |-> TRUE],
         [identity |-> s1, persistedBefore |-> TRUE],
         [identity |-> s1, persistedBefore |-> TRUE],
         [identity |-> s1, persistedBefore |-> TRUE],
         [identity |-> s1, persistedBefore |-> TRUE],
         [identity |-> s1, persistedBefore |-> TRUE],
         [identity |-> s1, persistedBefore |-> TRUE] >>,
  epoch |-> 9,
  queue |-> "Active",
  admission |-> "Active",
  attempt |-> s1,
  broadcasts |-> 9,
  checks |-> 8,
  reservations |-> 9,
  phase |-> (w1 :> "Send"),
  local |-> (w1 :> s1),
  observed |-> (w1 :> "Absent"),
  chain |-> (s1 :> "Unseen"),
  expired |-> {},
  effects |-> {},
  persistedEver |-> {s1},
  terminalIdentity |-> 0,
  terminalKind |-> "None",
  staleTerminal |-> FALSE ]

State 80: <Send line 75, col 3 to line 78, col 68 of module SolanaRecovery>
s = [ token |-> (w1 :> 9),
  queueOwner |-> 9,
  storageOwner |-> 9,
  messages |->
      << [identity |-> s1, persistedBefore |-> TRUE],
         [identity |-> s1, persistedBefore |-> TRUE],
         [identity |-> s1, persistedBefore |-> TRUE],
         [identity |-> s1, persistedBefore |-> TRUE],
         [identity |-> s1, persistedBefore |-> TRUE],
         [identity |-> s1, persistedBefore |-> TRUE],
         [identity |-> s1, persistedBefore |-> TRUE],
         [identity |-> s1, persistedBefore |-> TRUE],
         [identity |-> s1, persistedBefore |-> TRUE] >>,
  epoch |-> 9,
  queue |-> "Active",
  admission |-> "Active",
  attempt |-> s1,
  broadcasts |-> 9,
  checks |-> 8,
  reservations |-> 9,
  phase |-> (w1 :> "Retry"),
  local |-> (w1 :> s1),
  observed |-> (w1 :> "Unknown"),
  chain |-> (s1 :> "Unseen"),
  expired |-> {},
  effects |-> {},
  persistedEver |-> {s1},
  terminalIdentity |-> 0,
  terminalKind |-> "None",
  staleTerminal |-> FALSE ]

State 81: <Retry line 147, col 3 to line 152, col 62 of module SolanaRecovery>
s = [ token |-> (w1 :> 0),
  queueOwner |-> 0,
  storageOwner |-> 0,
  messages |->
      << [identity |-> s1, persistedBefore |-> TRUE],
         [identity |-> s1, persistedBefore |-> TRUE],
         [identity |-> s1, persistedBefore |-> TRUE],
         [identity |-> s1, persistedBefore |-> TRUE],
         [identity |-> s1, persistedBefore |-> TRUE],
         [identity |-> s1, persistedBefore |-> TRUE],
         [identity |-> s1, persistedBefore |-> TRUE],
         [identity |-> s1, persistedBefore |-> TRUE],
         [identity |-> s1, persistedBefore |-> TRUE] >>,
  epoch |-> 9,
  queue |-> "Pending",
  admission |-> "Active",
  attempt |-> s1,
  broadcasts |-> 9,
  checks |-> 8,
  reservations |-> 9,
  phase |-> (w1 :> "Idle"),
  local |-> (w1 :> 0),
  observed |-> (w1 :> "Unknown"),
  chain |-> (s1 :> "Unseen"),
  expired |-> {},
  effects |-> {},
  persistedEver |-> {s1},
  terminalIdentity |-> 0,
  terminalKind |-> "None",
  staleTerminal |-> FALSE ]

State 82: <Claim line 34, col 3 to line 37, col 86 of module SolanaRecovery>
s = [ token |-> (w1 :> 10),
  queueOwner |-> 10,
  storageOwner |-> 0,
  messages |->
      << [identity |-> s1, persistedBefore |-> TRUE],
         [identity |-> s1, persistedBefore |-> TRUE],
         [identity |-> s1, persistedBefore |-> TRUE],
         [identity |-> s1, persistedBefore |-> TRUE],
         [identity |-> s1, persistedBefore |-> TRUE],
         [identity |-> s1, persistedBefore |-> TRUE],
         [identity |-> s1, persistedBefore |-> TRUE],
         [identity |-> s1, persistedBefore |-> TRUE],
         [identity |-> s1, persistedBefore |-> TRUE] >>,
  epoch |-> 10,
  queue |-> "Active",
  admission |-> "Active",
  attempt |-> s1,
  broadcasts |-> 9,
  checks |-> 8,
  reservations |-> 9,
  phase |-> (w1 :> "Load"),
  local |-> (w1 :> 0),
  observed |-> (w1 :> "Unknown"),
  chain |-> (s1 :> "Unseen"),
  expired |-> {},
  effects |-> {},
  persistedEver |-> {s1},
  terminalIdentity |-> 0,
  terminalKind |-> "None",
  staleTerminal |-> FALSE ]

State 83: <Lock line 40, col 3 to line 41, col 72 of module SolanaRecovery>
s = [ token |-> (w1 :> 10),
  queueOwner |-> 10,
  storageOwner |-> 10,
  messages |->
      << [identity |-> s1, persistedBefore |-> TRUE],
         [identity |-> s1, persistedBefore |-> TRUE],
         [identity |-> s1, persistedBefore |-> TRUE],
         [identity |-> s1, persistedBefore |-> TRUE],
         [identity |-> s1, persistedBefore |-> TRUE],
         [identity |-> s1, persistedBefore |-> TRUE],
         [identity |-> s1, persistedBefore |-> TRUE],
         [identity |-> s1, persistedBefore |-> TRUE],
         [identity |-> s1, persistedBefore |-> TRUE] >>,
  epoch |-> 10,
  queue |-> "Active",
  admission |-> "Active",
  attempt |-> s1,
  broadcasts |-> 9,
  checks |-> 8,
  reservations |-> 9,
  phase |-> (w1 :> "Recover"),
  local |-> (w1 :> 0),
  observed |-> (w1 :> "Unknown"),
  chain |-> (s1 :> "Unseen"),
  expired |-> {},
  effects |-> {},
  persistedEver |-> {s1},
  terminalIdentity |-> 0,
  terminalKind |-> "None",
  staleTerminal |-> FALSE ]

State 84: <LoadAttempt line 44, col 3 to line 46, col 76 of module SolanaRecovery>
s = [ token |-> (w1 :> 10),
  queueOwner |-> 10,
  storageOwner |-> 10,
  messages |->
      << [identity |-> s1, persistedBefore |-> TRUE],
         [identity |-> s1, persistedBefore |-> TRUE],
         [identity |-> s1, persistedBefore |-> TRUE],
         [identity |-> s1, persistedBefore |-> TRUE],
         [identity |-> s1, persistedBefore |-> TRUE],
         [identity |-> s1, persistedBefore |-> TRUE],
         [identity |-> s1, persistedBefore |-> TRUE],
         [identity |-> s1, persistedBefore |-> TRUE],
         [identity |-> s1, persistedBefore |-> TRUE] >>,
  epoch |-> 10,
  queue |-> "Active",
  admission |-> "Active",
  attempt |-> s1,
  broadcasts |-> 9,
  checks |-> 8,
  reservations |-> 9,
  phase |-> (w1 :> "Check"),
  local |-> (w1 :> s1),
  observed |-> (w1 :> "Unknown"),
  chain |-> (s1 :> "Unseen"),
  expired |-> {},
  effects |-> {},
  persistedEver |-> {s1},
  terminalIdentity |-> 0,
  terminalKind |-> "None",
  staleTerminal |-> FALSE ]

State 85: <Observe line 102, col 3 to line 106, col 85 of module SolanaRecovery>
s = [ token |-> (w1 :> 10),
  queueOwner |-> 10,
  storageOwner |-> 10,
  messages |->
      << [identity |-> s1, persistedBefore |-> TRUE],
         [identity |-> s1, persistedBefore |-> TRUE],
         [identity |-> s1, persistedBefore |-> TRUE],
         [identity |-> s1, persistedBefore |-> TRUE],
         [identity |-> s1, persistedBefore |-> TRUE],
         [identity |-> s1, persistedBefore |-> TRUE],
         [identity |-> s1, persistedBefore |-> TRUE],
         [identity |-> s1, persistedBefore |-> TRUE],
         [identity |-> s1, persistedBefore |-> TRUE] >>,
  epoch |-> 10,
  queue |-> "Active",
  admission |-> "Active",
  attempt |-> s1,
  broadcasts |-> 9,
  checks |-> 9,
  reservations |-> 9,
  phase |-> (w1 :> "Observed"),
  local |-> (w1 :> s1),
  observed |-> (w1 :> "Absent"),
  chain |-> (s1 :> "Unseen"),
  expired |-> {},
  effects |-> {},
  persistedEver |-> {s1},
  terminalIdentity |-> 0,
  terminalKind |-> "None",
  staleTerminal |-> FALSE ]

State 86: <Decide line 113, col 3 to line 117, col 67 of module SolanaRecovery>
s = [ token |-> (w1 :> 10),
  queueOwner |-> 10,
  storageOwner |-> 10,
  messages |->
      << [identity |-> s1, persistedBefore |-> TRUE],
         [identity |-> s1, persistedBefore |-> TRUE],
         [identity |-> s1, persistedBefore |-> TRUE],
         [identity |-> s1, persistedBefore |-> TRUE],
         [identity |-> s1, persistedBefore |-> TRUE],
         [identity |-> s1, persistedBefore |-> TRUE],
         [identity |-> s1, persistedBefore |-> TRUE],
         [identity |-> s1, persistedBefore |-> TRUE],
         [identity |-> s1, persistedBefore |-> TRUE] >>,
  epoch |-> 10,
  queue |-> "Active",
  admission |-> "Active",
  attempt |-> s1,
  broadcasts |-> 9,
  checks |-> 9,
  reservations |-> 9,
  phase |-> (w1 :> "Validity"),
  local |-> (w1 :> s1),
  observed |-> (w1 :> "Absent"),
  chain |-> (s1 :> "Unseen"),
  expired |-> {},
  effects |-> {},
  persistedEver |-> {s1},
  terminalIdentity |-> 0,
  terminalKind |-> "None",
  staleTerminal |-> FALSE ]

State 87: <Validity line 120, col 3 to line 122, col 77 of module SolanaRecovery>
s = [ token |-> (w1 :> 10),
  queueOwner |-> 10,
  storageOwner |-> 10,
  messages |->
      << [identity |-> s1, persistedBefore |-> TRUE],
         [identity |-> s1, persistedBefore |-> TRUE],
         [identity |-> s1, persistedBefore |-> TRUE],
         [identity |-> s1, persistedBefore |-> TRUE],
         [identity |-> s1, persistedBefore |-> TRUE],
         [identity |-> s1, persistedBefore |-> TRUE],
         [identity |-> s1, persistedBefore |-> TRUE],
         [identity |-> s1, persistedBefore |-> TRUE],
         [identity |-> s1, persistedBefore |-> TRUE] >>,
  epoch |-> 10,
  queue |-> "Active",
  admission |-> "Active",
  attempt |-> s1,
  broadcasts |-> 9,
  checks |-> 9,
  reservations |-> 9,
  phase |-> (w1 :> "PrepareSend"),
  local |-> (w1 :> s1),
  observed |-> (w1 :> "Absent"),
  chain |-> (s1 :> "Unseen"),
  expired |-> {},
  effects |-> {},
  persistedEver |-> {s1},
  terminalIdentity |-> 0,
  terminalKind |-> "None",
  staleTerminal |-> FALSE ]

State 88: <PrepareSend line 59, col 3 to line 61, col 86 of module SolanaRecovery>
s = [ token |-> (w1 :> 10),
  queueOwner |-> 10,
  storageOwner |-> 10,
  messages |->
      << [identity |-> s1, persistedBefore |-> TRUE],
         [identity |-> s1, persistedBefore |-> TRUE],
         [identity |-> s1, persistedBefore |-> TRUE],
         [identity |-> s1, persistedBefore |-> TRUE],
         [identity |-> s1, persistedBefore |-> TRUE],
         [identity |-> s1, persistedBefore |-> TRUE],
         [identity |-> s1, persistedBefore |-> TRUE],
         [identity |-> s1, persistedBefore |-> TRUE],
         [identity |-> s1, persistedBefore |-> TRUE] >>,
  epoch |-> 10,
  queue |-> "Active",
  admission |-> "Active",
  attempt |-> s1,
  broadcasts |-> 10,
  checks |-> 9,
  reservations |-> 10,
  phase |-> (w1 :> "Send"),
  local |-> (w1 :> s1),
  observed |-> (w1 :> "Absent"),
  chain |-> (s1 :> "Unseen"),
  expired |-> {},
  effects |-> {},
  persistedEver |-> {s1},
  terminalIdentity |-> 0,
  terminalKind |-> "None",
  staleTerminal |-> FALSE ]

State 89: <Send line 75, col 3 to line 78, col 68 of module SolanaRecovery>
s = [ token |-> (w1 :> 10),
  queueOwner |-> 10,
  storageOwner |-> 10,
  messages |->
      << [identity |-> s1, persistedBefore |-> TRUE],
         [identity |-> s1, persistedBefore |-> TRUE],
         [identity |-> s1, persistedBefore |-> TRUE],
         [identity |-> s1, persistedBefore |-> TRUE],
         [identity |-> s1, persistedBefore |-> TRUE],
         [identity |-> s1, persistedBefore |-> TRUE],
         [identity |-> s1, persistedBefore |-> TRUE],
         [identity |-> s1, persistedBefore |-> TRUE],
         [identity |-> s1, persistedBefore |-> TRUE],
         [identity |-> s1, persistedBefore |-> TRUE] >>,
  epoch |-> 10,
  queue |-> "Active",
  admission |-> "Active",
  attempt |-> s1,
  broadcasts |-> 10,
  checks |-> 9,
  reservations |-> 10,
  phase |-> (w1 :> "Retry"),
  local |-> (w1 :> s1),
  observed |-> (w1 :> "Unknown"),
  chain |-> (s1 :> "Unseen"),
  expired |-> {},
  effects |-> {},
  persistedEver |-> {s1},
  terminalIdentity |-> 0,
  terminalKind |-> "None",
  staleTerminal |-> FALSE ]

State 90: <Retry line 147, col 3 to line 152, col 62 of module SolanaRecovery>
s = [ token |-> (w1 :> 0),
  queueOwner |-> 0,
  storageOwner |-> 0,
  messages |->
      << [identity |-> s1, persistedBefore |-> TRUE],
         [identity |-> s1, persistedBefore |-> TRUE],
         [identity |-> s1, persistedBefore |-> TRUE],
         [identity |-> s1, persistedBefore |-> TRUE],
         [identity |-> s1, persistedBefore |-> TRUE],
         [identity |-> s1, persistedBefore |-> TRUE],
         [identity |-> s1, persistedBefore |-> TRUE],
         [identity |-> s1, persistedBefore |-> TRUE],
         [identity |-> s1, persistedBefore |-> TRUE],
         [identity |-> s1, persistedBefore |-> TRUE] >>,
  epoch |-> 10,
  queue |-> "Pending",
  admission |-> "Active",
  attempt |-> s1,
  broadcasts |-> 10,
  checks |-> 9,
  reservations |-> 10,
  phase |-> (w1 :> "Idle"),
  local |-> (w1 :> 0),
  observed |-> (w1 :> "Unknown"),
  chain |-> (s1 :> "Unseen"),
  expired |-> {},
  effects |-> {},
  persistedEver |-> {s1},
  terminalIdentity |-> 0,
  terminalKind |-> "None",
  staleTerminal |-> FALSE ]

State 91: <Claim line 34, col 3 to line 37, col 86 of module SolanaRecovery>
s = [ token |-> (w1 :> 11),
  queueOwner |-> 11,
  storageOwner |-> 0,
  messages |->
      << [identity |-> s1, persistedBefore |-> TRUE],
         [identity |-> s1, persistedBefore |-> TRUE],
         [identity |-> s1, persistedBefore |-> TRUE],
         [identity |-> s1, persistedBefore |-> TRUE],
         [identity |-> s1, persistedBefore |-> TRUE],
         [identity |-> s1, persistedBefore |-> TRUE],
         [identity |-> s1, persistedBefore |-> TRUE],
         [identity |-> s1, persistedBefore |-> TRUE],
         [identity |-> s1, persistedBefore |-> TRUE],
         [identity |-> s1, persistedBefore |-> TRUE] >>,
  epoch |-> 11,
  queue |-> "Active",
  admission |-> "Active",
  attempt |-> s1,
  broadcasts |-> 10,
  checks |-> 9,
  reservations |-> 10,
  phase |-> (w1 :> "Load"),
  local |-> (w1 :> 0),
  observed |-> (w1 :> "Unknown"),
  chain |-> (s1 :> "Unseen"),
  expired |-> {},
  effects |-> {},
  persistedEver |-> {s1},
  terminalIdentity |-> 0,
  terminalKind |-> "None",
  staleTerminal |-> FALSE ]

State 92: <Lock line 40, col 3 to line 41, col 72 of module SolanaRecovery>
s = [ token |-> (w1 :> 11),
  queueOwner |-> 11,
  storageOwner |-> 11,
  messages |->
      << [identity |-> s1, persistedBefore |-> TRUE],
         [identity |-> s1, persistedBefore |-> TRUE],
         [identity |-> s1, persistedBefore |-> TRUE],
         [identity |-> s1, persistedBefore |-> TRUE],
         [identity |-> s1, persistedBefore |-> TRUE],
         [identity |-> s1, persistedBefore |-> TRUE],
         [identity |-> s1, persistedBefore |-> TRUE],
         [identity |-> s1, persistedBefore |-> TRUE],
         [identity |-> s1, persistedBefore |-> TRUE],
         [identity |-> s1, persistedBefore |-> TRUE] >>,
  epoch |-> 11,
  queue |-> "Active",
  admission |-> "Active",
  attempt |-> s1,
  broadcasts |-> 10,
  checks |-> 9,
  reservations |-> 10,
  phase |-> (w1 :> "Recover"),
  local |-> (w1 :> 0),
  observed |-> (w1 :> "Unknown"),
  chain |-> (s1 :> "Unseen"),
  expired |-> {},
  effects |-> {},
  persistedEver |-> {s1},
  terminalIdentity |-> 0,
  terminalKind |-> "None",
  staleTerminal |-> FALSE ]

State 93: <LoadAttempt line 44, col 3 to line 46, col 76 of module SolanaRecovery>
s = [ token |-> (w1 :> 11),
  queueOwner |-> 11,
  storageOwner |-> 11,
  messages |->
      << [identity |-> s1, persistedBefore |-> TRUE],
         [identity |-> s1, persistedBefore |-> TRUE],
         [identity |-> s1, persistedBefore |-> TRUE],
         [identity |-> s1, persistedBefore |-> TRUE],
         [identity |-> s1, persistedBefore |-> TRUE],
         [identity |-> s1, persistedBefore |-> TRUE],
         [identity |-> s1, persistedBefore |-> TRUE],
         [identity |-> s1, persistedBefore |-> TRUE],
         [identity |-> s1, persistedBefore |-> TRUE],
         [identity |-> s1, persistedBefore |-> TRUE] >>,
  epoch |-> 11,
  queue |-> "Active",
  admission |-> "Active",
  attempt |-> s1,
  broadcasts |-> 10,
  checks |-> 9,
  reservations |-> 10,
  phase |-> (w1 :> "Check"),
  local |-> (w1 :> s1),
  observed |-> (w1 :> "Unknown"),
  chain |-> (s1 :> "Unseen"),
  expired |-> {},
  effects |-> {},
  persistedEver |-> {s1},
  terminalIdentity |-> 0,
  terminalKind |-> "None",
  staleTerminal |-> FALSE ]

State 94: <Observe line 102, col 3 to line 106, col 85 of module SolanaRecovery>
s = [ token |-> (w1 :> 11),
  queueOwner |-> 11,
  storageOwner |-> 11,
  messages |->
      << [identity |-> s1, persistedBefore |-> TRUE],
         [identity |-> s1, persistedBefore |-> TRUE],
         [identity |-> s1, persistedBefore |-> TRUE],
         [identity |-> s1, persistedBefore |-> TRUE],
         [identity |-> s1, persistedBefore |-> TRUE],
         [identity |-> s1, persistedBefore |-> TRUE],
         [identity |-> s1, persistedBefore |-> TRUE],
         [identity |-> s1, persistedBefore |-> TRUE],
         [identity |-> s1, persistedBefore |-> TRUE],
         [identity |-> s1, persistedBefore |-> TRUE] >>,
  epoch |-> 11,
  queue |-> "Active",
  admission |-> "Active",
  attempt |-> s1,
  broadcasts |-> 10,
  checks |-> 10,
  reservations |-> 10,
  phase |-> (w1 :> "Observed"),
  local |-> (w1 :> s1),
  observed |-> (w1 :> "Absent"),
  chain |-> (s1 :> "Unseen"),
  expired |-> {},
  effects |-> {},
  persistedEver |-> {s1},
  terminalIdentity |-> 0,
  terminalKind |-> "None",
  staleTerminal |-> FALSE ]

State 95: <Decide line 113, col 3 to line 117, col 67 of module SolanaRecovery>
s = [ token |-> (w1 :> 11),
  queueOwner |-> 11,
  storageOwner |-> 11,
  messages |->
      << [identity |-> s1, persistedBefore |-> TRUE],
         [identity |-> s1, persistedBefore |-> TRUE],
         [identity |-> s1, persistedBefore |-> TRUE],
         [identity |-> s1, persistedBefore |-> TRUE],
         [identity |-> s1, persistedBefore |-> TRUE],
         [identity |-> s1, persistedBefore |-> TRUE],
         [identity |-> s1, persistedBefore |-> TRUE],
         [identity |-> s1, persistedBefore |-> TRUE],
         [identity |-> s1, persistedBefore |-> TRUE],
         [identity |-> s1, persistedBefore |-> TRUE] >>,
  epoch |-> 11,
  queue |-> "Active",
  admission |-> "Active",
  attempt |-> s1,
  broadcasts |-> 10,
  checks |-> 10,
  reservations |-> 10,
  phase |-> (w1 :> "Validity"),
  local |-> (w1 :> s1),
  observed |-> (w1 :> "Absent"),
  chain |-> (s1 :> "Unseen"),
  expired |-> {},
  effects |-> {},
  persistedEver |-> {s1},
  terminalIdentity |-> 0,
  terminalKind |-> "None",
  staleTerminal |-> FALSE ]

State 96: <Validity line 120, col 3 to line 122, col 77 of module SolanaRecovery>
s = [ token |-> (w1 :> 11),
  queueOwner |-> 11,
  storageOwner |-> 11,
  messages |->
      << [identity |-> s1, persistedBefore |-> TRUE],
         [identity |-> s1, persistedBefore |-> TRUE],
         [identity |-> s1, persistedBefore |-> TRUE],
         [identity |-> s1, persistedBefore |-> TRUE],
         [identity |-> s1, persistedBefore |-> TRUE],
         [identity |-> s1, persistedBefore |-> TRUE],
         [identity |-> s1, persistedBefore |-> TRUE],
         [identity |-> s1, persistedBefore |-> TRUE],
         [identity |-> s1, persistedBefore |-> TRUE],
         [identity |-> s1, persistedBefore |-> TRUE] >>,
  epoch |-> 11,
  queue |-> "Active",
  admission |-> "Active",
  attempt |-> s1,
  broadcasts |-> 10,
  checks |-> 10,
  reservations |-> 10,
  phase |-> (w1 :> "PrepareSend"),
  local |-> (w1 :> s1),
  observed |-> (w1 :> "Absent"),
  chain |-> (s1 :> "Unseen"),
  expired |-> {},
  effects |-> {},
  persistedEver |-> {s1},
  terminalIdentity |-> 0,
  terminalKind |-> "None",
  staleTerminal |-> FALSE ]

State 97: <PrepareSend line 59, col 3 to line 61, col 86 of module SolanaRecovery>
s = [ token |-> (w1 :> 11),
  queueOwner |-> 11,
  storageOwner |-> 11,
  messages |->
      << [identity |-> s1, persistedBefore |-> TRUE],
         [identity |-> s1, persistedBefore |-> TRUE],
         [identity |-> s1, persistedBefore |-> TRUE],
         [identity |-> s1, persistedBefore |-> TRUE],
         [identity |-> s1, persistedBefore |-> TRUE],
         [identity |-> s1, persistedBefore |-> TRUE],
         [identity |-> s1, persistedBefore |-> TRUE],
         [identity |-> s1, persistedBefore |-> TRUE],
         [identity |-> s1, persistedBefore |-> TRUE],
         [identity |-> s1, persistedBefore |-> TRUE] >>,
  epoch |-> 11,
  queue |-> "Active",
  admission |-> "Active",
  attempt |-> s1,
  broadcasts |-> 11,
  checks |-> 10,
  reservations |-> 11,
  phase |-> (w1 :> "Send"),
  local |-> (w1 :> s1),
  observed |-> (w1 :> "Absent"),
  chain |-> (s1 :> "Unseen"),
  expired |-> {},
  effects |-> {},
  persistedEver |-> {s1},
  terminalIdentity |-> 0,
  terminalKind |-> "None",
  staleTerminal |-> FALSE ]

State 98: <Send line 75, col 3 to line 78, col 68 of module SolanaRecovery>
s = [ token |-> (w1 :> 11),
  queueOwner |-> 11,
  storageOwner |-> 11,
  messages |->
      << [identity |-> s1, persistedBefore |-> TRUE],
         [identity |-> s1, persistedBefore |-> TRUE],
         [identity |-> s1, persistedBefore |-> TRUE],
         [identity |-> s1, persistedBefore |-> TRUE],
         [identity |-> s1, persistedBefore |-> TRUE],
         [identity |-> s1, persistedBefore |-> TRUE],
         [identity |-> s1, persistedBefore |-> TRUE],
         [identity |-> s1, persistedBefore |-> TRUE],
         [identity |-> s1, persistedBefore |-> TRUE],
         [identity |-> s1, persistedBefore |-> TRUE],
         [identity |-> s1, persistedBefore |-> TRUE] >>,
  epoch |-> 11,
  queue |-> "Active",
  admission |-> "Active",
  attempt |-> s1,
  broadcasts |-> 11,
  checks |-> 10,
  reservations |-> 11,
  phase |-> (w1 :> "Retry"),
  local |-> (w1 :> s1),
  observed |-> (w1 :> "Unknown"),
  chain |-> (s1 :> "Unseen"),
  expired |-> {},
  effects |-> {},
  persistedEver |-> {s1},
  terminalIdentity |-> 0,
  terminalKind |-> "None",
  staleTerminal |-> FALSE ]

State 99: <Retry line 147, col 3 to line 152, col 62 of module SolanaRecovery>
s = [ token |-> (w1 :> 0),
  queueOwner |-> 0,
  storageOwner |-> 0,
  messages |->
      << [identity |-> s1, persistedBefore |-> TRUE],
         [identity |-> s1, persistedBefore |-> TRUE],
         [identity |-> s1, persistedBefore |-> TRUE],
         [identity |-> s1, persistedBefore |-> TRUE],
         [identity |-> s1, persistedBefore |-> TRUE],
         [identity |-> s1, persistedBefore |-> TRUE],
         [identity |-> s1, persistedBefore |-> TRUE],
         [identity |-> s1, persistedBefore |-> TRUE],
         [identity |-> s1, persistedBefore |-> TRUE],
         [identity |-> s1, persistedBefore |-> TRUE],
         [identity |-> s1, persistedBefore |-> TRUE] >>,
  epoch |-> 11,
  queue |-> "Pending",
  admission |-> "Active",
  attempt |-> s1,
  broadcasts |-> 11,
  checks |-> 10,
  reservations |-> 11,
  phase |-> (w1 :> "Idle"),
  local |-> (w1 :> 0),
  observed |-> (w1 :> "Unknown"),
  chain |-> (s1 :> "Unseen"),
  expired |-> {},
  effects |-> {},
  persistedEver |-> {s1},
  terminalIdentity |-> 0,
  terminalKind |-> "None",
  staleTerminal |-> FALSE ]

State 100: <Claim line 34, col 3 to line 37, col 86 of module SolanaRecovery>
s = [ token |-> (w1 :> 12),
  queueOwner |-> 12,
  storageOwner |-> 0,
  messages |->
      << [identity |-> s1, persistedBefore |-> TRUE],
         [identity |-> s1, persistedBefore |-> TRUE],
         [identity |-> s1, persistedBefore |-> TRUE],
         [identity |-> s1, persistedBefore |-> TRUE],
         [identity |-> s1, persistedBefore |-> TRUE],
         [identity |-> s1, persistedBefore |-> TRUE],
         [identity |-> s1, persistedBefore |-> TRUE],
         [identity |-> s1, persistedBefore |-> TRUE],
         [identity |-> s1, persistedBefore |-> TRUE],
         [identity |-> s1, persistedBefore |-> TRUE],
         [identity |-> s1, persistedBefore |-> TRUE] >>,
  epoch |-> 12,
  queue |-> "Active",
  admission |-> "Active",
  attempt |-> s1,
  broadcasts |-> 11,
  checks |-> 10,
  reservations |-> 11,
  phase |-> (w1 :> "Load"),
  local |-> (w1 :> 0),
  observed |-> (w1 :> "Unknown"),
  chain |-> (s1 :> "Unseen"),
  expired |-> {},
  effects |-> {},
  persistedEver |-> {s1},
  terminalIdentity |-> 0,
  terminalKind |-> "None",
  staleTerminal |-> FALSE ]

State 101: <Lock line 40, col 3 to line 41, col 72 of module SolanaRecovery>
s = [ token |-> (w1 :> 12),
  queueOwner |-> 12,
  storageOwner |-> 12,
  messages |->
      << [identity |-> s1, persistedBefore |-> TRUE],
         [identity |-> s1, persistedBefore |-> TRUE],
         [identity |-> s1, persistedBefore |-> TRUE],
         [identity |-> s1, persistedBefore |-> TRUE],
         [identity |-> s1, persistedBefore |-> TRUE],
         [identity |-> s1, persistedBefore |-> TRUE],
         [identity |-> s1, persistedBefore |-> TRUE],
         [identity |-> s1, persistedBefore |-> TRUE],
         [identity |-> s1, persistedBefore |-> TRUE],
         [identity |-> s1, persistedBefore |-> TRUE],
         [identity |-> s1, persistedBefore |-> TRUE] >>,
  epoch |-> 12,
  queue |-> "Active",
  admission |-> "Active",
  attempt |-> s1,
  broadcasts |-> 11,
  checks |-> 10,
  reservations |-> 11,
  phase |-> (w1 :> "Recover"),
  local |-> (w1 :> 0),
  observed |-> (w1 :> "Unknown"),
  chain |-> (s1 :> "Unseen"),
  expired |-> {},
  effects |-> {},
  persistedEver |-> {s1},
  terminalIdentity |-> 0,
  terminalKind |-> "None",
  staleTerminal |-> FALSE ]

State 102: <LoadAttempt line 44, col 3 to line 46, col 76 of module SolanaRecovery>
s = [ token |-> (w1 :> 12),
  queueOwner |-> 12,
  storageOwner |-> 12,
  messages |->
      << [identity |-> s1, persistedBefore |-> TRUE],
         [identity |-> s1, persistedBefore |-> TRUE],
         [identity |-> s1, persistedBefore |-> TRUE],
         [identity |-> s1, persistedBefore |-> TRUE],
         [identity |-> s1, persistedBefore |-> TRUE],
         [identity |-> s1, persistedBefore |-> TRUE],
         [identity |-> s1, persistedBefore |-> TRUE],
         [identity |-> s1, persistedBefore |-> TRUE],
         [identity |-> s1, persistedBefore |-> TRUE],
         [identity |-> s1, persistedBefore |-> TRUE],
         [identity |-> s1, persistedBefore |-> TRUE] >>,
  epoch |-> 12,
  queue |-> "Active",
  admission |-> "Active",
  attempt |-> s1,
  broadcasts |-> 11,
  checks |-> 10,
  reservations |-> 11,
  phase |-> (w1 :> "Check"),
  local |-> (w1 :> s1),
  observed |-> (w1 :> "Unknown"),
  chain |-> (s1 :> "Unseen"),
  expired |-> {},
  effects |-> {},
  persistedEver |-> {s1},
  terminalIdentity |-> 0,
  terminalKind |-> "None",
  staleTerminal |-> FALSE ]

State 103: <Observe line 102, col 3 to line 106, col 85 of module SolanaRecovery>
s = [ token |-> (w1 :> 12),
  queueOwner |-> 12,
  storageOwner |-> 12,
  messages |->
      << [identity |-> s1, persistedBefore |-> TRUE],
         [identity |-> s1, persistedBefore |-> TRUE],
         [identity |-> s1, persistedBefore |-> TRUE],
         [identity |-> s1, persistedBefore |-> TRUE],
         [identity |-> s1, persistedBefore |-> TRUE],
         [identity |-> s1, persistedBefore |-> TRUE],
         [identity |-> s1, persistedBefore |-> TRUE],
         [identity |-> s1, persistedBefore |-> TRUE],
         [identity |-> s1, persistedBefore |-> TRUE],
         [identity |-> s1, persistedBefore |-> TRUE],
         [identity |-> s1, persistedBefore |-> TRUE] >>,
  epoch |-> 12,
  queue |-> "Active",
  admission |-> "Active",
  attempt |-> s1,
  broadcasts |-> 11,
  checks |-> 11,
  reservations |-> 11,
  phase |-> (w1 :> "Observed"),
  local |-> (w1 :> s1),
  observed |-> (w1 :> "Absent"),
  chain |-> (s1 :> "Unseen"),
  expired |-> {},
  effects |-> {},
  persistedEver |-> {s1},
  terminalIdentity |-> 0,
  terminalKind |-> "None",
  staleTerminal |-> FALSE ]

State 104: <Decide line 113, col 3 to line 117, col 67 of module SolanaRecovery>
s = [ token |-> (w1 :> 12),
  queueOwner |-> 12,
  storageOwner |-> 12,
  messages |->
      << [identity |-> s1, persistedBefore |-> TRUE],
         [identity |-> s1, persistedBefore |-> TRUE],
         [identity |-> s1, persistedBefore |-> TRUE],
         [identity |-> s1, persistedBefore |-> TRUE],
         [identity |-> s1, persistedBefore |-> TRUE],
         [identity |-> s1, persistedBefore |-> TRUE],
         [identity |-> s1, persistedBefore |-> TRUE],
         [identity |-> s1, persistedBefore |-> TRUE],
         [identity |-> s1, persistedBefore |-> TRUE],
         [identity |-> s1, persistedBefore |-> TRUE],
         [identity |-> s1, persistedBefore |-> TRUE] >>,
  epoch |-> 12,
  queue |-> "Active",
  admission |-> "Active",
  attempt |-> s1,
  broadcasts |-> 11,
  checks |-> 11,
  reservations |-> 11,
  phase |-> (w1 :> "Validity"),
  local |-> (w1 :> s1),
  observed |-> (w1 :> "Absent"),
  chain |-> (s1 :> "Unseen"),
  expired |-> {},
  effects |-> {},
  persistedEver |-> {s1},
  terminalIdentity |-> 0,
  terminalKind |-> "None",
  staleTerminal |-> FALSE ]

State 105: <Validity line 120, col 3 to line 122, col 77 of module SolanaRecovery>
s = [ token |-> (w1 :> 12),
  queueOwner |-> 12,
  storageOwner |-> 12,
  messages |->
      << [identity |-> s1, persistedBefore |-> TRUE],
         [identity |-> s1, persistedBefore |-> TRUE],
         [identity |-> s1, persistedBefore |-> TRUE],
         [identity |-> s1, persistedBefore |-> TRUE],
         [identity |-> s1, persistedBefore |-> TRUE],
         [identity |-> s1, persistedBefore |-> TRUE],
         [identity |-> s1, persistedBefore |-> TRUE],
         [identity |-> s1, persistedBefore |-> TRUE],
         [identity |-> s1, persistedBefore |-> TRUE],
         [identity |-> s1, persistedBefore |-> TRUE],
         [identity |-> s1, persistedBefore |-> TRUE] >>,
  epoch |-> 12,
  queue |-> "Active",
  admission |-> "Active",
  attempt |-> s1,
  broadcasts |-> 11,
  checks |-> 11,
  reservations |-> 11,
  phase |-> (w1 :> "PrepareSend"),
  local |-> (w1 :> s1),
  observed |-> (w1 :> "Absent"),
  chain |-> (s1 :> "Unseen"),
  expired |-> {},
  effects |-> {},
  persistedEver |-> {s1},
  terminalIdentity |-> 0,
  terminalKind |-> "None",
  staleTerminal |-> FALSE ]

State 106: <PrepareSend line 59, col 3 to line 61, col 86 of module SolanaRecovery>
s = [ token |-> (w1 :> 12),
  queueOwner |-> 12,
  storageOwner |-> 12,
  messages |->
      << [identity |-> s1, persistedBefore |-> TRUE],
         [identity |-> s1, persistedBefore |-> TRUE],
         [identity |-> s1, persistedBefore |-> TRUE],
         [identity |-> s1, persistedBefore |-> TRUE],
         [identity |-> s1, persistedBefore |-> TRUE],
         [identity |-> s1, persistedBefore |-> TRUE],
         [identity |-> s1, persistedBefore |-> TRUE],
         [identity |-> s1, persistedBefore |-> TRUE],
         [identity |-> s1, persistedBefore |-> TRUE],
         [identity |-> s1, persistedBefore |-> TRUE],
         [identity |-> s1, persistedBefore |-> TRUE] >>,
  epoch |-> 12,
  queue |-> "Active",
  admission |-> "Active",
  attempt |-> s1,
  broadcasts |-> 12,
  checks |-> 11,
  reservations |-> 12,
  phase |-> (w1 :> "Send"),
  local |-> (w1 :> s1),
  observed |-> (w1 :> "Absent"),
  chain |-> (s1 :> "Unseen"),
  expired |-> {},
  effects |-> {},
  persistedEver |-> {s1},
  terminalIdentity |-> 0,
  terminalKind |-> "None",
  staleTerminal |-> FALSE ]

State 107: <Send line 75, col 3 to line 78, col 68 of module SolanaRecovery>
s = [ token |-> (w1 :> 12),
  queueOwner |-> 12,
  storageOwner |-> 12,
  messages |->
      << [identity |-> s1, persistedBefore |-> TRUE],
         [identity |-> s1, persistedBefore |-> TRUE],
         [identity |-> s1, persistedBefore |-> TRUE],
         [identity |-> s1, persistedBefore |-> TRUE],
         [identity |-> s1, persistedBefore |-> TRUE],
         [identity |-> s1, persistedBefore |-> TRUE],
         [identity |-> s1, persistedBefore |-> TRUE],
         [identity |-> s1, persistedBefore |-> TRUE],
         [identity |-> s1, persistedBefore |-> TRUE],
         [identity |-> s1, persistedBefore |-> TRUE],
         [identity |-> s1, persistedBefore |-> TRUE],
         [identity |-> s1, persistedBefore |-> TRUE] >>,
  epoch |-> 12,
  queue |-> "Active",
  admission |-> "Active",
  attempt |-> s1,
  broadcasts |-> 12,
  checks |-> 11,
  reservations |-> 12,
  phase |-> (w1 :> "Retry"),
  local |-> (w1 :> s1),
  observed |-> (w1 :> "Unknown"),
  chain |-> (s1 :> "Unseen"),
  expired |-> {},
  effects |-> {},
  persistedEver |-> {s1},
  terminalIdentity |-> 0,
  terminalKind |-> "None",
  staleTerminal |-> FALSE ]

State 108: <Retry line 147, col 3 to line 152, col 62 of module SolanaRecovery>
s = [ token |-> (w1 :> 0),
  queueOwner |-> 0,
  storageOwner |-> 0,
  messages |->
      << [identity |-> s1, persistedBefore |-> TRUE],
         [identity |-> s1, persistedBefore |-> TRUE],
         [identity |-> s1, persistedBefore |-> TRUE],
         [identity |-> s1, persistedBefore |-> TRUE],
         [identity |-> s1, persistedBefore |-> TRUE],
         [identity |-> s1, persistedBefore |-> TRUE],
         [identity |-> s1, persistedBefore |-> TRUE],
         [identity |-> s1, persistedBefore |-> TRUE],
         [identity |-> s1, persistedBefore |-> TRUE],
         [identity |-> s1, persistedBefore |-> TRUE],
         [identity |-> s1, persistedBefore |-> TRUE],
         [identity |-> s1, persistedBefore |-> TRUE] >>,
  epoch |-> 12,
  queue |-> "Pending",
  admission |-> "Active",
  attempt |-> s1,
  broadcasts |-> 12,
  checks |-> 11,
  reservations |-> 12,
  phase |-> (w1 :> "Idle"),
  local |-> (w1 :> 0),
  observed |-> (w1 :> "Unknown"),
  chain |-> (s1 :> "Unseen"),
  expired |-> {},
  effects |-> {},
  persistedEver |-> {s1},
  terminalIdentity |-> 0,
  terminalKind |-> "None",
  staleTerminal |-> FALSE ]

State 109: <Claim line 34, col 3 to line 37, col 86 of module SolanaRecovery>
s = [ token |-> (w1 :> 13),
  queueOwner |-> 13,
  storageOwner |-> 0,
  messages |->
      << [identity |-> s1, persistedBefore |-> TRUE],
         [identity |-> s1, persistedBefore |-> TRUE],
         [identity |-> s1, persistedBefore |-> TRUE],
         [identity |-> s1, persistedBefore |-> TRUE],
         [identity |-> s1, persistedBefore |-> TRUE],
         [identity |-> s1, persistedBefore |-> TRUE],
         [identity |-> s1, persistedBefore |-> TRUE],
         [identity |-> s1, persistedBefore |-> TRUE],
         [identity |-> s1, persistedBefore |-> TRUE],
         [identity |-> s1, persistedBefore |-> TRUE],
         [identity |-> s1, persistedBefore |-> TRUE],
         [identity |-> s1, persistedBefore |-> TRUE] >>,
  epoch |-> 13,
  queue |-> "Active",
  admission |-> "Active",
  attempt |-> s1,
  broadcasts |-> 12,
  checks |-> 11,
  reservations |-> 12,
  phase |-> (w1 :> "Load"),
  local |-> (w1 :> 0),
  observed |-> (w1 :> "Unknown"),
  chain |-> (s1 :> "Unseen"),
  expired |-> {},
  effects |-> {},
  persistedEver |-> {s1},
  terminalIdentity |-> 0,
  terminalKind |-> "None",
  staleTerminal |-> FALSE ]

State 110: <Lock line 40, col 3 to line 41, col 72 of module SolanaRecovery>
s = [ token |-> (w1 :> 13),
  queueOwner |-> 13,
  storageOwner |-> 13,
  messages |->
      << [identity |-> s1, persistedBefore |-> TRUE],
         [identity |-> s1, persistedBefore |-> TRUE],
         [identity |-> s1, persistedBefore |-> TRUE],
         [identity |-> s1, persistedBefore |-> TRUE],
         [identity |-> s1, persistedBefore |-> TRUE],
         [identity |-> s1, persistedBefore |-> TRUE],
         [identity |-> s1, persistedBefore |-> TRUE],
         [identity |-> s1, persistedBefore |-> TRUE],
         [identity |-> s1, persistedBefore |-> TRUE],
         [identity |-> s1, persistedBefore |-> TRUE],
         [identity |-> s1, persistedBefore |-> TRUE],
         [identity |-> s1, persistedBefore |-> TRUE] >>,
  epoch |-> 13,
  queue |-> "Active",
  admission |-> "Active",
  attempt |-> s1,
  broadcasts |-> 12,
  checks |-> 11,
  reservations |-> 12,
  phase |-> (w1 :> "Recover"),
  local |-> (w1 :> 0),
  observed |-> (w1 :> "Unknown"),
  chain |-> (s1 :> "Unseen"),
  expired |-> {},
  effects |-> {},
  persistedEver |-> {s1},
  terminalIdentity |-> 0,
  terminalKind |-> "None",
  staleTerminal |-> FALSE ]

State 111: <LoadAttempt line 44, col 3 to line 46, col 76 of module SolanaRecovery>
s = [ token |-> (w1 :> 13),
  queueOwner |-> 13,
  storageOwner |-> 13,
  messages |->
      << [identity |-> s1, persistedBefore |-> TRUE],
         [identity |-> s1, persistedBefore |-> TRUE],
         [identity |-> s1, persistedBefore |-> TRUE],
         [identity |-> s1, persistedBefore |-> TRUE],
         [identity |-> s1, persistedBefore |-> TRUE],
         [identity |-> s1, persistedBefore |-> TRUE],
         [identity |-> s1, persistedBefore |-> TRUE],
         [identity |-> s1, persistedBefore |-> TRUE],
         [identity |-> s1, persistedBefore |-> TRUE],
         [identity |-> s1, persistedBefore |-> TRUE],
         [identity |-> s1, persistedBefore |-> TRUE],
         [identity |-> s1, persistedBefore |-> TRUE] >>,
  epoch |-> 13,
  queue |-> "Active",
  admission |-> "Active",
  attempt |-> s1,
  broadcasts |-> 12,
  checks |-> 11,
  reservations |-> 12,
  phase |-> (w1 :> "Check"),
  local |-> (w1 :> s1),
  observed |-> (w1 :> "Unknown"),
  chain |-> (s1 :> "Unseen"),
  expired |-> {},
  effects |-> {},
  persistedEver |-> {s1},
  terminalIdentity |-> 0,
  terminalKind |-> "None",
  staleTerminal |-> FALSE ]

State 112: <Observe line 102, col 3 to line 106, col 85 of module SolanaRecovery>
s = [ token |-> (w1 :> 13),
  queueOwner |-> 13,
  storageOwner |-> 13,
  messages |->
      << [identity |-> s1, persistedBefore |-> TRUE],
         [identity |-> s1, persistedBefore |-> TRUE],
         [identity |-> s1, persistedBefore |-> TRUE],
         [identity |-> s1, persistedBefore |-> TRUE],
         [identity |-> s1, persistedBefore |-> TRUE],
         [identity |-> s1, persistedBefore |-> TRUE],
         [identity |-> s1, persistedBefore |-> TRUE],
         [identity |-> s1, persistedBefore |-> TRUE],
         [identity |-> s1, persistedBefore |-> TRUE],
         [identity |-> s1, persistedBefore |-> TRUE],
         [identity |-> s1, persistedBefore |-> TRUE],
         [identity |-> s1, persistedBefore |-> TRUE] >>,
  epoch |-> 13,
  queue |-> "Active",
  admission |-> "Active",
  attempt |-> s1,
  broadcasts |-> 12,
  checks |-> 12,
  reservations |-> 12,
  phase |-> (w1 :> "Observed"),
  local |-> (w1 :> s1),
  observed |-> (w1 :> "Absent"),
  chain |-> (s1 :> "Unseen"),
  expired |-> {},
  effects |-> {},
  persistedEver |-> {s1},
  terminalIdentity |-> 0,
  terminalKind |-> "None",
  staleTerminal |-> FALSE ]

State 113: <Decide line 113, col 3 to line 117, col 67 of module SolanaRecovery>
s = [ token |-> (w1 :> 13),
  queueOwner |-> 13,
  storageOwner |-> 13,
  messages |->
      << [identity |-> s1, persistedBefore |-> TRUE],
         [identity |-> s1, persistedBefore |-> TRUE],
         [identity |-> s1, persistedBefore |-> TRUE],
         [identity |-> s1, persistedBefore |-> TRUE],
         [identity |-> s1, persistedBefore |-> TRUE],
         [identity |-> s1, persistedBefore |-> TRUE],
         [identity |-> s1, persistedBefore |-> TRUE],
         [identity |-> s1, persistedBefore |-> TRUE],
         [identity |-> s1, persistedBefore |-> TRUE],
         [identity |-> s1, persistedBefore |-> TRUE],
         [identity |-> s1, persistedBefore |-> TRUE],
         [identity |-> s1, persistedBefore |-> TRUE] >>,
  epoch |-> 13,
  queue |-> "Active",
  admission |-> "Active",
  attempt |-> s1,
  broadcasts |-> 12,
  checks |-> 12,
  reservations |-> 12,
  phase |-> (w1 :> "Validity"),
  local |-> (w1 :> s1),
  observed |-> (w1 :> "Absent"),
  chain |-> (s1 :> "Unseen"),
  expired |-> {},
  effects |-> {},
  persistedEver |-> {s1},
  terminalIdentity |-> 0,
  terminalKind |-> "None",
  staleTerminal |-> FALSE ]

State 114: <Validity line 120, col 3 to line 122, col 77 of module SolanaRecovery>
s = [ token |-> (w1 :> 13),
  queueOwner |-> 13,
  storageOwner |-> 13,
  messages |->
      << [identity |-> s1, persistedBefore |-> TRUE],
         [identity |-> s1, persistedBefore |-> TRUE],
         [identity |-> s1, persistedBefore |-> TRUE],
         [identity |-> s1, persistedBefore |-> TRUE],
         [identity |-> s1, persistedBefore |-> TRUE],
         [identity |-> s1, persistedBefore |-> TRUE],
         [identity |-> s1, persistedBefore |-> TRUE],
         [identity |-> s1, persistedBefore |-> TRUE],
         [identity |-> s1, persistedBefore |-> TRUE],
         [identity |-> s1, persistedBefore |-> TRUE],
         [identity |-> s1, persistedBefore |-> TRUE],
         [identity |-> s1, persistedBefore |-> TRUE] >>,
  epoch |-> 13,
  queue |-> "Active",
  admission |-> "Active",
  attempt |-> s1,
  broadcasts |-> 12,
  checks |-> 12,
  reservations |-> 12,
  phase |-> (w1 :> "PrepareSend"),
  local |-> (w1 :> s1),
  observed |-> (w1 :> "Absent"),
  chain |-> (s1 :> "Unseen"),
  expired |-> {},
  effects |-> {},
  persistedEver |-> {s1},
  terminalIdentity |-> 0,
  terminalKind |-> "None",
  staleTerminal |-> FALSE ]

State 115: <PrepareSend line 59, col 3 to line 61, col 86 of module SolanaRecovery>
s = [ token |-> (w1 :> 13),
  queueOwner |-> 13,
  storageOwner |-> 13,
  messages |->
      << [identity |-> s1, persistedBefore |-> TRUE],
         [identity |-> s1, persistedBefore |-> TRUE],
         [identity |-> s1, persistedBefore |-> TRUE],
         [identity |-> s1, persistedBefore |-> TRUE],
         [identity |-> s1, persistedBefore |-> TRUE],
         [identity |-> s1, persistedBefore |-> TRUE],
         [identity |-> s1, persistedBefore |-> TRUE],
         [identity |-> s1, persistedBefore |-> TRUE],
         [identity |-> s1, persistedBefore |-> TRUE],
         [identity |-> s1, persistedBefore |-> TRUE],
         [identity |-> s1, persistedBefore |-> TRUE],
         [identity |-> s1, persistedBefore |-> TRUE] >>,
  epoch |-> 13,
  queue |-> "Active",
  admission |-> "Active",
  attempt |-> s1,
  broadcasts |-> 13,
  checks |-> 12,
  reservations |-> 13,
  phase |-> (w1 :> "Send"),
  local |-> (w1 :> s1),
  observed |-> (w1 :> "Absent"),
  chain |-> (s1 :> "Unseen"),
  expired |-> {},
  effects |-> {},
  persistedEver |-> {s1},
  terminalIdentity |-> 0,
  terminalKind |-> "None",
  staleTerminal |-> FALSE ]

State 116: <Send line 75, col 3 to line 78, col 68 of module SolanaRecovery>
s = [ token |-> (w1 :> 13),
  queueOwner |-> 13,
  storageOwner |-> 13,
  messages |->
      << [identity |-> s1, persistedBefore |-> TRUE],
         [identity |-> s1, persistedBefore |-> TRUE],
         [identity |-> s1, persistedBefore |-> TRUE],
         [identity |-> s1, persistedBefore |-> TRUE],
         [identity |-> s1, persistedBefore |-> TRUE],
         [identity |-> s1, persistedBefore |-> TRUE],
         [identity |-> s1, persistedBefore |-> TRUE],
         [identity |-> s1, persistedBefore |-> TRUE],
         [identity |-> s1, persistedBefore |-> TRUE],
         [identity |-> s1, persistedBefore |-> TRUE],
         [identity |-> s1, persistedBefore |-> TRUE],
         [identity |-> s1, persistedBefore |-> TRUE],
         [identity |-> s1, persistedBefore |-> TRUE] >>,
  epoch |-> 13,
  queue |-> "Active",
  admission |-> "Active",
  attempt |-> s1,
  broadcasts |-> 13,
  checks |-> 12,
  reservations |-> 13,
  phase |-> (w1 :> "Retry"),
  local |-> (w1 :> s1),
  observed |-> (w1 :> "Unknown"),
  chain |-> (s1 :> "Unseen"),
  expired |-> {},
  effects |-> {},
  persistedEver |-> {s1},
  terminalIdentity |-> 0,
  terminalKind |-> "None",
  staleTerminal |-> FALSE ]

State 117: <Retry line 147, col 3 to line 152, col 62 of module SolanaRecovery>
s = [ token |-> (w1 :> 0),
  queueOwner |-> 0,
  storageOwner |-> 0,
  messages |->
      << [identity |-> s1, persistedBefore |-> TRUE],
         [identity |-> s1, persistedBefore |-> TRUE],
         [identity |-> s1, persistedBefore |-> TRUE],
         [identity |-> s1, persistedBefore |-> TRUE],
         [identity |-> s1, persistedBefore |-> TRUE],
         [identity |-> s1, persistedBefore |-> TRUE],
         [identity |-> s1, persistedBefore |-> TRUE],
         [identity |-> s1, persistedBefore |-> TRUE],
         [identity |-> s1, persistedBefore |-> TRUE],
         [identity |-> s1, persistedBefore |-> TRUE],
         [identity |-> s1, persistedBefore |-> TRUE],
         [identity |-> s1, persistedBefore |-> TRUE],
         [identity |-> s1, persistedBefore |-> TRUE] >>,
  epoch |-> 13,
  queue |-> "Pending",
  admission |-> "Active",
  attempt |-> s1,
  broadcasts |-> 13,
  checks |-> 12,
  reservations |-> 13,
  phase |-> (w1 :> "Idle"),
  local |-> (w1 :> 0),
  observed |-> (w1 :> "Unknown"),
  chain |-> (s1 :> "Unseen"),
  expired |-> {},
  effects |-> {},
  persistedEver |-> {s1},
  terminalIdentity |-> 0,
  terminalKind |-> "None",
  staleTerminal |-> FALSE ]

State 118: <Claim line 34, col 3 to line 37, col 86 of module SolanaRecovery>
s = [ token |-> (w1 :> 14),
  queueOwner |-> 14,
  storageOwner |-> 0,
  messages |->
      << [identity |-> s1, persistedBefore |-> TRUE],
         [identity |-> s1, persistedBefore |-> TRUE],
         [identity |-> s1, persistedBefore |-> TRUE],
         [identity |-> s1, persistedBefore |-> TRUE],
         [identity |-> s1, persistedBefore |-> TRUE],
         [identity |-> s1, persistedBefore |-> TRUE],
         [identity |-> s1, persistedBefore |-> TRUE],
         [identity |-> s1, persistedBefore |-> TRUE],
         [identity |-> s1, persistedBefore |-> TRUE],
         [identity |-> s1, persistedBefore |-> TRUE],
         [identity |-> s1, persistedBefore |-> TRUE],
         [identity |-> s1, persistedBefore |-> TRUE],
         [identity |-> s1, persistedBefore |-> TRUE] >>,
  epoch |-> 14,
  queue |-> "Active",
  admission |-> "Active",
  attempt |-> s1,
  broadcasts |-> 13,
  checks |-> 12,
  reservations |-> 13,
  phase |-> (w1 :> "Load"),
  local |-> (w1 :> 0),
  observed |-> (w1 :> "Unknown"),
  chain |-> (s1 :> "Unseen"),
  expired |-> {},
  effects |-> {},
  persistedEver |-> {s1},
  terminalIdentity |-> 0,
  terminalKind |-> "None",
  staleTerminal |-> FALSE ]

State 119: <Lock line 40, col 3 to line 41, col 72 of module SolanaRecovery>
s = [ token |-> (w1 :> 14),
  queueOwner |-> 14,
  storageOwner |-> 14,
  messages |->
      << [identity |-> s1, persistedBefore |-> TRUE],
         [identity |-> s1, persistedBefore |-> TRUE],
         [identity |-> s1, persistedBefore |-> TRUE],
         [identity |-> s1, persistedBefore |-> TRUE],
         [identity |-> s1, persistedBefore |-> TRUE],
         [identity |-> s1, persistedBefore |-> TRUE],
         [identity |-> s1, persistedBefore |-> TRUE],
         [identity |-> s1, persistedBefore |-> TRUE],
         [identity |-> s1, persistedBefore |-> TRUE],
         [identity |-> s1, persistedBefore |-> TRUE],
         [identity |-> s1, persistedBefore |-> TRUE],
         [identity |-> s1, persistedBefore |-> TRUE],
         [identity |-> s1, persistedBefore |-> TRUE] >>,
  epoch |-> 14,
  queue |-> "Active",
  admission |-> "Active",
  attempt |-> s1,
  broadcasts |-> 13,
  checks |-> 12,
  reservations |-> 13,
  phase |-> (w1 :> "Recover"),
  local |-> (w1 :> 0),
  observed |-> (w1 :> "Unknown"),
  chain |-> (s1 :> "Unseen"),
  expired |-> {},
  effects |-> {},
  persistedEver |-> {s1},
  terminalIdentity |-> 0,
  terminalKind |-> "None",
  staleTerminal |-> FALSE ]

State 120: <LoadAttempt line 44, col 3 to line 46, col 76 of module SolanaRecovery>
s = [ token |-> (w1 :> 14),
  queueOwner |-> 14,
  storageOwner |-> 14,
  messages |->
      << [identity |-> s1, persistedBefore |-> TRUE],
         [identity |-> s1, persistedBefore |-> TRUE],
         [identity |-> s1, persistedBefore |-> TRUE],
         [identity |-> s1, persistedBefore |-> TRUE],
         [identity |-> s1, persistedBefore |-> TRUE],
         [identity |-> s1, persistedBefore |-> TRUE],
         [identity |-> s1, persistedBefore |-> TRUE],
         [identity |-> s1, persistedBefore |-> TRUE],
         [identity |-> s1, persistedBefore |-> TRUE],
         [identity |-> s1, persistedBefore |-> TRUE],
         [identity |-> s1, persistedBefore |-> TRUE],
         [identity |-> s1, persistedBefore |-> TRUE],
         [identity |-> s1, persistedBefore |-> TRUE] >>,
  epoch |-> 14,
  queue |-> "Active",
  admission |-> "Active",
  attempt |-> s1,
  broadcasts |-> 13,
  checks |-> 12,
  reservations |-> 13,
  phase |-> (w1 :> "Check"),
  local |-> (w1 :> s1),
  observed |-> (w1 :> "Unknown"),
  chain |-> (s1 :> "Unseen"),
  expired |-> {},
  effects |-> {},
  persistedEver |-> {s1},
  terminalIdentity |-> 0,
  terminalKind |-> "None",
  staleTerminal |-> FALSE ]

State 121: <Observe line 102, col 3 to line 106, col 85 of module SolanaRecovery>
s = [ token |-> (w1 :> 14),
  queueOwner |-> 14,
  storageOwner |-> 14,
  messages |->
      << [identity |-> s1, persistedBefore |-> TRUE],
         [identity |-> s1, persistedBefore |-> TRUE],
         [identity |-> s1, persistedBefore |-> TRUE],
         [identity |-> s1, persistedBefore |-> TRUE],
         [identity |-> s1, persistedBefore |-> TRUE],
         [identity |-> s1, persistedBefore |-> TRUE],
         [identity |-> s1, persistedBefore |-> TRUE],
         [identity |-> s1, persistedBefore |-> TRUE],
         [identity |-> s1, persistedBefore |-> TRUE],
         [identity |-> s1, persistedBefore |-> TRUE],
         [identity |-> s1, persistedBefore |-> TRUE],
         [identity |-> s1, persistedBefore |-> TRUE],
         [identity |-> s1, persistedBefore |-> TRUE] >>,
  epoch |-> 14,
  queue |-> "Active",
  admission |-> "Active",
  attempt |-> s1,
  broadcasts |-> 13,
  checks |-> 13,
  reservations |-> 13,
  phase |-> (w1 :> "Observed"),
  local |-> (w1 :> s1),
  observed |-> (w1 :> "Absent"),
  chain |-> (s1 :> "Unseen"),
  expired |-> {},
  effects |-> {},
  persistedEver |-> {s1},
  terminalIdentity |-> 0,
  terminalKind |-> "None",
  staleTerminal |-> FALSE ]

State 122: <Decide line 113, col 3 to line 117, col 67 of module SolanaRecovery>
s = [ token |-> (w1 :> 14),
  queueOwner |-> 14,
  storageOwner |-> 14,
  messages |->
      << [identity |-> s1, persistedBefore |-> TRUE],
         [identity |-> s1, persistedBefore |-> TRUE],
         [identity |-> s1, persistedBefore |-> TRUE],
         [identity |-> s1, persistedBefore |-> TRUE],
         [identity |-> s1, persistedBefore |-> TRUE],
         [identity |-> s1, persistedBefore |-> TRUE],
         [identity |-> s1, persistedBefore |-> TRUE],
         [identity |-> s1, persistedBefore |-> TRUE],
         [identity |-> s1, persistedBefore |-> TRUE],
         [identity |-> s1, persistedBefore |-> TRUE],
         [identity |-> s1, persistedBefore |-> TRUE],
         [identity |-> s1, persistedBefore |-> TRUE],
         [identity |-> s1, persistedBefore |-> TRUE] >>,
  epoch |-> 14,
  queue |-> "Active",
  admission |-> "Active",
  attempt |-> s1,
  broadcasts |-> 13,
  checks |-> 13,
  reservations |-> 13,
  phase |-> (w1 :> "Validity"),
  local |-> (w1 :> s1),
  observed |-> (w1 :> "Absent"),
  chain |-> (s1 :> "Unseen"),
  expired |-> {},
  effects |-> {},
  persistedEver |-> {s1},
  terminalIdentity |-> 0,
  terminalKind |-> "None",
  staleTerminal |-> FALSE ]

State 123: <Validity line 120, col 3 to line 122, col 77 of module SolanaRecovery>
s = [ token |-> (w1 :> 14),
  queueOwner |-> 14,
  storageOwner |-> 14,
  messages |->
      << [identity |-> s1, persistedBefore |-> TRUE],
         [identity |-> s1, persistedBefore |-> TRUE],
         [identity |-> s1, persistedBefore |-> TRUE],
         [identity |-> s1, persistedBefore |-> TRUE],
         [identity |-> s1, persistedBefore |-> TRUE],
         [identity |-> s1, persistedBefore |-> TRUE],
         [identity |-> s1, persistedBefore |-> TRUE],
         [identity |-> s1, persistedBefore |-> TRUE],
         [identity |-> s1, persistedBefore |-> TRUE],
         [identity |-> s1, persistedBefore |-> TRUE],
         [identity |-> s1, persistedBefore |-> TRUE],
         [identity |-> s1, persistedBefore |-> TRUE],
         [identity |-> s1, persistedBefore |-> TRUE] >>,
  epoch |-> 14,
  queue |-> "Active",
  admission |-> "Active",
  attempt |-> s1,
  broadcasts |-> 13,
  checks |-> 13,
  reservations |-> 13,
  phase |-> (w1 :> "PrepareSend"),
  local |-> (w1 :> s1),
  observed |-> (w1 :> "Absent"),
  chain |-> (s1 :> "Unseen"),
  expired |-> {},
  effects |-> {},
  persistedEver |-> {s1},
  terminalIdentity |-> 0,
  terminalKind |-> "None",
  staleTerminal |-> FALSE ]

State 124: <PrepareSend line 59, col 3 to line 61, col 86 of module SolanaRecovery>
s = [ token |-> (w1 :> 14),
  queueOwner |-> 14,
  storageOwner |-> 14,
  messages |->
      << [identity |-> s1, persistedBefore |-> TRUE],
         [identity |-> s1, persistedBefore |-> TRUE],
         [identity |-> s1, persistedBefore |-> TRUE],
         [identity |-> s1, persistedBefore |-> TRUE],
         [identity |-> s1, persistedBefore |-> TRUE],
         [identity |-> s1, persistedBefore |-> TRUE],
         [identity |-> s1, persistedBefore |-> TRUE],
         [identity |-> s1, persistedBefore |-> TRUE],
         [identity |-> s1, persistedBefore |-> TRUE],
         [identity |-> s1, persistedBefore |-> TRUE],
         [identity |-> s1, persistedBefore |-> TRUE],
         [identity |-> s1, persistedBefore |-> TRUE],
         [identity |-> s1, persistedBefore |-> TRUE] >>,
  epoch |-> 14,
  queue |-> "Active",
  admission |-> "Active",
  attempt |-> s1,
  broadcasts |-> 14,
  checks |-> 13,
  reservations |-> 14,
  phase |-> (w1 :> "Send"),
  local |-> (w1 :> s1),
  observed |-> (w1 :> "Absent"),
  chain |-> (s1 :> "Unseen"),
  expired |-> {},
  effects |-> {},
  persistedEver |-> {s1},
  terminalIdentity |-> 0,
  terminalKind |-> "None",
  staleTerminal |-> FALSE ]

State 125: <Send line 75, col 3 to line 78, col 68 of module SolanaRecovery>
s = [ token |-> (w1 :> 14),
  queueOwner |-> 14,
  storageOwner |-> 14,
  messages |->
      << [identity |-> s1, persistedBefore |-> TRUE],
         [identity |-> s1, persistedBefore |-> TRUE],
         [identity |-> s1, persistedBefore |-> TRUE],
         [identity |-> s1, persistedBefore |-> TRUE],
         [identity |-> s1, persistedBefore |-> TRUE],
         [identity |-> s1, persistedBefore |-> TRUE],
         [identity |-> s1, persistedBefore |-> TRUE],
         [identity |-> s1, persistedBefore |-> TRUE],
         [identity |-> s1, persistedBefore |-> TRUE],
         [identity |-> s1, persistedBefore |-> TRUE],
         [identity |-> s1, persistedBefore |-> TRUE],
         [identity |-> s1, persistedBefore |-> TRUE],
         [identity |-> s1, persistedBefore |-> TRUE],
         [identity |-> s1, persistedBefore |-> TRUE] >>,
  epoch |-> 14,
  queue |-> "Active",
  admission |-> "Active",
  attempt |-> s1,
  broadcasts |-> 14,
  checks |-> 13,
  reservations |-> 14,
  phase |-> (w1 :> "Retry"),
  local |-> (w1 :> s1),
  observed |-> (w1 :> "Unknown"),
  chain |-> (s1 :> "Unseen"),
  expired |-> {},
  effects |-> {},
  persistedEver |-> {s1},
  terminalIdentity |-> 0,
  terminalKind |-> "None",
  staleTerminal |-> FALSE ]

State 126: <Retry line 147, col 3 to line 152, col 62 of module SolanaRecovery>
s = [ token |-> (w1 :> 0),
  queueOwner |-> 0,
  storageOwner |-> 0,
  messages |->
      << [identity |-> s1, persistedBefore |-> TRUE],
         [identity |-> s1, persistedBefore |-> TRUE],
         [identity |-> s1, persistedBefore |-> TRUE],
         [identity |-> s1, persistedBefore |-> TRUE],
         [identity |-> s1, persistedBefore |-> TRUE],
         [identity |-> s1, persistedBefore |-> TRUE],
         [identity |-> s1, persistedBefore |-> TRUE],
         [identity |-> s1, persistedBefore |-> TRUE],
         [identity |-> s1, persistedBefore |-> TRUE],
         [identity |-> s1, persistedBefore |-> TRUE],
         [identity |-> s1, persistedBefore |-> TRUE],
         [identity |-> s1, persistedBefore |-> TRUE],
         [identity |-> s1, persistedBefore |-> TRUE],
         [identity |-> s1, persistedBefore |-> TRUE] >>,
  epoch |-> 14,
  queue |-> "Pending",
  admission |-> "Active",
  attempt |-> s1,
  broadcasts |-> 14,
  checks |-> 13,
  reservations |-> 14,
  phase |-> (w1 :> "Idle"),
  local |-> (w1 :> 0),
  observed |-> (w1 :> "Unknown"),
  chain |-> (s1 :> "Unseen"),
  expired |-> {},
  effects |-> {},
  persistedEver |-> {s1},
  terminalIdentity |-> 0,
  terminalKind |-> "None",
  staleTerminal |-> FALSE ]

State 127: <Claim line 34, col 3 to line 37, col 86 of module SolanaRecovery>
s = [ token |-> (w1 :> 15),
  queueOwner |-> 15,
  storageOwner |-> 0,
  messages |->
      << [identity |-> s1, persistedBefore |-> TRUE],
         [identity |-> s1, persistedBefore |-> TRUE],
         [identity |-> s1, persistedBefore |-> TRUE],
         [identity |-> s1, persistedBefore |-> TRUE],
         [identity |-> s1, persistedBefore |-> TRUE],
         [identity |-> s1, persistedBefore |-> TRUE],
         [identity |-> s1, persistedBefore |-> TRUE],
         [identity |-> s1, persistedBefore |-> TRUE],
         [identity |-> s1, persistedBefore |-> TRUE],
         [identity |-> s1, persistedBefore |-> TRUE],
         [identity |-> s1, persistedBefore |-> TRUE],
         [identity |-> s1, persistedBefore |-> TRUE],
         [identity |-> s1, persistedBefore |-> TRUE],
         [identity |-> s1, persistedBefore |-> TRUE] >>,
  epoch |-> 15,
  queue |-> "Active",
  admission |-> "Active",
  attempt |-> s1,
  broadcasts |-> 14,
  checks |-> 13,
  reservations |-> 14,
  phase |-> (w1 :> "Load"),
  local |-> (w1 :> 0),
  observed |-> (w1 :> "Unknown"),
  chain |-> (s1 :> "Unseen"),
  expired |-> {},
  effects |-> {},
  persistedEver |-> {s1},
  terminalIdentity |-> 0,
  terminalKind |-> "None",
  staleTerminal |-> FALSE ]

State 128: <Lock line 40, col 3 to line 41, col 72 of module SolanaRecovery>
s = [ token |-> (w1 :> 15),
  queueOwner |-> 15,
  storageOwner |-> 15,
  messages |->
      << [identity |-> s1, persistedBefore |-> TRUE],
         [identity |-> s1, persistedBefore |-> TRUE],
         [identity |-> s1, persistedBefore |-> TRUE],
         [identity |-> s1, persistedBefore |-> TRUE],
         [identity |-> s1, persistedBefore |-> TRUE],
         [identity |-> s1, persistedBefore |-> TRUE],
         [identity |-> s1, persistedBefore |-> TRUE],
         [identity |-> s1, persistedBefore |-> TRUE],
         [identity |-> s1, persistedBefore |-> TRUE],
         [identity |-> s1, persistedBefore |-> TRUE],
         [identity |-> s1, persistedBefore |-> TRUE],
         [identity |-> s1, persistedBefore |-> TRUE],
         [identity |-> s1, persistedBefore |-> TRUE],
         [identity |-> s1, persistedBefore |-> TRUE] >>,
  epoch |-> 15,
  queue |-> "Active",
  admission |-> "Active",
  attempt |-> s1,
  broadcasts |-> 14,
  checks |-> 13,
  reservations |-> 14,
  phase |-> (w1 :> "Recover"),
  local |-> (w1 :> 0),
  observed |-> (w1 :> "Unknown"),
  chain |-> (s1 :> "Unseen"),
  expired |-> {},
  effects |-> {},
  persistedEver |-> {s1},
  terminalIdentity |-> 0,
  terminalKind |-> "None",
  staleTerminal |-> FALSE ]

State 129: <LoadAttempt line 44, col 3 to line 46, col 76 of module SolanaRecovery>
s = [ token |-> (w1 :> 15),
  queueOwner |-> 15,
  storageOwner |-> 15,
  messages |->
      << [identity |-> s1, persistedBefore |-> TRUE],
         [identity |-> s1, persistedBefore |-> TRUE],
         [identity |-> s1, persistedBefore |-> TRUE],
         [identity |-> s1, persistedBefore |-> TRUE],
         [identity |-> s1, persistedBefore |-> TRUE],
         [identity |-> s1, persistedBefore |-> TRUE],
         [identity |-> s1, persistedBefore |-> TRUE],
         [identity |-> s1, persistedBefore |-> TRUE],
         [identity |-> s1, persistedBefore |-> TRUE],
         [identity |-> s1, persistedBefore |-> TRUE],
         [identity |-> s1, persistedBefore |-> TRUE],
         [identity |-> s1, persistedBefore |-> TRUE],
         [identity |-> s1, persistedBefore |-> TRUE],
         [identity |-> s1, persistedBefore |-> TRUE] >>,
  epoch |-> 15,
  queue |-> "Active",
  admission |-> "Active",
  attempt |-> s1,
  broadcasts |-> 14,
  checks |-> 13,
  reservations |-> 14,
  phase |-> (w1 :> "Check"),
  local |-> (w1 :> s1),
  observed |-> (w1 :> "Unknown"),
  chain |-> (s1 :> "Unseen"),
  expired |-> {},
  effects |-> {},
  persistedEver |-> {s1},
  terminalIdentity |-> 0,
  terminalKind |-> "None",
  staleTerminal |-> FALSE ]

State 130: <Observe line 102, col 3 to line 106, col 85 of module SolanaRecovery>
s = [ token |-> (w1 :> 15),
  queueOwner |-> 15,
  storageOwner |-> 15,
  messages |->
      << [identity |-> s1, persistedBefore |-> TRUE],
         [identity |-> s1, persistedBefore |-> TRUE],
         [identity |-> s1, persistedBefore |-> TRUE],
         [identity |-> s1, persistedBefore |-> TRUE],
         [identity |-> s1, persistedBefore |-> TRUE],
         [identity |-> s1, persistedBefore |-> TRUE],
         [identity |-> s1, persistedBefore |-> TRUE],
         [identity |-> s1, persistedBefore |-> TRUE],
         [identity |-> s1, persistedBefore |-> TRUE],
         [identity |-> s1, persistedBefore |-> TRUE],
         [identity |-> s1, persistedBefore |-> TRUE],
         [identity |-> s1, persistedBefore |-> TRUE],
         [identity |-> s1, persistedBefore |-> TRUE],
         [identity |-> s1, persistedBefore |-> TRUE] >>,
  epoch |-> 15,
  queue |-> "Active",
  admission |-> "Active",
  attempt |-> s1,
  broadcasts |-> 14,
  checks |-> 14,
  reservations |-> 14,
  phase |-> (w1 :> "Observed"),
  local |-> (w1 :> s1),
  observed |-> (w1 :> "Absent"),
  chain |-> (s1 :> "Unseen"),
  expired |-> {},
  effects |-> {},
  persistedEver |-> {s1},
  terminalIdentity |-> 0,
  terminalKind |-> "None",
  staleTerminal |-> FALSE ]

State 131: <Decide line 113, col 3 to line 117, col 67 of module SolanaRecovery>
s = [ token |-> (w1 :> 15),
  queueOwner |-> 15,
  storageOwner |-> 15,
  messages |->
      << [identity |-> s1, persistedBefore |-> TRUE],
         [identity |-> s1, persistedBefore |-> TRUE],
         [identity |-> s1, persistedBefore |-> TRUE],
         [identity |-> s1, persistedBefore |-> TRUE],
         [identity |-> s1, persistedBefore |-> TRUE],
         [identity |-> s1, persistedBefore |-> TRUE],
         [identity |-> s1, persistedBefore |-> TRUE],
         [identity |-> s1, persistedBefore |-> TRUE],
         [identity |-> s1, persistedBefore |-> TRUE],
         [identity |-> s1, persistedBefore |-> TRUE],
         [identity |-> s1, persistedBefore |-> TRUE],
         [identity |-> s1, persistedBefore |-> TRUE],
         [identity |-> s1, persistedBefore |-> TRUE],
         [identity |-> s1, persistedBefore |-> TRUE] >>,
  epoch |-> 15,
  queue |-> "Active",
  admission |-> "Active",
  attempt |-> s1,
  broadcasts |-> 14,
  checks |-> 14,
  reservations |-> 14,
  phase |-> (w1 :> "Validity"),
  local |-> (w1 :> s1),
  observed |-> (w1 :> "Absent"),
  chain |-> (s1 :> "Unseen"),
  expired |-> {},
  effects |-> {},
  persistedEver |-> {s1},
  terminalIdentity |-> 0,
  terminalKind |-> "None",
  staleTerminal |-> FALSE ]

State 132: <Validity line 120, col 3 to line 122, col 77 of module SolanaRecovery>
s = [ token |-> (w1 :> 15),
  queueOwner |-> 15,
  storageOwner |-> 15,
  messages |->
      << [identity |-> s1, persistedBefore |-> TRUE],
         [identity |-> s1, persistedBefore |-> TRUE],
         [identity |-> s1, persistedBefore |-> TRUE],
         [identity |-> s1, persistedBefore |-> TRUE],
         [identity |-> s1, persistedBefore |-> TRUE],
         [identity |-> s1, persistedBefore |-> TRUE],
         [identity |-> s1, persistedBefore |-> TRUE],
         [identity |-> s1, persistedBefore |-> TRUE],
         [identity |-> s1, persistedBefore |-> TRUE],
         [identity |-> s1, persistedBefore |-> TRUE],
         [identity |-> s1, persistedBefore |-> TRUE],
         [identity |-> s1, persistedBefore |-> TRUE],
         [identity |-> s1, persistedBefore |-> TRUE],
         [identity |-> s1, persistedBefore |-> TRUE] >>,
  epoch |-> 15,
  queue |-> "Active",
  admission |-> "Active",
  attempt |-> s1,
  broadcasts |-> 14,
  checks |-> 14,
  reservations |-> 14,
  phase |-> (w1 :> "PrepareSend"),
  local |-> (w1 :> s1),
  observed |-> (w1 :> "Absent"),
  chain |-> (s1 :> "Unseen"),
  expired |-> {},
  effects |-> {},
  persistedEver |-> {s1},
  terminalIdentity |-> 0,
  terminalKind |-> "None",
  staleTerminal |-> FALSE ]

State 133: <PrepareSend line 59, col 3 to line 61, col 86 of module SolanaRecovery>
s = [ token |-> (w1 :> 15),
  queueOwner |-> 15,
  storageOwner |-> 15,
  messages |->
      << [identity |-> s1, persistedBefore |-> TRUE],
         [identity |-> s1, persistedBefore |-> TRUE],
         [identity |-> s1, persistedBefore |-> TRUE],
         [identity |-> s1, persistedBefore |-> TRUE],
         [identity |-> s1, persistedBefore |-> TRUE],
         [identity |-> s1, persistedBefore |-> TRUE],
         [identity |-> s1, persistedBefore |-> TRUE],
         [identity |-> s1, persistedBefore |-> TRUE],
         [identity |-> s1, persistedBefore |-> TRUE],
         [identity |-> s1, persistedBefore |-> TRUE],
         [identity |-> s1, persistedBefore |-> TRUE],
         [identity |-> s1, persistedBefore |-> TRUE],
         [identity |-> s1, persistedBefore |-> TRUE],
         [identity |-> s1, persistedBefore |-> TRUE] >>,
  epoch |-> 15,
  queue |-> "Active",
  admission |-> "Active",
  attempt |-> s1,
  broadcasts |-> 15,
  checks |-> 14,
  reservations |-> 15,
  phase |-> (w1 :> "Send"),
  local |-> (w1 :> s1),
  observed |-> (w1 :> "Absent"),
  chain |-> (s1 :> "Unseen"),
  expired |-> {},
  effects |-> {},
  persistedEver |-> {s1},
  terminalIdentity |-> 0,
  terminalKind |-> "None",
  staleTerminal |-> FALSE ]

State 134: <Send line 75, col 3 to line 78, col 68 of module SolanaRecovery>
s = [ token |-> (w1 :> 15),
  queueOwner |-> 15,
  storageOwner |-> 15,
  messages |->
      << [identity |-> s1, persistedBefore |-> TRUE],
         [identity |-> s1, persistedBefore |-> TRUE],
         [identity |-> s1, persistedBefore |-> TRUE],
         [identity |-> s1, persistedBefore |-> TRUE],
         [identity |-> s1, persistedBefore |-> TRUE],
         [identity |-> s1, persistedBefore |-> TRUE],
         [identity |-> s1, persistedBefore |-> TRUE],
         [identity |-> s1, persistedBefore |-> TRUE],
         [identity |-> s1, persistedBefore |-> TRUE],
         [identity |-> s1, persistedBefore |-> TRUE],
         [identity |-> s1, persistedBefore |-> TRUE],
         [identity |-> s1, persistedBefore |-> TRUE],
         [identity |-> s1, persistedBefore |-> TRUE],
         [identity |-> s1, persistedBefore |-> TRUE],
         [identity |-> s1, persistedBefore |-> TRUE] >>,
  epoch |-> 15,
  queue |-> "Active",
  admission |-> "Active",
  attempt |-> s1,
  broadcasts |-> 15,
  checks |-> 14,
  reservations |-> 15,
  phase |-> (w1 :> "Retry"),
  local |-> (w1 :> s1),
  observed |-> (w1 :> "Unknown"),
  chain |-> (s1 :> "Unseen"),
  expired |-> {},
  effects |-> {},
  persistedEver |-> {s1},
  terminalIdentity |-> 0,
  terminalKind |-> "None",
  staleTerminal |-> FALSE ]

State 135: <Retry line 147, col 3 to line 152, col 62 of module SolanaRecovery>
s = [ token |-> (w1 :> 0),
  queueOwner |-> 0,
  storageOwner |-> 0,
  messages |->
      << [identity |-> s1, persistedBefore |-> TRUE],
         [identity |-> s1, persistedBefore |-> TRUE],
         [identity |-> s1, persistedBefore |-> TRUE],
         [identity |-> s1, persistedBefore |-> TRUE],
         [identity |-> s1, persistedBefore |-> TRUE],
         [identity |-> s1, persistedBefore |-> TRUE],
         [identity |-> s1, persistedBefore |-> TRUE],
         [identity |-> s1, persistedBefore |-> TRUE],
         [identity |-> s1, persistedBefore |-> TRUE],
         [identity |-> s1, persistedBefore |-> TRUE],
         [identity |-> s1, persistedBefore |-> TRUE],
         [identity |-> s1, persistedBefore |-> TRUE],
         [identity |-> s1, persistedBefore |-> TRUE],
         [identity |-> s1, persistedBefore |-> TRUE],
         [identity |-> s1, persistedBefore |-> TRUE] >>,
  epoch |-> 15,
  queue |-> "Pending",
  admission |-> "Active",
  attempt |-> s1,
  broadcasts |-> 15,
  checks |-> 14,
  reservations |-> 15,
  phase |-> (w1 :> "Idle"),
  local |-> (w1 :> 0),
  observed |-> (w1 :> "Unknown"),
  chain |-> (s1 :> "Unseen"),
  expired |-> {},
  effects |-> {},
  persistedEver |-> {s1},
  terminalIdentity |-> 0,
  terminalKind |-> "None",
  staleTerminal |-> FALSE ]

State 136: <Claim line 34, col 3 to line 37, col 86 of module SolanaRecovery>
s = [ token |-> (w1 :> 16),
  queueOwner |-> 16,
  storageOwner |-> 0,
  messages |->
      << [identity |-> s1, persistedBefore |-> TRUE],
         [identity |-> s1, persistedBefore |-> TRUE],
         [identity |-> s1, persistedBefore |-> TRUE],
         [identity |-> s1, persistedBefore |-> TRUE],
         [identity |-> s1, persistedBefore |-> TRUE],
         [identity |-> s1, persistedBefore |-> TRUE],
         [identity |-> s1, persistedBefore |-> TRUE],
         [identity |-> s1, persistedBefore |-> TRUE],
         [identity |-> s1, persistedBefore |-> TRUE],
         [identity |-> s1, persistedBefore |-> TRUE],
         [identity |-> s1, persistedBefore |-> TRUE],
         [identity |-> s1, persistedBefore |-> TRUE],
         [identity |-> s1, persistedBefore |-> TRUE],
         [identity |-> s1, persistedBefore |-> TRUE],
         [identity |-> s1, persistedBefore |-> TRUE] >>,
  epoch |-> 16,
  queue |-> "Active",
  admission |-> "Active",
  attempt |-> s1,
  broadcasts |-> 15,
  checks |-> 14,
  reservations |-> 15,
  phase |-> (w1 :> "Load"),
  local |-> (w1 :> 0),
  observed |-> (w1 :> "Unknown"),
  chain |-> (s1 :> "Unseen"),
  expired |-> {},
  effects |-> {},
  persistedEver |-> {s1},
  terminalIdentity |-> 0,
  terminalKind |-> "None",
  staleTerminal |-> FALSE ]

State 137: <Lock line 40, col 3 to line 41, col 72 of module SolanaRecovery>
s = [ token |-> (w1 :> 16),
  queueOwner |-> 16,
  storageOwner |-> 16,
  messages |->
      << [identity |-> s1, persistedBefore |-> TRUE],
         [identity |-> s1, persistedBefore |-> TRUE],
         [identity |-> s1, persistedBefore |-> TRUE],
         [identity |-> s1, persistedBefore |-> TRUE],
         [identity |-> s1, persistedBefore |-> TRUE],
         [identity |-> s1, persistedBefore |-> TRUE],
         [identity |-> s1, persistedBefore |-> TRUE],
         [identity |-> s1, persistedBefore |-> TRUE],
         [identity |-> s1, persistedBefore |-> TRUE],
         [identity |-> s1, persistedBefore |-> TRUE],
         [identity |-> s1, persistedBefore |-> TRUE],
         [identity |-> s1, persistedBefore |-> TRUE],
         [identity |-> s1, persistedBefore |-> TRUE],
         [identity |-> s1, persistedBefore |-> TRUE],
         [identity |-> s1, persistedBefore |-> TRUE] >>,
  epoch |-> 16,
  queue |-> "Active",
  admission |-> "Active",
  attempt |-> s1,
  broadcasts |-> 15,
  checks |-> 14,
  reservations |-> 15,
  phase |-> (w1 :> "Recover"),
  local |-> (w1 :> 0),
  observed |-> (w1 :> "Unknown"),
  chain |-> (s1 :> "Unseen"),
  expired |-> {},
  effects |-> {},
  persistedEver |-> {s1},
  terminalIdentity |-> 0,
  terminalKind |-> "None",
  staleTerminal |-> FALSE ]

State 138: <LoadAttempt line 44, col 3 to line 46, col 76 of module SolanaRecovery>
s = [ token |-> (w1 :> 16),
  queueOwner |-> 16,
  storageOwner |-> 16,
  messages |->
      << [identity |-> s1, persistedBefore |-> TRUE],
         [identity |-> s1, persistedBefore |-> TRUE],
         [identity |-> s1, persistedBefore |-> TRUE],
         [identity |-> s1, persistedBefore |-> TRUE],
         [identity |-> s1, persistedBefore |-> TRUE],
         [identity |-> s1, persistedBefore |-> TRUE],
         [identity |-> s1, persistedBefore |-> TRUE],
         [identity |-> s1, persistedBefore |-> TRUE],
         [identity |-> s1, persistedBefore |-> TRUE],
         [identity |-> s1, persistedBefore |-> TRUE],
         [identity |-> s1, persistedBefore |-> TRUE],
         [identity |-> s1, persistedBefore |-> TRUE],
         [identity |-> s1, persistedBefore |-> TRUE],
         [identity |-> s1, persistedBefore |-> TRUE],
         [identity |-> s1, persistedBefore |-> TRUE] >>,
  epoch |-> 16,
  queue |-> "Active",
  admission |-> "Active",
  attempt |-> s1,
  broadcasts |-> 15,
  checks |-> 14,
  reservations |-> 15,
  phase |-> (w1 :> "Check"),
  local |-> (w1 :> s1),
  observed |-> (w1 :> "Unknown"),
  chain |-> (s1 :> "Unseen"),
  expired |-> {},
  effects |-> {},
  persistedEver |-> {s1},
  terminalIdentity |-> 0,
  terminalKind |-> "None",
  staleTerminal |-> FALSE ]

State 139: <Observe line 102, col 3 to line 106, col 85 of module SolanaRecovery>
s = [ token |-> (w1 :> 16),
  queueOwner |-> 16,
  storageOwner |-> 16,
  messages |->
      << [identity |-> s1, persistedBefore |-> TRUE],
         [identity |-> s1, persistedBefore |-> TRUE],
         [identity |-> s1, persistedBefore |-> TRUE],
         [identity |-> s1, persistedBefore |-> TRUE],
         [identity |-> s1, persistedBefore |-> TRUE],
         [identity |-> s1, persistedBefore |-> TRUE],
         [identity |-> s1, persistedBefore |-> TRUE],
         [identity |-> s1, persistedBefore |-> TRUE],
         [identity |-> s1, persistedBefore |-> TRUE],
         [identity |-> s1, persistedBefore |-> TRUE],
         [identity |-> s1, persistedBefore |-> TRUE],
         [identity |-> s1, persistedBefore |-> TRUE],
         [identity |-> s1, persistedBefore |-> TRUE],
         [identity |-> s1, persistedBefore |-> TRUE],
         [identity |-> s1, persistedBefore |-> TRUE] >>,
  epoch |-> 16,
  queue |-> "Active",
  admission |-> "Active",
  attempt |-> s1,
  broadcasts |-> 15,
  checks |-> 15,
  reservations |-> 15,
  phase |-> (w1 :> "Observed"),
  local |-> (w1 :> s1),
  observed |-> (w1 :> "Absent"),
  chain |-> (s1 :> "Unseen"),
  expired |-> {},
  effects |-> {},
  persistedEver |-> {s1},
  terminalIdentity |-> 0,
  terminalKind |-> "None",
  staleTerminal |-> FALSE ]

State 140: <Decide line 113, col 3 to line 117, col 67 of module SolanaRecovery>
s = [ token |-> (w1 :> 16),
  queueOwner |-> 16,
  storageOwner |-> 16,
  messages |->
      << [identity |-> s1, persistedBefore |-> TRUE],
         [identity |-> s1, persistedBefore |-> TRUE],
         [identity |-> s1, persistedBefore |-> TRUE],
         [identity |-> s1, persistedBefore |-> TRUE],
         [identity |-> s1, persistedBefore |-> TRUE],
         [identity |-> s1, persistedBefore |-> TRUE],
         [identity |-> s1, persistedBefore |-> TRUE],
         [identity |-> s1, persistedBefore |-> TRUE],
         [identity |-> s1, persistedBefore |-> TRUE],
         [identity |-> s1, persistedBefore |-> TRUE],
         [identity |-> s1, persistedBefore |-> TRUE],
         [identity |-> s1, persistedBefore |-> TRUE],
         [identity |-> s1, persistedBefore |-> TRUE],
         [identity |-> s1, persistedBefore |-> TRUE],
         [identity |-> s1, persistedBefore |-> TRUE] >>,
  epoch |-> 16,
  queue |-> "Active",
  admission |-> "Active",
  attempt |-> s1,
  broadcasts |-> 15,
  checks |-> 15,
  reservations |-> 15,
  phase |-> (w1 :> "Validity"),
  local |-> (w1 :> s1),
  observed |-> (w1 :> "Absent"),
  chain |-> (s1 :> "Unseen"),
  expired |-> {},
  effects |-> {},
  persistedEver |-> {s1},
  terminalIdentity |-> 0,
  terminalKind |-> "None",
  staleTerminal |-> FALSE ]

State 141: <Validity line 120, col 3 to line 122, col 77 of module SolanaRecovery>
s = [ token |-> (w1 :> 16),
  queueOwner |-> 16,
  storageOwner |-> 16,
  messages |->
      << [identity |-> s1, persistedBefore |-> TRUE],
         [identity |-> s1, persistedBefore |-> TRUE],
         [identity |-> s1, persistedBefore |-> TRUE],
         [identity |-> s1, persistedBefore |-> TRUE],
         [identity |-> s1, persistedBefore |-> TRUE],
         [identity |-> s1, persistedBefore |-> TRUE],
         [identity |-> s1, persistedBefore |-> TRUE],
         [identity |-> s1, persistedBefore |-> TRUE],
         [identity |-> s1, persistedBefore |-> TRUE],
         [identity |-> s1, persistedBefore |-> TRUE],
         [identity |-> s1, persistedBefore |-> TRUE],
         [identity |-> s1, persistedBefore |-> TRUE],
         [identity |-> s1, persistedBefore |-> TRUE],
         [identity |-> s1, persistedBefore |-> TRUE],
         [identity |-> s1, persistedBefore |-> TRUE] >>,
  epoch |-> 16,
  queue |-> "Active",
  admission |-> "Active",
  attempt |-> s1,
  broadcasts |-> 15,
  checks |-> 15,
  reservations |-> 15,
  phase |-> (w1 :> "PrepareSend"),
  local |-> (w1 :> s1),
  observed |-> (w1 :> "Absent"),
  chain |-> (s1 :> "Unseen"),
  expired |-> {},
  effects |-> {},
  persistedEver |-> {s1},
  terminalIdentity |-> 0,
  terminalKind |-> "None",
  staleTerminal |-> FALSE ]

State 142: <PrepareSend line 59, col 3 to line 61, col 86 of module SolanaRecovery>
s = [ token |-> (w1 :> 16),
  queueOwner |-> 16,
  storageOwner |-> 16,
  messages |->
      << [identity |-> s1, persistedBefore |-> TRUE],
         [identity |-> s1, persistedBefore |-> TRUE],
         [identity |-> s1, persistedBefore |-> TRUE],
         [identity |-> s1, persistedBefore |-> TRUE],
         [identity |-> s1, persistedBefore |-> TRUE],
         [identity |-> s1, persistedBefore |-> TRUE],
         [identity |-> s1, persistedBefore |-> TRUE],
         [identity |-> s1, persistedBefore |-> TRUE],
         [identity |-> s1, persistedBefore |-> TRUE],
         [identity |-> s1, persistedBefore |-> TRUE],
         [identity |-> s1, persistedBefore |-> TRUE],
         [identity |-> s1, persistedBefore |-> TRUE],
         [identity |-> s1, persistedBefore |-> TRUE],
         [identity |-> s1, persistedBefore |-> TRUE],
         [identity |-> s1, persistedBefore |-> TRUE] >>,
  epoch |-> 16,
  queue |-> "Active",
  admission |-> "Active",
  attempt |-> s1,
  broadcasts |-> 16,
  checks |-> 15,
  reservations |-> 16,
  phase |-> (w1 :> "Send"),
  local |-> (w1 :> s1),
  observed |-> (w1 :> "Absent"),
  chain |-> (s1 :> "Unseen"),
  expired |-> {},
  effects |-> {},
  persistedEver |-> {s1},
  terminalIdentity |-> 0,
  terminalKind |-> "None",
  staleTerminal |-> FALSE ]

State 143: <Send line 75, col 3 to line 78, col 68 of module SolanaRecovery>
s = [ token |-> (w1 :> 16),
  queueOwner |-> 16,
  storageOwner |-> 16,
  messages |->
      << [identity |-> s1, persistedBefore |-> TRUE],
         [identity |-> s1, persistedBefore |-> TRUE],
         [identity |-> s1, persistedBefore |-> TRUE],
         [identity |-> s1, persistedBefore |-> TRUE],
         [identity |-> s1, persistedBefore |-> TRUE],
         [identity |-> s1, persistedBefore |-> TRUE],
         [identity |-> s1, persistedBefore |-> TRUE],
         [identity |-> s1, persistedBefore |-> TRUE],
         [identity |-> s1, persistedBefore |-> TRUE],
         [identity |-> s1, persistedBefore |-> TRUE],
         [identity |-> s1, persistedBefore |-> TRUE],
         [identity |-> s1, persistedBefore |-> TRUE],
         [identity |-> s1, persistedBefore |-> TRUE],
         [identity |-> s1, persistedBefore |-> TRUE],
         [identity |-> s1, persistedBefore |-> TRUE],
         [identity |-> s1, persistedBefore |-> TRUE] >>,
  epoch |-> 16,
  queue |-> "Active",
  admission |-> "Active",
  attempt |-> s1,
  broadcasts |-> 16,
  checks |-> 15,
  reservations |-> 16,
  phase |-> (w1 :> "Retry"),
  local |-> (w1 :> s1),
  observed |-> (w1 :> "Unknown"),
  chain |-> (s1 :> "Unseen"),
  expired |-> {},
  effects |-> {},
  persistedEver |-> {s1},
  terminalIdentity |-> 0,
  terminalKind |-> "None",
  staleTerminal |-> FALSE ]

State 144: <Retry line 147, col 3 to line 152, col 62 of module SolanaRecovery>
s = [ token |-> (w1 :> 0),
  queueOwner |-> 0,
  storageOwner |-> 0,
  messages |->
      << [identity |-> s1, persistedBefore |-> TRUE],
         [identity |-> s1, persistedBefore |-> TRUE],
         [identity |-> s1, persistedBefore |-> TRUE],
         [identity |-> s1, persistedBefore |-> TRUE],
         [identity |-> s1, persistedBefore |-> TRUE],
         [identity |-> s1, persistedBefore |-> TRUE],
         [identity |-> s1, persistedBefore |-> TRUE],
         [identity |-> s1, persistedBefore |-> TRUE],
         [identity |-> s1, persistedBefore |-> TRUE],
         [identity |-> s1, persistedBefore |-> TRUE],
         [identity |-> s1, persistedBefore |-> TRUE],
         [identity |-> s1, persistedBefore |-> TRUE],
         [identity |-> s1, persistedBefore |-> TRUE],
         [identity |-> s1, persistedBefore |-> TRUE],
         [identity |-> s1, persistedBefore |-> TRUE],
         [identity |-> s1, persistedBefore |-> TRUE] >>,
  epoch |-> 16,
  queue |-> "Pending",
  admission |-> "Active",
  attempt |-> s1,
  broadcasts |-> 16,
  checks |-> 15,
  reservations |-> 16,
  phase |-> (w1 :> "Idle"),
  local |-> (w1 :> 0),
  observed |-> (w1 :> "Unknown"),
  chain |-> (s1 :> "Unseen"),
  expired |-> {},
  effects |-> {},
  persistedEver |-> {s1},
  terminalIdentity |-> 0,
  terminalKind |-> "None",
  staleTerminal |-> FALSE ]

State 145: <Claim line 34, col 3 to line 37, col 86 of module SolanaRecovery>
s = [ token |-> (w1 :> 17),
  queueOwner |-> 17,
  storageOwner |-> 0,
  messages |->
      << [identity |-> s1, persistedBefore |-> TRUE],
         [identity |-> s1, persistedBefore |-> TRUE],
         [identity |-> s1, persistedBefore |-> TRUE],
         [identity |-> s1, persistedBefore |-> TRUE],
         [identity |-> s1, persistedBefore |-> TRUE],
         [identity |-> s1, persistedBefore |-> TRUE],
         [identity |-> s1, persistedBefore |-> TRUE],
         [identity |-> s1, persistedBefore |-> TRUE],
         [identity |-> s1, persistedBefore |-> TRUE],
         [identity |-> s1, persistedBefore |-> TRUE],
         [identity |-> s1, persistedBefore |-> TRUE],
         [identity |-> s1, persistedBefore |-> TRUE],
         [identity |-> s1, persistedBefore |-> TRUE],
         [identity |-> s1, persistedBefore |-> TRUE],
         [identity |-> s1, persistedBefore |-> TRUE],
         [identity |-> s1, persistedBefore |-> TRUE] >>,
  epoch |-> 17,
  queue |-> "Active",
  admission |-> "Active",
  attempt |-> s1,
  broadcasts |-> 16,
  checks |-> 15,
  reservations |-> 16,
  phase |-> (w1 :> "Load"),
  local |-> (w1 :> 0),
  observed |-> (w1 :> "Unknown"),
  chain |-> (s1 :> "Unseen"),
  expired |-> {},
  effects |-> {},
  persistedEver |-> {s1},
  terminalIdentity |-> 0,
  terminalKind |-> "None",
  staleTerminal |-> FALSE ]

State 146: <Lock line 40, col 3 to line 41, col 72 of module SolanaRecovery>
s = [ token |-> (w1 :> 17),
  queueOwner |-> 17,
  storageOwner |-> 17,
  messages |->
      << [identity |-> s1, persistedBefore |-> TRUE],
         [identity |-> s1, persistedBefore |-> TRUE],
         [identity |-> s1, persistedBefore |-> TRUE],
         [identity |-> s1, persistedBefore |-> TRUE],
         [identity |-> s1, persistedBefore |-> TRUE],
         [identity |-> s1, persistedBefore |-> TRUE],
         [identity |-> s1, persistedBefore |-> TRUE],
         [identity |-> s1, persistedBefore |-> TRUE],
         [identity |-> s1, persistedBefore |-> TRUE],
         [identity |-> s1, persistedBefore |-> TRUE],
         [identity |-> s1, persistedBefore |-> TRUE],
         [identity |-> s1, persistedBefore |-> TRUE],
         [identity |-> s1, persistedBefore |-> TRUE],
         [identity |-> s1, persistedBefore |-> TRUE],
         [identity |-> s1, persistedBefore |-> TRUE],
         [identity |-> s1, persistedBefore |-> TRUE] >>,
  epoch |-> 17,
  queue |-> "Active",
  admission |-> "Active",
  attempt |-> s1,
  broadcasts |-> 16,
  checks |-> 15,
  reservations |-> 16,
  phase |-> (w1 :> "Recover"),
  local |-> (w1 :> 0),
  observed |-> (w1 :> "Unknown"),
  chain |-> (s1 :> "Unseen"),
  expired |-> {},
  effects |-> {},
  persistedEver |-> {s1},
  terminalIdentity |-> 0,
  terminalKind |-> "None",
  staleTerminal |-> FALSE ]

State 147: <LoadAttempt line 44, col 3 to line 46, col 76 of module SolanaRecovery>
s = [ token |-> (w1 :> 17),
  queueOwner |-> 17,
  storageOwner |-> 17,
  messages |->
      << [identity |-> s1, persistedBefore |-> TRUE],
         [identity |-> s1, persistedBefore |-> TRUE],
         [identity |-> s1, persistedBefore |-> TRUE],
         [identity |-> s1, persistedBefore |-> TRUE],
         [identity |-> s1, persistedBefore |-> TRUE],
         [identity |-> s1, persistedBefore |-> TRUE],
         [identity |-> s1, persistedBefore |-> TRUE],
         [identity |-> s1, persistedBefore |-> TRUE],
         [identity |-> s1, persistedBefore |-> TRUE],
         [identity |-> s1, persistedBefore |-> TRUE],
         [identity |-> s1, persistedBefore |-> TRUE],
         [identity |-> s1, persistedBefore |-> TRUE],
         [identity |-> s1, persistedBefore |-> TRUE],
         [identity |-> s1, persistedBefore |-> TRUE],
         [identity |-> s1, persistedBefore |-> TRUE],
         [identity |-> s1, persistedBefore |-> TRUE] >>,
  epoch |-> 17,
  queue |-> "Active",
  admission |-> "Active",
  attempt |-> s1,
  broadcasts |-> 16,
  checks |-> 15,
  reservations |-> 16,
  phase |-> (w1 :> "Check"),
  local |-> (w1 :> s1),
  observed |-> (w1 :> "Unknown"),
  chain |-> (s1 :> "Unseen"),
  expired |-> {},
  effects |-> {},
  persistedEver |-> {s1},
  terminalIdentity |-> 0,
  terminalKind |-> "None",
  staleTerminal |-> FALSE ]

State 148: <Observe line 102, col 3 to line 106, col 85 of module SolanaRecovery>
s = [ token |-> (w1 :> 17),
  queueOwner |-> 17,
  storageOwner |-> 17,
  messages |->
      << [identity |-> s1, persistedBefore |-> TRUE],
         [identity |-> s1, persistedBefore |-> TRUE],
         [identity |-> s1, persistedBefore |-> TRUE],
         [identity |-> s1, persistedBefore |-> TRUE],
         [identity |-> s1, persistedBefore |-> TRUE],
         [identity |-> s1, persistedBefore |-> TRUE],
         [identity |-> s1, persistedBefore |-> TRUE],
         [identity |-> s1, persistedBefore |-> TRUE],
         [identity |-> s1, persistedBefore |-> TRUE],
         [identity |-> s1, persistedBefore |-> TRUE],
         [identity |-> s1, persistedBefore |-> TRUE],
         [identity |-> s1, persistedBefore |-> TRUE],
         [identity |-> s1, persistedBefore |-> TRUE],
         [identity |-> s1, persistedBefore |-> TRUE],
         [identity |-> s1, persistedBefore |-> TRUE],
         [identity |-> s1, persistedBefore |-> TRUE] >>,
  epoch |-> 17,
  queue |-> "Active",
  admission |-> "Active",
  attempt |-> s1,
  broadcasts |-> 16,
  checks |-> 16,
  reservations |-> 16,
  phase |-> (w1 :> "Observed"),
  local |-> (w1 :> s1),
  observed |-> (w1 :> "Absent"),
  chain |-> (s1 :> "Unseen"),
  expired |-> {},
  effects |-> {},
  persistedEver |-> {s1},
  terminalIdentity |-> 0,
  terminalKind |-> "None",
  staleTerminal |-> FALSE ]

State 149: <Decide line 113, col 3 to line 117, col 67 of module SolanaRecovery>
s = [ token |-> (w1 :> 17),
  queueOwner |-> 17,
  storageOwner |-> 17,
  messages |->
      << [identity |-> s1, persistedBefore |-> TRUE],
         [identity |-> s1, persistedBefore |-> TRUE],
         [identity |-> s1, persistedBefore |-> TRUE],
         [identity |-> s1, persistedBefore |-> TRUE],
         [identity |-> s1, persistedBefore |-> TRUE],
         [identity |-> s1, persistedBefore |-> TRUE],
         [identity |-> s1, persistedBefore |-> TRUE],
         [identity |-> s1, persistedBefore |-> TRUE],
         [identity |-> s1, persistedBefore |-> TRUE],
         [identity |-> s1, persistedBefore |-> TRUE],
         [identity |-> s1, persistedBefore |-> TRUE],
         [identity |-> s1, persistedBefore |-> TRUE],
         [identity |-> s1, persistedBefore |-> TRUE],
         [identity |-> s1, persistedBefore |-> TRUE],
         [identity |-> s1, persistedBefore |-> TRUE],
         [identity |-> s1, persistedBefore |-> TRUE] >>,
  epoch |-> 17,
  queue |-> "Active",
  admission |-> "Active",
  attempt |-> s1,
  broadcasts |-> 16,
  checks |-> 16,
  reservations |-> 16,
  phase |-> (w1 :> "Validity"),
  local |-> (w1 :> s1),
  observed |-> (w1 :> "Absent"),
  chain |-> (s1 :> "Unseen"),
  expired |-> {},
  effects |-> {},
  persistedEver |-> {s1},
  terminalIdentity |-> 0,
  terminalKind |-> "None",
  staleTerminal |-> FALSE ]

State 150: <Validity line 120, col 3 to line 122, col 77 of module SolanaRecovery>
s = [ token |-> (w1 :> 17),
  queueOwner |-> 17,
  storageOwner |-> 17,
  messages |->
      << [identity |-> s1, persistedBefore |-> TRUE],
         [identity |-> s1, persistedBefore |-> TRUE],
         [identity |-> s1, persistedBefore |-> TRUE],
         [identity |-> s1, persistedBefore |-> TRUE],
         [identity |-> s1, persistedBefore |-> TRUE],
         [identity |-> s1, persistedBefore |-> TRUE],
         [identity |-> s1, persistedBefore |-> TRUE],
         [identity |-> s1, persistedBefore |-> TRUE],
         [identity |-> s1, persistedBefore |-> TRUE],
         [identity |-> s1, persistedBefore |-> TRUE],
         [identity |-> s1, persistedBefore |-> TRUE],
         [identity |-> s1, persistedBefore |-> TRUE],
         [identity |-> s1, persistedBefore |-> TRUE],
         [identity |-> s1, persistedBefore |-> TRUE],
         [identity |-> s1, persistedBefore |-> TRUE],
         [identity |-> s1, persistedBefore |-> TRUE] >>,
  epoch |-> 17,
  queue |-> "Active",
  admission |-> "Active",
  attempt |-> s1,
  broadcasts |-> 16,
  checks |-> 16,
  reservations |-> 16,
  phase |-> (w1 :> "PrepareSend"),
  local |-> (w1 :> s1),
  observed |-> (w1 :> "Absent"),
  chain |-> (s1 :> "Unseen"),
  expired |-> {},
  effects |-> {},
  persistedEver |-> {s1},
  terminalIdentity |-> 0,
  terminalKind |-> "None",
  staleTerminal |-> FALSE ]

State 151: <PrepareSend line 59, col 3 to line 61, col 86 of module SolanaRecovery>
s = [ token |-> (w1 :> 17),
  queueOwner |-> 17,
  storageOwner |-> 17,
  messages |->
      << [identity |-> s1, persistedBefore |-> TRUE],
         [identity |-> s1, persistedBefore |-> TRUE],
         [identity |-> s1, persistedBefore |-> TRUE],
         [identity |-> s1, persistedBefore |-> TRUE],
         [identity |-> s1, persistedBefore |-> TRUE],
         [identity |-> s1, persistedBefore |-> TRUE],
         [identity |-> s1, persistedBefore |-> TRUE],
         [identity |-> s1, persistedBefore |-> TRUE],
         [identity |-> s1, persistedBefore |-> TRUE],
         [identity |-> s1, persistedBefore |-> TRUE],
         [identity |-> s1, persistedBefore |-> TRUE],
         [identity |-> s1, persistedBefore |-> TRUE],
         [identity |-> s1, persistedBefore |-> TRUE],
         [identity |-> s1, persistedBefore |-> TRUE],
         [identity |-> s1, persistedBefore |-> TRUE],
         [identity |-> s1, persistedBefore |-> TRUE] >>,
  epoch |-> 17,
  queue |-> "Active",
  admission |-> "Active",
  attempt |-> s1,
  broadcasts |-> 17,
  checks |-> 16,
  reservations |-> 17,
  phase |-> (w1 :> "Send"),
  local |-> (w1 :> s1),
  observed |-> (w1 :> "Absent"),
  chain |-> (s1 :> "Unseen"),
  expired |-> {},
  effects |-> {},
  persistedEver |-> {s1},
  terminalIdentity |-> 0,
  terminalKind |-> "None",
  staleTerminal |-> FALSE ]

State 152: <Send line 75, col 3 to line 78, col 68 of module SolanaRecovery>
s = [ token |-> (w1 :> 17),
  queueOwner |-> 17,
  storageOwner |-> 17,
  messages |->
      << [identity |-> s1, persistedBefore |-> TRUE],
         [identity |-> s1, persistedBefore |-> TRUE],
         [identity |-> s1, persistedBefore |-> TRUE],
         [identity |-> s1, persistedBefore |-> TRUE],
         [identity |-> s1, persistedBefore |-> TRUE],
         [identity |-> s1, persistedBefore |-> TRUE],
         [identity |-> s1, persistedBefore |-> TRUE],
         [identity |-> s1, persistedBefore |-> TRUE],
         [identity |-> s1, persistedBefore |-> TRUE],
         [identity |-> s1, persistedBefore |-> TRUE],
         [identity |-> s1, persistedBefore |-> TRUE],
         [identity |-> s1, persistedBefore |-> TRUE],
         [identity |-> s1, persistedBefore |-> TRUE],
         [identity |-> s1, persistedBefore |-> TRUE],
         [identity |-> s1, persistedBefore |-> TRUE],
         [identity |-> s1, persistedBefore |-> TRUE],
         [identity |-> s1, persistedBefore |-> TRUE] >>,
  epoch |-> 17,
  queue |-> "Active",
  admission |-> "Active",
  attempt |-> s1,
  broadcasts |-> 17,
  checks |-> 16,
  reservations |-> 17,
  phase |-> (w1 :> "Retry"),
  local |-> (w1 :> s1),
  observed |-> (w1 :> "Unknown"),
  chain |-> (s1 :> "Unseen"),
  expired |-> {},
  effects |-> {},
  persistedEver |-> {s1},
  terminalIdentity |-> 0,
  terminalKind |-> "None",
  staleTerminal |-> FALSE ]

State 153: <Retry line 147, col 3 to line 152, col 62 of module SolanaRecovery>
s = [ token |-> (w1 :> 0),
  queueOwner |-> 0,
  storageOwner |-> 0,
  messages |->
      << [identity |-> s1, persistedBefore |-> TRUE],
         [identity |-> s1, persistedBefore |-> TRUE],
         [identity |-> s1, persistedBefore |-> TRUE],
         [identity |-> s1, persistedBefore |-> TRUE],
         [identity |-> s1, persistedBefore |-> TRUE],
         [identity |-> s1, persistedBefore |-> TRUE],
         [identity |-> s1, persistedBefore |-> TRUE],
         [identity |-> s1, persistedBefore |-> TRUE],
         [identity |-> s1, persistedBefore |-> TRUE],
         [identity |-> s1, persistedBefore |-> TRUE],
         [identity |-> s1, persistedBefore |-> TRUE],
         [identity |-> s1, persistedBefore |-> TRUE],
         [identity |-> s1, persistedBefore |-> TRUE],
         [identity |-> s1, persistedBefore |-> TRUE],
         [identity |-> s1, persistedBefore |-> TRUE],
         [identity |-> s1, persistedBefore |-> TRUE],
         [identity |-> s1, persistedBefore |-> TRUE] >>,
  epoch |-> 17,
  queue |-> "Pending",
  admission |-> "Active",
  attempt |-> s1,
  broadcasts |-> 17,
  checks |-> 16,
  reservations |-> 17,
  phase |-> (w1 :> "Idle"),
  local |-> (w1 :> 0),
  observed |-> (w1 :> "Unknown"),
  chain |-> (s1 :> "Unseen"),
  expired |-> {},
  effects |-> {},
  persistedEver |-> {s1},
  terminalIdentity |-> 0,
  terminalKind |-> "None",
  staleTerminal |-> FALSE ]

State 154: <Claim line 34, col 3 to line 37, col 86 of module SolanaRecovery>
s = [ token |-> (w1 :> 18),
  queueOwner |-> 18,
  storageOwner |-> 0,
  messages |->
      << [identity |-> s1, persistedBefore |-> TRUE],
         [identity |-> s1, persistedBefore |-> TRUE],
         [identity |-> s1, persistedBefore |-> TRUE],
         [identity |-> s1, persistedBefore |-> TRUE],
         [identity |-> s1, persistedBefore |-> TRUE],
         [identity |-> s1, persistedBefore |-> TRUE],
         [identity |-> s1, persistedBefore |-> TRUE],
         [identity |-> s1, persistedBefore |-> TRUE],
         [identity |-> s1, persistedBefore |-> TRUE],
         [identity |-> s1, persistedBefore |-> TRUE],
         [identity |-> s1, persistedBefore |-> TRUE],
         [identity |-> s1, persistedBefore |-> TRUE],
         [identity |-> s1, persistedBefore |-> TRUE],
         [identity |-> s1, persistedBefore |-> TRUE],
         [identity |-> s1, persistedBefore |-> TRUE],
         [identity |-> s1, persistedBefore |-> TRUE],
         [identity |-> s1, persistedBefore |-> TRUE] >>,
  epoch |-> 18,
  queue |-> "Active",
  admission |-> "Active",
  attempt |-> s1,
  broadcasts |-> 17,
  checks |-> 16,
  reservations |-> 17,
  phase |-> (w1 :> "Load"),
  local |-> (w1 :> 0),
  observed |-> (w1 :> "Unknown"),
  chain |-> (s1 :> "Unseen"),
  expired |-> {},
  effects |-> {},
  persistedEver |-> {s1},
  terminalIdentity |-> 0,
  terminalKind |-> "None",
  staleTerminal |-> FALSE ]

State 155: <Lock line 40, col 3 to line 41, col 72 of module SolanaRecovery>
s = [ token |-> (w1 :> 18),
  queueOwner |-> 18,
  storageOwner |-> 18,
  messages |->
      << [identity |-> s1, persistedBefore |-> TRUE],
         [identity |-> s1, persistedBefore |-> TRUE],
         [identity |-> s1, persistedBefore |-> TRUE],
         [identity |-> s1, persistedBefore |-> TRUE],
         [identity |-> s1, persistedBefore |-> TRUE],
         [identity |-> s1, persistedBefore |-> TRUE],
         [identity |-> s1, persistedBefore |-> TRUE],
         [identity |-> s1, persistedBefore |-> TRUE],
         [identity |-> s1, persistedBefore |-> TRUE],
         [identity |-> s1, persistedBefore |-> TRUE],
         [identity |-> s1, persistedBefore |-> TRUE],
         [identity |-> s1, persistedBefore |-> TRUE],
         [identity |-> s1, persistedBefore |-> TRUE],
         [identity |-> s1, persistedBefore |-> TRUE],
         [identity |-> s1, persistedBefore |-> TRUE],
         [identity |-> s1, persistedBefore |-> TRUE],
         [identity |-> s1, persistedBefore |-> TRUE] >>,
  epoch |-> 18,
  queue |-> "Active",
  admission |-> "Active",
  attempt |-> s1,
  broadcasts |-> 17,
  checks |-> 16,
  reservations |-> 17,
  phase |-> (w1 :> "Recover"),
  local |-> (w1 :> 0),
  observed |-> (w1 :> "Unknown"),
  chain |-> (s1 :> "Unseen"),
  expired |-> {},
  effects |-> {},
  persistedEver |-> {s1},
  terminalIdentity |-> 0,
  terminalKind |-> "None",
  staleTerminal |-> FALSE ]

State 156: <LoadAttempt line 44, col 3 to line 46, col 76 of module SolanaRecovery>
s = [ token |-> (w1 :> 18),
  queueOwner |-> 18,
  storageOwner |-> 18,
  messages |->
      << [identity |-> s1, persistedBefore |-> TRUE],
         [identity |-> s1, persistedBefore |-> TRUE],
         [identity |-> s1, persistedBefore |-> TRUE],
         [identity |-> s1, persistedBefore |-> TRUE],
         [identity |-> s1, persistedBefore |-> TRUE],
         [identity |-> s1, persistedBefore |-> TRUE],
         [identity |-> s1, persistedBefore |-> TRUE],
         [identity |-> s1, persistedBefore |-> TRUE],
         [identity |-> s1, persistedBefore |-> TRUE],
         [identity |-> s1, persistedBefore |-> TRUE],
         [identity |-> s1, persistedBefore |-> TRUE],
         [identity |-> s1, persistedBefore |-> TRUE],
         [identity |-> s1, persistedBefore |-> TRUE],
         [identity |-> s1, persistedBefore |-> TRUE],
         [identity |-> s1, persistedBefore |-> TRUE],
         [identity |-> s1, persistedBefore |-> TRUE],
         [identity |-> s1, persistedBefore |-> TRUE] >>,
  epoch |-> 18,
  queue |-> "Active",
  admission |-> "Active",
  attempt |-> s1,
  broadcasts |-> 17,
  checks |-> 16,
  reservations |-> 17,
  phase |-> (w1 :> "Check"),
  local |-> (w1 :> s1),
  observed |-> (w1 :> "Unknown"),
  chain |-> (s1 :> "Unseen"),
  expired |-> {},
  effects |-> {},
  persistedEver |-> {s1},
  terminalIdentity |-> 0,
  terminalKind |-> "None",
  staleTerminal |-> FALSE ]

State 157: <Observe line 102, col 3 to line 106, col 85 of module SolanaRecovery>
s = [ token |-> (w1 :> 18),
  queueOwner |-> 18,
  storageOwner |-> 18,
  messages |->
      << [identity |-> s1, persistedBefore |-> TRUE],
         [identity |-> s1, persistedBefore |-> TRUE],
         [identity |-> s1, persistedBefore |-> TRUE],
         [identity |-> s1, persistedBefore |-> TRUE],
         [identity |-> s1, persistedBefore |-> TRUE],
         [identity |-> s1, persistedBefore |-> TRUE],
         [identity |-> s1, persistedBefore |-> TRUE],
         [identity |-> s1, persistedBefore |-> TRUE],
         [identity |-> s1, persistedBefore |-> TRUE],
         [identity |-> s1, persistedBefore |-> TRUE],
         [identity |-> s1, persistedBefore |-> TRUE],
         [identity |-> s1, persistedBefore |-> TRUE],
         [identity |-> s1, persistedBefore |-> TRUE],
         [identity |-> s1, persistedBefore |-> TRUE],
         [identity |-> s1, persistedBefore |-> TRUE],
         [identity |-> s1, persistedBefore |-> TRUE],
         [identity |-> s1, persistedBefore |-> TRUE] >>,
  epoch |-> 18,
  queue |-> "Active",
  admission |-> "Active",
  attempt |-> s1,
  broadcasts |-> 17,
  checks |-> 17,
  reservations |-> 17,
  phase |-> (w1 :> "Observed"),
  local |-> (w1 :> s1),
  observed |-> (w1 :> "Absent"),
  chain |-> (s1 :> "Unseen"),
  expired |-> {},
  effects |-> {},
  persistedEver |-> {s1},
  terminalIdentity |-> 0,
  terminalKind |-> "None",
  staleTerminal |-> FALSE ]

State 158: <Decide line 113, col 3 to line 117, col 67 of module SolanaRecovery>
s = [ token |-> (w1 :> 18),
  queueOwner |-> 18,
  storageOwner |-> 18,
  messages |->
      << [identity |-> s1, persistedBefore |-> TRUE],
         [identity |-> s1, persistedBefore |-> TRUE],
         [identity |-> s1, persistedBefore |-> TRUE],
         [identity |-> s1, persistedBefore |-> TRUE],
         [identity |-> s1, persistedBefore |-> TRUE],
         [identity |-> s1, persistedBefore |-> TRUE],
         [identity |-> s1, persistedBefore |-> TRUE],
         [identity |-> s1, persistedBefore |-> TRUE],
         [identity |-> s1, persistedBefore |-> TRUE],
         [identity |-> s1, persistedBefore |-> TRUE],
         [identity |-> s1, persistedBefore |-> TRUE],
         [identity |-> s1, persistedBefore |-> TRUE],
         [identity |-> s1, persistedBefore |-> TRUE],
         [identity |-> s1, persistedBefore |-> TRUE],
         [identity |-> s1, persistedBefore |-> TRUE],
         [identity |-> s1, persistedBefore |-> TRUE],
         [identity |-> s1, persistedBefore |-> TRUE] >>,
  epoch |-> 18,
  queue |-> "Active",
  admission |-> "Active",
  attempt |-> s1,
  broadcasts |-> 17,
  checks |-> 17,
  reservations |-> 17,
  phase |-> (w1 :> "Validity"),
  local |-> (w1 :> s1),
  observed |-> (w1 :> "Absent"),
  chain |-> (s1 :> "Unseen"),
  expired |-> {},
  effects |-> {},
  persistedEver |-> {s1},
  terminalIdentity |-> 0,
  terminalKind |-> "None",
  staleTerminal |-> FALSE ]

State 159: <Validity line 120, col 3 to line 122, col 77 of module SolanaRecovery>
s = [ token |-> (w1 :> 18),
  queueOwner |-> 18,
  storageOwner |-> 18,
  messages |->
      << [identity |-> s1, persistedBefore |-> TRUE],
         [identity |-> s1, persistedBefore |-> TRUE],
         [identity |-> s1, persistedBefore |-> TRUE],
         [identity |-> s1, persistedBefore |-> TRUE],
         [identity |-> s1, persistedBefore |-> TRUE],
         [identity |-> s1, persistedBefore |-> TRUE],
         [identity |-> s1, persistedBefore |-> TRUE],
         [identity |-> s1, persistedBefore |-> TRUE],
         [identity |-> s1, persistedBefore |-> TRUE],
         [identity |-> s1, persistedBefore |-> TRUE],
         [identity |-> s1, persistedBefore |-> TRUE],
         [identity |-> s1, persistedBefore |-> TRUE],
         [identity |-> s1, persistedBefore |-> TRUE],
         [identity |-> s1, persistedBefore |-> TRUE],
         [identity |-> s1, persistedBefore |-> TRUE],
         [identity |-> s1, persistedBefore |-> TRUE],
         [identity |-> s1, persistedBefore |-> TRUE] >>,
  epoch |-> 18,
  queue |-> "Active",
  admission |-> "Active",
  attempt |-> s1,
  broadcasts |-> 17,
  checks |-> 17,
  reservations |-> 17,
  phase |-> (w1 :> "PrepareSend"),
  local |-> (w1 :> s1),
  observed |-> (w1 :> "Absent"),
  chain |-> (s1 :> "Unseen"),
  expired |-> {},
  effects |-> {},
  persistedEver |-> {s1},
  terminalIdentity |-> 0,
  terminalKind |-> "None",
  staleTerminal |-> FALSE ]

State 160: <PrepareSend line 59, col 3 to line 61, col 86 of module SolanaRecovery>
s = [ token |-> (w1 :> 18),
  queueOwner |-> 18,
  storageOwner |-> 18,
  messages |->
      << [identity |-> s1, persistedBefore |-> TRUE],
         [identity |-> s1, persistedBefore |-> TRUE],
         [identity |-> s1, persistedBefore |-> TRUE],
         [identity |-> s1, persistedBefore |-> TRUE],
         [identity |-> s1, persistedBefore |-> TRUE],
         [identity |-> s1, persistedBefore |-> TRUE],
         [identity |-> s1, persistedBefore |-> TRUE],
         [identity |-> s1, persistedBefore |-> TRUE],
         [identity |-> s1, persistedBefore |-> TRUE],
         [identity |-> s1, persistedBefore |-> TRUE],
         [identity |-> s1, persistedBefore |-> TRUE],
         [identity |-> s1, persistedBefore |-> TRUE],
         [identity |-> s1, persistedBefore |-> TRUE],
         [identity |-> s1, persistedBefore |-> TRUE],
         [identity |-> s1, persistedBefore |-> TRUE],
         [identity |-> s1, persistedBefore |-> TRUE],
         [identity |-> s1, persistedBefore |-> TRUE] >>,
  epoch |-> 18,
  queue |-> "Active",
  admission |-> "Active",
  attempt |-> s1,
  broadcasts |-> 18,
  checks |-> 17,
  reservations |-> 18,
  phase |-> (w1 :> "Send"),
  local |-> (w1 :> s1),
  observed |-> (w1 :> "Absent"),
  chain |-> (s1 :> "Unseen"),
  expired |-> {},
  effects |-> {},
  persistedEver |-> {s1},
  terminalIdentity |-> 0,
  terminalKind |-> "None",
  staleTerminal |-> FALSE ]

State 161: <Send line 75, col 3 to line 78, col 68 of module SolanaRecovery>
s = [ token |-> (w1 :> 18),
  queueOwner |-> 18,
  storageOwner |-> 18,
  messages |->
      << [identity |-> s1, persistedBefore |-> TRUE],
         [identity |-> s1, persistedBefore |-> TRUE],
         [identity |-> s1, persistedBefore |-> TRUE],
         [identity |-> s1, persistedBefore |-> TRUE],
         [identity |-> s1, persistedBefore |-> TRUE],
         [identity |-> s1, persistedBefore |-> TRUE],
         [identity |-> s1, persistedBefore |-> TRUE],
         [identity |-> s1, persistedBefore |-> TRUE],
         [identity |-> s1, persistedBefore |-> TRUE],
         [identity |-> s1, persistedBefore |-> TRUE],
         [identity |-> s1, persistedBefore |-> TRUE],
         [identity |-> s1, persistedBefore |-> TRUE],
         [identity |-> s1, persistedBefore |-> TRUE],
         [identity |-> s1, persistedBefore |-> TRUE],
         [identity |-> s1, persistedBefore |-> TRUE],
         [identity |-> s1, persistedBefore |-> TRUE],
         [identity |-> s1, persistedBefore |-> TRUE],
         [identity |-> s1, persistedBefore |-> TRUE] >>,
  epoch |-> 18,
  queue |-> "Active",
  admission |-> "Active",
  attempt |-> s1,
  broadcasts |-> 18,
  checks |-> 17,
  reservations |-> 18,
  phase |-> (w1 :> "Retry"),
  local |-> (w1 :> s1),
  observed |-> (w1 :> "Unknown"),
  chain |-> (s1 :> "Unseen"),
  expired |-> {},
  effects |-> {},
  persistedEver |-> {s1},
  terminalIdentity |-> 0,
  terminalKind |-> "None",
  staleTerminal |-> FALSE ]

State 162: <Retry line 147, col 3 to line 152, col 62 of module SolanaRecovery>
s = [ token |-> (w1 :> 0),
  queueOwner |-> 0,
  storageOwner |-> 0,
  messages |->
      << [identity |-> s1, persistedBefore |-> TRUE],
         [identity |-> s1, persistedBefore |-> TRUE],
         [identity |-> s1, persistedBefore |-> TRUE],
         [identity |-> s1, persistedBefore |-> TRUE],
         [identity |-> s1, persistedBefore |-> TRUE],
         [identity |-> s1, persistedBefore |-> TRUE],
         [identity |-> s1, persistedBefore |-> TRUE],
         [identity |-> s1, persistedBefore |-> TRUE],
         [identity |-> s1, persistedBefore |-> TRUE],
         [identity |-> s1, persistedBefore |-> TRUE],
         [identity |-> s1, persistedBefore |-> TRUE],
         [identity |-> s1, persistedBefore |-> TRUE],
         [identity |-> s1, persistedBefore |-> TRUE],
         [identity |-> s1, persistedBefore |-> TRUE],
         [identity |-> s1, persistedBefore |-> TRUE],
         [identity |-> s1, persistedBefore |-> TRUE],
         [identity |-> s1, persistedBefore |-> TRUE],
         [identity |-> s1, persistedBefore |-> TRUE] >>,
  epoch |-> 18,
  queue |-> "Pending",
  admission |-> "Active",
  attempt |-> s1,
  broadcasts |-> 18,
  checks |-> 17,
  reservations |-> 18,
  phase |-> (w1 :> "Idle"),
  local |-> (w1 :> 0),
  observed |-> (w1 :> "Unknown"),
  chain |-> (s1 :> "Unseen"),
  expired |-> {},
  effects |-> {},
  persistedEver |-> {s1},
  terminalIdentity |-> 0,
  terminalKind |-> "None",
  staleTerminal |-> FALSE ]

State 163: <Claim line 34, col 3 to line 37, col 86 of module SolanaRecovery>
s = [ token |-> (w1 :> 19),
  queueOwner |-> 19,
  storageOwner |-> 0,
  messages |->
      << [identity |-> s1, persistedBefore |-> TRUE],
         [identity |-> s1, persistedBefore |-> TRUE],
         [identity |-> s1, persistedBefore |-> TRUE],
         [identity |-> s1, persistedBefore |-> TRUE],
         [identity |-> s1, persistedBefore |-> TRUE],
         [identity |-> s1, persistedBefore |-> TRUE],
         [identity |-> s1, persistedBefore |-> TRUE],
         [identity |-> s1, persistedBefore |-> TRUE],
         [identity |-> s1, persistedBefore |-> TRUE],
         [identity |-> s1, persistedBefore |-> TRUE],
         [identity |-> s1, persistedBefore |-> TRUE],
         [identity |-> s1, persistedBefore |-> TRUE],
         [identity |-> s1, persistedBefore |-> TRUE],
         [identity |-> s1, persistedBefore |-> TRUE],
         [identity |-> s1, persistedBefore |-> TRUE],
         [identity |-> s1, persistedBefore |-> TRUE],
         [identity |-> s1, persistedBefore |-> TRUE],
         [identity |-> s1, persistedBefore |-> TRUE] >>,
  epoch |-> 19,
  queue |-> "Active",
  admission |-> "Active",
  attempt |-> s1,
  broadcasts |-> 18,
  checks |-> 17,
  reservations |-> 18,
  phase |-> (w1 :> "Load"),
  local |-> (w1 :> 0),
  observed |-> (w1 :> "Unknown"),
  chain |-> (s1 :> "Unseen"),
  expired |-> {},
  effects |-> {},
  persistedEver |-> {s1},
  terminalIdentity |-> 0,
  terminalKind |-> "None",
  staleTerminal |-> FALSE ]

State 164: <Lock line 40, col 3 to line 41, col 72 of module SolanaRecovery>
s = [ token |-> (w1 :> 19),
  queueOwner |-> 19,
  storageOwner |-> 19,
  messages |->
      << [identity |-> s1, persistedBefore |-> TRUE],
         [identity |-> s1, persistedBefore |-> TRUE],
         [identity |-> s1, persistedBefore |-> TRUE],
         [identity |-> s1, persistedBefore |-> TRUE],
         [identity |-> s1, persistedBefore |-> TRUE],
         [identity |-> s1, persistedBefore |-> TRUE],
         [identity |-> s1, persistedBefore |-> TRUE],
         [identity |-> s1, persistedBefore |-> TRUE],
         [identity |-> s1, persistedBefore |-> TRUE],
         [identity |-> s1, persistedBefore |-> TRUE],
         [identity |-> s1, persistedBefore |-> TRUE],
         [identity |-> s1, persistedBefore |-> TRUE],
         [identity |-> s1, persistedBefore |-> TRUE],
         [identity |-> s1, persistedBefore |-> TRUE],
         [identity |-> s1, persistedBefore |-> TRUE],
         [identity |-> s1, persistedBefore |-> TRUE],
         [identity |-> s1, persistedBefore |-> TRUE],
         [identity |-> s1, persistedBefore |-> TRUE] >>,
  epoch |-> 19,
  queue |-> "Active",
  admission |-> "Active",
  attempt |-> s1,
  broadcasts |-> 18,
  checks |-> 17,
  reservations |-> 18,
  phase |-> (w1 :> "Recover"),
  local |-> (w1 :> 0),
  observed |-> (w1 :> "Unknown"),
  chain |-> (s1 :> "Unseen"),
  expired |-> {},
  effects |-> {},
  persistedEver |-> {s1},
  terminalIdentity |-> 0,
  terminalKind |-> "None",
  staleTerminal |-> FALSE ]

State 165: <LoadAttempt line 44, col 3 to line 46, col 76 of module SolanaRecovery>
s = [ token |-> (w1 :> 19),
  queueOwner |-> 19,
  storageOwner |-> 19,
  messages |->
      << [identity |-> s1, persistedBefore |-> TRUE],
         [identity |-> s1, persistedBefore |-> TRUE],
         [identity |-> s1, persistedBefore |-> TRUE],
         [identity |-> s1, persistedBefore |-> TRUE],
         [identity |-> s1, persistedBefore |-> TRUE],
         [identity |-> s1, persistedBefore |-> TRUE],
         [identity |-> s1, persistedBefore |-> TRUE],
         [identity |-> s1, persistedBefore |-> TRUE],
         [identity |-> s1, persistedBefore |-> TRUE],
         [identity |-> s1, persistedBefore |-> TRUE],
         [identity |-> s1, persistedBefore |-> TRUE],
         [identity |-> s1, persistedBefore |-> TRUE],
         [identity |-> s1, persistedBefore |-> TRUE],
         [identity |-> s1, persistedBefore |-> TRUE],
         [identity |-> s1, persistedBefore |-> TRUE],
         [identity |-> s1, persistedBefore |-> TRUE],
         [identity |-> s1, persistedBefore |-> TRUE],
         [identity |-> s1, persistedBefore |-> TRUE] >>,
  epoch |-> 19,
  queue |-> "Active",
  admission |-> "Active",
  attempt |-> s1,
  broadcasts |-> 18,
  checks |-> 17,
  reservations |-> 18,
  phase |-> (w1 :> "Check"),
  local |-> (w1 :> s1),
  observed |-> (w1 :> "Unknown"),
  chain |-> (s1 :> "Unseen"),
  expired |-> {},
  effects |-> {},
  persistedEver |-> {s1},
  terminalIdentity |-> 0,
  terminalKind |-> "None",
  staleTerminal |-> FALSE ]

State 166: <Observe line 102, col 3 to line 106, col 85 of module SolanaRecovery>
s = [ token |-> (w1 :> 19),
  queueOwner |-> 19,
  storageOwner |-> 19,
  messages |->
      << [identity |-> s1, persistedBefore |-> TRUE],
         [identity |-> s1, persistedBefore |-> TRUE],
         [identity |-> s1, persistedBefore |-> TRUE],
         [identity |-> s1, persistedBefore |-> TRUE],
         [identity |-> s1, persistedBefore |-> TRUE],
         [identity |-> s1, persistedBefore |-> TRUE],
         [identity |-> s1, persistedBefore |-> TRUE],
         [identity |-> s1, persistedBefore |-> TRUE],
         [identity |-> s1, persistedBefore |-> TRUE],
         [identity |-> s1, persistedBefore |-> TRUE],
         [identity |-> s1, persistedBefore |-> TRUE],
         [identity |-> s1, persistedBefore |-> TRUE],
         [identity |-> s1, persistedBefore |-> TRUE],
         [identity |-> s1, persistedBefore |-> TRUE],
         [identity |-> s1, persistedBefore |-> TRUE],
         [identity |-> s1, persistedBefore |-> TRUE],
         [identity |-> s1, persistedBefore |-> TRUE],
         [identity |-> s1, persistedBefore |-> TRUE] >>,
  epoch |-> 19,
  queue |-> "Active",
  admission |-> "Active",
  attempt |-> s1,
  broadcasts |-> 18,
  checks |-> 18,
  reservations |-> 18,
  phase |-> (w1 :> "Observed"),
  local |-> (w1 :> s1),
  observed |-> (w1 :> "Absent"),
  chain |-> (s1 :> "Unseen"),
  expired |-> {},
  effects |-> {},
  persistedEver |-> {s1},
  terminalIdentity |-> 0,
  terminalKind |-> "None",
  staleTerminal |-> FALSE ]

State 167: <Decide line 113, col 3 to line 117, col 67 of module SolanaRecovery>
s = [ token |-> (w1 :> 19),
  queueOwner |-> 19,
  storageOwner |-> 19,
  messages |->
      << [identity |-> s1, persistedBefore |-> TRUE],
         [identity |-> s1, persistedBefore |-> TRUE],
         [identity |-> s1, persistedBefore |-> TRUE],
         [identity |-> s1, persistedBefore |-> TRUE],
         [identity |-> s1, persistedBefore |-> TRUE],
         [identity |-> s1, persistedBefore |-> TRUE],
         [identity |-> s1, persistedBefore |-> TRUE],
         [identity |-> s1, persistedBefore |-> TRUE],
         [identity |-> s1, persistedBefore |-> TRUE],
         [identity |-> s1, persistedBefore |-> TRUE],
         [identity |-> s1, persistedBefore |-> TRUE],
         [identity |-> s1, persistedBefore |-> TRUE],
         [identity |-> s1, persistedBefore |-> TRUE],
         [identity |-> s1, persistedBefore |-> TRUE],
         [identity |-> s1, persistedBefore |-> TRUE],
         [identity |-> s1, persistedBefore |-> TRUE],
         [identity |-> s1, persistedBefore |-> TRUE],
         [identity |-> s1, persistedBefore |-> TRUE] >>,
  epoch |-> 19,
  queue |-> "Active",
  admission |-> "Active",
  attempt |-> s1,
  broadcasts |-> 18,
  checks |-> 18,
  reservations |-> 18,
  phase |-> (w1 :> "Validity"),
  local |-> (w1 :> s1),
  observed |-> (w1 :> "Absent"),
  chain |-> (s1 :> "Unseen"),
  expired |-> {},
  effects |-> {},
  persistedEver |-> {s1},
  terminalIdentity |-> 0,
  terminalKind |-> "None",
  staleTerminal |-> FALSE ]

State 168: <Validity line 120, col 3 to line 122, col 77 of module SolanaRecovery>
s = [ token |-> (w1 :> 19),
  queueOwner |-> 19,
  storageOwner |-> 19,
  messages |->
      << [identity |-> s1, persistedBefore |-> TRUE],
         [identity |-> s1, persistedBefore |-> TRUE],
         [identity |-> s1, persistedBefore |-> TRUE],
         [identity |-> s1, persistedBefore |-> TRUE],
         [identity |-> s1, persistedBefore |-> TRUE],
         [identity |-> s1, persistedBefore |-> TRUE],
         [identity |-> s1, persistedBefore |-> TRUE],
         [identity |-> s1, persistedBefore |-> TRUE],
         [identity |-> s1, persistedBefore |-> TRUE],
         [identity |-> s1, persistedBefore |-> TRUE],
         [identity |-> s1, persistedBefore |-> TRUE],
         [identity |-> s1, persistedBefore |-> TRUE],
         [identity |-> s1, persistedBefore |-> TRUE],
         [identity |-> s1, persistedBefore |-> TRUE],
         [identity |-> s1, persistedBefore |-> TRUE],
         [identity |-> s1, persistedBefore |-> TRUE],
         [identity |-> s1, persistedBefore |-> TRUE],
         [identity |-> s1, persistedBefore |-> TRUE] >>,
  epoch |-> 19,
  queue |-> "Active",
  admission |-> "Active",
  attempt |-> s1,
  broadcasts |-> 18,
  checks |-> 18,
  reservations |-> 18,
  phase |-> (w1 :> "PrepareSend"),
  local |-> (w1 :> s1),
  observed |-> (w1 :> "Absent"),
  chain |-> (s1 :> "Unseen"),
  expired |-> {},
  effects |-> {},
  persistedEver |-> {s1},
  terminalIdentity |-> 0,
  terminalKind |-> "None",
  staleTerminal |-> FALSE ]

State 169: <PrepareSend line 59, col 3 to line 61, col 86 of module SolanaRecovery>
s = [ token |-> (w1 :> 19),
  queueOwner |-> 19,
  storageOwner |-> 19,
  messages |->
      << [identity |-> s1, persistedBefore |-> TRUE],
         [identity |-> s1, persistedBefore |-> TRUE],
         [identity |-> s1, persistedBefore |-> TRUE],
         [identity |-> s1, persistedBefore |-> TRUE],
         [identity |-> s1, persistedBefore |-> TRUE],
         [identity |-> s1, persistedBefore |-> TRUE],
         [identity |-> s1, persistedBefore |-> TRUE],
         [identity |-> s1, persistedBefore |-> TRUE],
         [identity |-> s1, persistedBefore |-> TRUE],
         [identity |-> s1, persistedBefore |-> TRUE],
         [identity |-> s1, persistedBefore |-> TRUE],
         [identity |-> s1, persistedBefore |-> TRUE],
         [identity |-> s1, persistedBefore |-> TRUE],
         [identity |-> s1, persistedBefore |-> TRUE],
         [identity |-> s1, persistedBefore |-> TRUE],
         [identity |-> s1, persistedBefore |-> TRUE],
         [identity |-> s1, persistedBefore |-> TRUE],
         [identity |-> s1, persistedBefore |-> TRUE] >>,
  epoch |-> 19,
  queue |-> "Active",
  admission |-> "Active",
  attempt |-> s1,
  broadcasts |-> 19,
  checks |-> 18,
  reservations |-> 19,
  phase |-> (w1 :> "Send"),
  local |-> (w1 :> s1),
  observed |-> (w1 :> "Absent"),
  chain |-> (s1 :> "Unseen"),
  expired |-> {},
  effects |-> {},
  persistedEver |-> {s1},
  terminalIdentity |-> 0,
  terminalKind |-> "None",
  staleTerminal |-> FALSE ]

State 170: <Send line 75, col 3 to line 78, col 68 of module SolanaRecovery>
s = [ token |-> (w1 :> 19),
  queueOwner |-> 19,
  storageOwner |-> 19,
  messages |->
      << [identity |-> s1, persistedBefore |-> TRUE],
         [identity |-> s1, persistedBefore |-> TRUE],
         [identity |-> s1, persistedBefore |-> TRUE],
         [identity |-> s1, persistedBefore |-> TRUE],
         [identity |-> s1, persistedBefore |-> TRUE],
         [identity |-> s1, persistedBefore |-> TRUE],
         [identity |-> s1, persistedBefore |-> TRUE],
         [identity |-> s1, persistedBefore |-> TRUE],
         [identity |-> s1, persistedBefore |-> TRUE],
         [identity |-> s1, persistedBefore |-> TRUE],
         [identity |-> s1, persistedBefore |-> TRUE],
         [identity |-> s1, persistedBefore |-> TRUE],
         [identity |-> s1, persistedBefore |-> TRUE],
         [identity |-> s1, persistedBefore |-> TRUE],
         [identity |-> s1, persistedBefore |-> TRUE],
         [identity |-> s1, persistedBefore |-> TRUE],
         [identity |-> s1, persistedBefore |-> TRUE],
         [identity |-> s1, persistedBefore |-> TRUE],
         [identity |-> s1, persistedBefore |-> TRUE] >>,
  epoch |-> 19,
  queue |-> "Active",
  admission |-> "Active",
  attempt |-> s1,
  broadcasts |-> 19,
  checks |-> 18,
  reservations |-> 19,
  phase |-> (w1 :> "Retry"),
  local |-> (w1 :> s1),
  observed |-> (w1 :> "Unknown"),
  chain |-> (s1 :> "Unseen"),
  expired |-> {},
  effects |-> {},
  persistedEver |-> {s1},
  terminalIdentity |-> 0,
  terminalKind |-> "None",
  staleTerminal |-> FALSE ]

State 171: <Retry line 147, col 3 to line 152, col 62 of module SolanaRecovery>
s = [ token |-> (w1 :> 0),
  queueOwner |-> 0,
  storageOwner |-> 0,
  messages |->
      << [identity |-> s1, persistedBefore |-> TRUE],
         [identity |-> s1, persistedBefore |-> TRUE],
         [identity |-> s1, persistedBefore |-> TRUE],
         [identity |-> s1, persistedBefore |-> TRUE],
         [identity |-> s1, persistedBefore |-> TRUE],
         [identity |-> s1, persistedBefore |-> TRUE],
         [identity |-> s1, persistedBefore |-> TRUE],
         [identity |-> s1, persistedBefore |-> TRUE],
         [identity |-> s1, persistedBefore |-> TRUE],
         [identity |-> s1, persistedBefore |-> TRUE],
         [identity |-> s1, persistedBefore |-> TRUE],
         [identity |-> s1, persistedBefore |-> TRUE],
         [identity |-> s1, persistedBefore |-> TRUE],
         [identity |-> s1, persistedBefore |-> TRUE],
         [identity |-> s1, persistedBefore |-> TRUE],
         [identity |-> s1, persistedBefore |-> TRUE],
         [identity |-> s1, persistedBefore |-> TRUE],
         [identity |-> s1, persistedBefore |-> TRUE],
         [identity |-> s1, persistedBefore |-> TRUE] >>,
  epoch |-> 19,
  queue |-> "Pending",
  admission |-> "Active",
  attempt |-> s1,
  broadcasts |-> 19,
  checks |-> 18,
  reservations |-> 19,
  phase |-> (w1 :> "Idle"),
  local |-> (w1 :> 0),
  observed |-> (w1 :> "Unknown"),
  chain |-> (s1 :> "Unseen"),
  expired |-> {},
  effects |-> {},
  persistedEver |-> {s1},
  terminalIdentity |-> 0,
  terminalKind |-> "None",
  staleTerminal |-> FALSE ]

State 172: <Claim line 34, col 3 to line 37, col 86 of module SolanaRecovery>
s = [ token |-> (w1 :> 20),
  queueOwner |-> 20,
  storageOwner |-> 0,
  messages |->
      << [identity |-> s1, persistedBefore |-> TRUE],
         [identity |-> s1, persistedBefore |-> TRUE],
         [identity |-> s1, persistedBefore |-> TRUE],
         [identity |-> s1, persistedBefore |-> TRUE],
         [identity |-> s1, persistedBefore |-> TRUE],
         [identity |-> s1, persistedBefore |-> TRUE],
         [identity |-> s1, persistedBefore |-> TRUE],
         [identity |-> s1, persistedBefore |-> TRUE],
         [identity |-> s1, persistedBefore |-> TRUE],
         [identity |-> s1, persistedBefore |-> TRUE],
         [identity |-> s1, persistedBefore |-> TRUE],
         [identity |-> s1, persistedBefore |-> TRUE],
         [identity |-> s1, persistedBefore |-> TRUE],
         [identity |-> s1, persistedBefore |-> TRUE],
         [identity |-> s1, persistedBefore |-> TRUE],
         [identity |-> s1, persistedBefore |-> TRUE],
         [identity |-> s1, persistedBefore |-> TRUE],
         [identity |-> s1, persistedBefore |-> TRUE],
         [identity |-> s1, persistedBefore |-> TRUE] >>,
  epoch |-> 20,
  queue |-> "Active",
  admission |-> "Active",
  attempt |-> s1,
  broadcasts |-> 19,
  checks |-> 18,
  reservations |-> 19,
  phase |-> (w1 :> "Load"),
  local |-> (w1 :> 0),
  observed |-> (w1 :> "Unknown"),
  chain |-> (s1 :> "Unseen"),
  expired |-> {},
  effects |-> {},
  persistedEver |-> {s1},
  terminalIdentity |-> 0,
  terminalKind |-> "None",
  staleTerminal |-> FALSE ]

State 173: <Lock line 40, col 3 to line 41, col 72 of module SolanaRecovery>
s = [ token |-> (w1 :> 20),
  queueOwner |-> 20,
  storageOwner |-> 20,
  messages |->
      << [identity |-> s1, persistedBefore |-> TRUE],
         [identity |-> s1, persistedBefore |-> TRUE],
         [identity |-> s1, persistedBefore |-> TRUE],
         [identity |-> s1, persistedBefore |-> TRUE],
         [identity |-> s1, persistedBefore |-> TRUE],
         [identity |-> s1, persistedBefore |-> TRUE],
         [identity |-> s1, persistedBefore |-> TRUE],
         [identity |-> s1, persistedBefore |-> TRUE],
         [identity |-> s1, persistedBefore |-> TRUE],
         [identity |-> s1, persistedBefore |-> TRUE],
         [identity |-> s1, persistedBefore |-> TRUE],
         [identity |-> s1, persistedBefore |-> TRUE],
         [identity |-> s1, persistedBefore |-> TRUE],
         [identity |-> s1, persistedBefore |-> TRUE],
         [identity |-> s1, persistedBefore |-> TRUE],
         [identity |-> s1, persistedBefore |-> TRUE],
         [identity |-> s1, persistedBefore |-> TRUE],
         [identity |-> s1, persistedBefore |-> TRUE],
         [identity |-> s1, persistedBefore |-> TRUE] >>,
  epoch |-> 20,
  queue |-> "Active",
  admission |-> "Active",
  attempt |-> s1,
  broadcasts |-> 19,
  checks |-> 18,
  reservations |-> 19,
  phase |-> (w1 :> "Recover"),
  local |-> (w1 :> 0),
  observed |-> (w1 :> "Unknown"),
  chain |-> (s1 :> "Unseen"),
  expired |-> {},
  effects |-> {},
  persistedEver |-> {s1},
  terminalIdentity |-> 0,
  terminalKind |-> "None",
  staleTerminal |-> FALSE ]

State 174: <LoadAttempt line 44, col 3 to line 46, col 76 of module SolanaRecovery>
s = [ token |-> (w1 :> 20),
  queueOwner |-> 20,
  storageOwner |-> 20,
  messages |->
      << [identity |-> s1, persistedBefore |-> TRUE],
         [identity |-> s1, persistedBefore |-> TRUE],
         [identity |-> s1, persistedBefore |-> TRUE],
         [identity |-> s1, persistedBefore |-> TRUE],
         [identity |-> s1, persistedBefore |-> TRUE],
         [identity |-> s1, persistedBefore |-> TRUE],
         [identity |-> s1, persistedBefore |-> TRUE],
         [identity |-> s1, persistedBefore |-> TRUE],
         [identity |-> s1, persistedBefore |-> TRUE],
         [identity |-> s1, persistedBefore |-> TRUE],
         [identity |-> s1, persistedBefore |-> TRUE],
         [identity |-> s1, persistedBefore |-> TRUE],
         [identity |-> s1, persistedBefore |-> TRUE],
         [identity |-> s1, persistedBefore |-> TRUE],
         [identity |-> s1, persistedBefore |-> TRUE],
         [identity |-> s1, persistedBefore |-> TRUE],
         [identity |-> s1, persistedBefore |-> TRUE],
         [identity |-> s1, persistedBefore |-> TRUE],
         [identity |-> s1, persistedBefore |-> TRUE] >>,
  epoch |-> 20,
  queue |-> "Active",
  admission |-> "Active",
  attempt |-> s1,
  broadcasts |-> 19,
  checks |-> 18,
  reservations |-> 19,
  phase |-> (w1 :> "Check"),
  local |-> (w1 :> s1),
  observed |-> (w1 :> "Unknown"),
  chain |-> (s1 :> "Unseen"),
  expired |-> {},
  effects |-> {},
  persistedEver |-> {s1},
  terminalIdentity |-> 0,
  terminalKind |-> "None",
  staleTerminal |-> FALSE ]

State 175: <Observe line 102, col 3 to line 106, col 85 of module SolanaRecovery>
s = [ token |-> (w1 :> 20),
  queueOwner |-> 20,
  storageOwner |-> 20,
  messages |->
      << [identity |-> s1, persistedBefore |-> TRUE],
         [identity |-> s1, persistedBefore |-> TRUE],
         [identity |-> s1, persistedBefore |-> TRUE],
         [identity |-> s1, persistedBefore |-> TRUE],
         [identity |-> s1, persistedBefore |-> TRUE],
         [identity |-> s1, persistedBefore |-> TRUE],
         [identity |-> s1, persistedBefore |-> TRUE],
         [identity |-> s1, persistedBefore |-> TRUE],
         [identity |-> s1, persistedBefore |-> TRUE],
         [identity |-> s1, persistedBefore |-> TRUE],
         [identity |-> s1, persistedBefore |-> TRUE],
         [identity |-> s1, persistedBefore |-> TRUE],
         [identity |-> s1, persistedBefore |-> TRUE],
         [identity |-> s1, persistedBefore |-> TRUE],
         [identity |-> s1, persistedBefore |-> TRUE],
         [identity |-> s1, persistedBefore |-> TRUE],
         [identity |-> s1, persistedBefore |-> TRUE],
         [identity |-> s1, persistedBefore |-> TRUE],
         [identity |-> s1, persistedBefore |-> TRUE] >>,
  epoch |-> 20,
  queue |-> "Active",
  admission |-> "Active",
  attempt |-> s1,
  broadcasts |-> 19,
  checks |-> 19,
  reservations |-> 19,
  phase |-> (w1 :> "Observed"),
  local |-> (w1 :> s1),
  observed |-> (w1 :> "Absent"),
  chain |-> (s1 :> "Unseen"),
  expired |-> {},
  effects |-> {},
  persistedEver |-> {s1},
  terminalIdentity |-> 0,
  terminalKind |-> "None",
  staleTerminal |-> FALSE ]

State 176: <Decide line 113, col 3 to line 117, col 67 of module SolanaRecovery>
s = [ token |-> (w1 :> 20),
  queueOwner |-> 20,
  storageOwner |-> 20,
  messages |->
      << [identity |-> s1, persistedBefore |-> TRUE],
         [identity |-> s1, persistedBefore |-> TRUE],
         [identity |-> s1, persistedBefore |-> TRUE],
         [identity |-> s1, persistedBefore |-> TRUE],
         [identity |-> s1, persistedBefore |-> TRUE],
         [identity |-> s1, persistedBefore |-> TRUE],
         [identity |-> s1, persistedBefore |-> TRUE],
         [identity |-> s1, persistedBefore |-> TRUE],
         [identity |-> s1, persistedBefore |-> TRUE],
         [identity |-> s1, persistedBefore |-> TRUE],
         [identity |-> s1, persistedBefore |-> TRUE],
         [identity |-> s1, persistedBefore |-> TRUE],
         [identity |-> s1, persistedBefore |-> TRUE],
         [identity |-> s1, persistedBefore |-> TRUE],
         [identity |-> s1, persistedBefore |-> TRUE],
         [identity |-> s1, persistedBefore |-> TRUE],
         [identity |-> s1, persistedBefore |-> TRUE],
         [identity |-> s1, persistedBefore |-> TRUE],
         [identity |-> s1, persistedBefore |-> TRUE] >>,
  epoch |-> 20,
  queue |-> "Active",
  admission |-> "Active",
  attempt |-> s1,
  broadcasts |-> 19,
  checks |-> 19,
  reservations |-> 19,
  phase |-> (w1 :> "Validity"),
  local |-> (w1 :> s1),
  observed |-> (w1 :> "Absent"),
  chain |-> (s1 :> "Unseen"),
  expired |-> {},
  effects |-> {},
  persistedEver |-> {s1},
  terminalIdentity |-> 0,
  terminalKind |-> "None",
  staleTerminal |-> FALSE ]

State 177: <Validity line 120, col 3 to line 122, col 77 of module SolanaRecovery>
s = [ token |-> (w1 :> 20),
  queueOwner |-> 20,
  storageOwner |-> 20,
  messages |->
      << [identity |-> s1, persistedBefore |-> TRUE],
         [identity |-> s1, persistedBefore |-> TRUE],
         [identity |-> s1, persistedBefore |-> TRUE],
         [identity |-> s1, persistedBefore |-> TRUE],
         [identity |-> s1, persistedBefore |-> TRUE],
         [identity |-> s1, persistedBefore |-> TRUE],
         [identity |-> s1, persistedBefore |-> TRUE],
         [identity |-> s1, persistedBefore |-> TRUE],
         [identity |-> s1, persistedBefore |-> TRUE],
         [identity |-> s1, persistedBefore |-> TRUE],
         [identity |-> s1, persistedBefore |-> TRUE],
         [identity |-> s1, persistedBefore |-> TRUE],
         [identity |-> s1, persistedBefore |-> TRUE],
         [identity |-> s1, persistedBefore |-> TRUE],
         [identity |-> s1, persistedBefore |-> TRUE],
         [identity |-> s1, persistedBefore |-> TRUE],
         [identity |-> s1, persistedBefore |-> TRUE],
         [identity |-> s1, persistedBefore |-> TRUE],
         [identity |-> s1, persistedBefore |-> TRUE] >>,
  epoch |-> 20,
  queue |-> "Active",
  admission |-> "Active",
  attempt |-> s1,
  broadcasts |-> 19,
  checks |-> 19,
  reservations |-> 19,
  phase |-> (w1 :> "PrepareSend"),
  local |-> (w1 :> s1),
  observed |-> (w1 :> "Absent"),
  chain |-> (s1 :> "Unseen"),
  expired |-> {},
  effects |-> {},
  persistedEver |-> {s1},
  terminalIdentity |-> 0,
  terminalKind |-> "None",
  staleTerminal |-> FALSE ]

State 178: <PrepareSend line 59, col 3 to line 61, col 86 of module SolanaRecovery>
s = [ token |-> (w1 :> 20),
  queueOwner |-> 20,
  storageOwner |-> 20,
  messages |->
      << [identity |-> s1, persistedBefore |-> TRUE],
         [identity |-> s1, persistedBefore |-> TRUE],
         [identity |-> s1, persistedBefore |-> TRUE],
         [identity |-> s1, persistedBefore |-> TRUE],
         [identity |-> s1, persistedBefore |-> TRUE],
         [identity |-> s1, persistedBefore |-> TRUE],
         [identity |-> s1, persistedBefore |-> TRUE],
         [identity |-> s1, persistedBefore |-> TRUE],
         [identity |-> s1, persistedBefore |-> TRUE],
         [identity |-> s1, persistedBefore |-> TRUE],
         [identity |-> s1, persistedBefore |-> TRUE],
         [identity |-> s1, persistedBefore |-> TRUE],
         [identity |-> s1, persistedBefore |-> TRUE],
         [identity |-> s1, persistedBefore |-> TRUE],
         [identity |-> s1, persistedBefore |-> TRUE],
         [identity |-> s1, persistedBefore |-> TRUE],
         [identity |-> s1, persistedBefore |-> TRUE],
         [identity |-> s1, persistedBefore |-> TRUE],
         [identity |-> s1, persistedBefore |-> TRUE] >>,
  epoch |-> 20,
  queue |-> "Active",
  admission |-> "Active",
  attempt |-> s1,
  broadcasts |-> 20,
  checks |-> 19,
  reservations |-> 20,
  phase |-> (w1 :> "Send"),
  local |-> (w1 :> s1),
  observed |-> (w1 :> "Absent"),
  chain |-> (s1 :> "Unseen"),
  expired |-> {},
  effects |-> {},
  persistedEver |-> {s1},
  terminalIdentity |-> 0,
  terminalKind |-> "None",
  staleTerminal |-> FALSE ]

State 179: <Send line 75, col 3 to line 78, col 68 of module SolanaRecovery>
s = [ token |-> (w1 :> 20),
  queueOwner |-> 20,
  storageOwner |-> 20,
  messages |->
      << [identity |-> s1, persistedBefore |-> TRUE],
         [identity |-> s1, persistedBefore |-> TRUE],
         [identity |-> s1, persistedBefore |-> TRUE],
         [identity |-> s1, persistedBefore |-> TRUE],
         [identity |-> s1, persistedBefore |-> TRUE],
         [identity |-> s1, persistedBefore |-> TRUE],
         [identity |-> s1, persistedBefore |-> TRUE],
         [identity |-> s1, persistedBefore |-> TRUE],
         [identity |-> s1, persistedBefore |-> TRUE],
         [identity |-> s1, persistedBefore |-> TRUE],
         [identity |-> s1, persistedBefore |-> TRUE],
         [identity |-> s1, persistedBefore |-> TRUE],
         [identity |-> s1, persistedBefore |-> TRUE],
         [identity |-> s1, persistedBefore |-> TRUE],
         [identity |-> s1, persistedBefore |-> TRUE],
         [identity |-> s1, persistedBefore |-> TRUE],
         [identity |-> s1, persistedBefore |-> TRUE],
         [identity |-> s1, persistedBefore |-> TRUE],
         [identity |-> s1, persistedBefore |-> TRUE],
         [identity |-> s1, persistedBefore |-> TRUE] >>,
  epoch |-> 20,
  queue |-> "Active",
  admission |-> "Active",
  attempt |-> s1,
  broadcasts |-> 20,
  checks |-> 19,
  reservations |-> 20,
  phase |-> (w1 :> "Retry"),
  local |-> (w1 :> s1),
  observed |-> (w1 :> "Unknown"),
  chain |-> (s1 :> "Unseen"),
  expired |-> {},
  effects |-> {},
  persistedEver |-> {s1},
  terminalIdentity |-> 0,
  terminalKind |-> "None",
  staleTerminal |-> FALSE ]

The coverage statistics at 2026-09-26 19:09:29
<Init line 23, col 1 to line 23, col 4 of module SolanaRecovery>: 2:2
  line 23, col 9 to line 31, col 75 of module SolanaRecovery: 2
<Claim line 33, col 1 to line 33, col 8 of module SolanaRecovery>: 4307:6344
  line 34, col 6 to line 34, col 24 of module SolanaRecovery: 106359
  |line 34, col 6 to line 34, col 15 of module SolanaRecovery: 100015
  line 34, col 29 to line 34, col 47 of module SolanaRecovery: 17845
  |line 34, col 29 to line 34, col 35 of module SolanaRecovery: 11501
  line 34, col 52 to line 34, col 67 of module SolanaRecovery: 12829
  |line 34, col 52 to line 34, col 63 of module SolanaRecovery: 6485
  line 35, col 6 to line 35, col 24 of module SolanaRecovery: 6344
  |line 35, col 6 to line 35, col 12 of module SolanaRecovery: 6485
  |line 35, col 16 to line 35, col 24 of module SolanaRecovery: 6485
  line 36, col 6 to line 37, col 86 of module SolanaRecovery: 6344
<Lock line 39, col 1 to line 39, col 7 of module SolanaRecovery>: 4299:6332
  line 40, col 6 to line 40, col 24 of module SolanaRecovery: 106327
  |line 40, col 6 to line 40, col 15 of module SolanaRecovery: 99995
  line 19, col 16 to line 19, col 29 of module SolanaRecovery: 12664
  |line 19, col 16 to line 19, col 25 of module SolanaRecovery: 6332
  line 19, col 34 to line 19, col 58 of module SolanaRecovery: 12664
  |line 19, col 34 to line 19, col 43 of module SolanaRecovery: 6332
  |line 19, col 47 to line 19, col 58 of module SolanaRecovery: 6332
  line 40, col 38 to line 40, col 38 of module SolanaRecovery: 6332
  line 40, col 44 to line 40, col 61 of module SolanaRecovery: 12664
  |line 40, col 44 to line 40, col 57 of module SolanaRecovery: 6332
  line 41, col 6 to line 41, col 72 of module SolanaRecovery: 6332
<LoadAttempt line 43, col 1 to line 43, col 14 of module SolanaRecovery>: 4293:6318
  line 44, col 6 to line 44, col 27 of module SolanaRecovery: 106293
  |line 44, col 6 to line 44, col 15 of module SolanaRecovery: 99975
  line 20, col 18 to line 20, col 31 of module SolanaRecovery: 12636
  |line 20, col 18 to line 20, col 27 of module SolanaRecovery: 6318
  line 20, col 36 to line 20, col 62 of module SolanaRecovery: 12636
  |line 20, col 36 to line 20, col 45 of module SolanaRecovery: 6318
  |line 20, col 49 to line 20, col 62 of module SolanaRecovery: 6318
  line 44, col 43 to line 44, col 43 of module SolanaRecovery: 6318
  line 45, col 6 to line 46, col 76 of module SolanaRecovery: 6318
<Build line 48, col 1 to line 48, col 11 of module SolanaRecovery>: 1:2
  line 49, col 6 to line 49, col 25 of module SolanaRecovery: 99858
  |line 49, col 6 to line 49, col 15 of module SolanaRecovery: 99856
  line 20, col 18 to line 20, col 31 of module SolanaRecovery: 5
  |line 20, col 18 to line 20, col 27 of module SolanaRecovery: 3
  line 20, col 36 to line 20, col 62 of module SolanaRecovery: 5
  |line 20, col 36 to line 20, col 45 of module SolanaRecovery: 3
  |line 20, col 49 to line 20, col 62 of module SolanaRecovery: 3
  line 49, col 41 to line 49, col 41 of module SolanaRecovery: 3
  line 49, col 47 to line 49, col 59 of module SolanaRecovery: 5
  |line 49, col 47 to line 49, col 55 of module SolanaRecovery: 3
  line 50, col 6 to line 50, col 23 of module SolanaRecovery: 5
  |line 50, col 6 to line 50, col 6 of module SolanaRecovery: 3
  |line 50, col 15 to line 50, col 23 of module SolanaRecovery: 3
  line 51, col 6 to line 51, col 57 of module SolanaRecovery: 2
<Persist line 53, col 1 to line 53, col 10 of module SolanaRecovery>: 1:3
  line 54, col 6 to line 54, col 25 of module SolanaRecovery: 99958
  |line 54, col 6 to line 54, col 15 of module SolanaRecovery: 99955
  line 20, col 18 to line 20, col 31 of module SolanaRecovery: 6
  |line 20, col 18 to line 20, col 27 of module SolanaRecovery: 3
  line 20, col 36 to line 20, col 62 of module SolanaRecovery: 6
  |line 20, col 36 to line 20, col 45 of module SolanaRecovery: 3
  |line 20, col 49 to line 20, col 62 of module SolanaRecovery: 3
  line 54, col 41 to line 54, col 41 of module SolanaRecovery: 3
  line 54, col 47 to line 54, col 59 of module SolanaRecovery: 6
  |line 54, col 47 to line 54, col 55 of module SolanaRecovery: 3
  line 55, col 6 to line 56, col 86 of module SolanaRecovery: 3
<PrepareSend line 58, col 1 to line 58, col 14 of module SolanaRecovery>: 223:2215
  line 59, col 6 to line 59, col 31 of module SolanaRecovery: 102169
  |line 59, col 6 to line 59, col 15 of module SolanaRecovery: 99954
  line 20, col 18 to line 20, col 31 of module SolanaRecovery: 4430
  |line 20, col 18 to line 20, col 27 of module SolanaRecovery: 2215
  line 20, col 36 to line 20, col 62 of module SolanaRecovery: 4430
  |line 20, col 36 to line 20, col 45 of module SolanaRecovery: 2215
  |line 20, col 49 to line 20, col 62 of module SolanaRecovery: 2215
  line 59, col 47 to line 59, col 47 of module SolanaRecovery: 2215
  line 59, col 53 to line 59, col 74 of module SolanaRecovery: 4430
  |line 59, col 53 to line 59, col 61 of module SolanaRecovery: 2215
  |line 59, col 65 to line 59, col 74 of module SolanaRecovery: 2215
  line 60, col 6 to line 60, col 65 of module SolanaRecovery: 2215
  line 61, col 6 to line 61, col 86 of module SolanaRecovery: 2215
<NoSendAllowance line 63, col 1 to line 63, col 18 of module SolanaRecovery>: 0:0
  line 64, col 6 to line 64, col 31 of module SolanaRecovery: 99934
  line 64, col 36 to line 64, col 63 of module SolanaRecovery: 2195
  line 65, col 6 to line 65, col 41 of module SolanaRecovery: 0
<BypassPersistence line 67, col 1 to line 67, col 20 of module SolanaRecovery>: 0:0
  line 69, col 6 to line 69, col 40 of module SolanaRecovery: 0
<Send line 74, col 1 to line 74, col 7 of module SolanaRecovery>: 221:2207
  line 75, col 6 to line 75, col 24 of module SolanaRecovery: 102140
  |line 75, col 6 to line 75, col 15 of module SolanaRecovery: 99934
  line 75, col 29 to line 75, col 57 of module SolanaRecovery: 2206
  |line 75, col 29 to line 75, col 43 of module SolanaRecovery: 2207
  |line 75, col 47 to line 75, col 57 of module SolanaRecovery: 2207
  line 76, col 6 to line 78, col 68 of module SolanaRecovery: 2206
  |line 76, col 11 to line 78, col 68 of module SolanaRecovery: 2207
<Execute line 82, col 1 to line 82, col 18 of module SolanaRecovery>: 4924:4924
  line 83, col 6 to line 83, col 21 of module SolanaRecovery: 204596
  |line 83, col 6 to line 83, col 6 of module SolanaRecovery: 199672
  |line 83, col 12 to line 83, col 21 of module SolanaRecovery: 199672
  ||line 21, col 15 to line 21, col 65 of module SolanaRecovery: 199672
  |||line 21, col 16 to line 21, col 37 of module SolanaRecovery: 1235756
  |||line 21, col 47 to line 21, col 64 of module SolanaRecovery: 199672
  line 83, col 26 to line 83, col 43 of module SolanaRecovery: 204568
  |line 83, col 26 to line 83, col 26 of module SolanaRecovery: 199644
  |line 83, col 35 to line 83, col 43 of module SolanaRecovery: 199644
  line 83, col 48 to line 83, col 68 of module SolanaRecovery: 36492
  |line 83, col 48 to line 83, col 57 of module SolanaRecovery: 31568
  line 84, col 6 to line 85, col 81 of module SolanaRecovery: 4924
  |line 84, col 11 to line 85, col 81 of module SolanaRecovery: 4924
  ||line 84, col 12 to line 84, col 12 of module SolanaRecovery: 4924
  ||line 84, col 21 to line 84, col 39 of module SolanaRecovery: 4924
  ||line 85, col 33 to line 85, col 80 of module SolanaRecovery: 4924
  |||line 85, col 36 to line 85, col 57 of module SolanaRecovery: 4924
  |||line 85, col 64 to line 85, col 73 of module SolanaRecovery: 2462
<Finalize line 87, col 1 to line 87, col 11 of module SolanaRecovery>: 5796:37324
  line 88, col 6 to line 88, col 51 of module SolanaRecovery: 137160
  |line 88, col 6 to line 88, col 15 of module SolanaRecovery: 99836
  |line 88, col 21 to line 88, col 51 of module SolanaRecovery: 99836
  line 89, col 6 to line 89, col 85 of module SolanaRecovery: 37324
<ExpireHash line 91, col 1 to line 91, col 13 of module SolanaRecovery>: 15791:15791
  line 92, col 6 to line 92, col 23 of module SolanaRecovery: 115627
  |line 92, col 6 to line 92, col 6 of module SolanaRecovery: 99836
  |line 92, col 15 to line 92, col 23 of module SolanaRecovery: 99836
  line 93, col 6 to line 93, col 43 of module SolanaRecovery: 15791
<Observe line 101, col 1 to line 101, col 18 of module SolanaRecovery>: 25832:31623
  line 102, col 6 to line 102, col 43 of module SolanaRecovery: 630677
  |line 102, col 6 to line 102, col 15 of module SolanaRecovery: 599054
  |line 102, col 21 to line 102, col 43 of module SolanaRecovery: 599054
  line 20, col 18 to line 20, col 31 of module SolanaRecovery: 97223
  |line 20, col 18 to line 20, col 27 of module SolanaRecovery: 65600
  line 20, col 36 to line 20, col 62 of module SolanaRecovery: 97223
  |line 20, col 36 to line 20, col 45 of module SolanaRecovery: 65600
  |line 20, col 49 to line 20, col 62 of module SolanaRecovery: 65600
  line 102, col 59 to line 102, col 59 of module SolanaRecovery: 65600
  line 103, col 6 to line 103, col 27 of module SolanaRecovery: 97223
  |line 103, col 6 to line 103, col 14 of module SolanaRecovery: 65600
  |line 103, col 18 to line 103, col 27 of module SolanaRecovery: 65600
  line 103, col 32 to line 103, col 51 of module SolanaRecovery: 31623
  |line 103, col 32 to line 103, col 39 of module SolanaRecovery: 65600
  |line 103, col 43 to line 103, col 51 of module SolanaRecovery: 65600
  line 104, col 6 to line 104, col 47 of module SolanaRecovery: 90923
  |line 104, col 6 to line 104, col 11 of module SolanaRecovery: 59300
  |line 104, col 17 to line 104, col 47 of module SolanaRecovery: 59300
  ||line 96, col 3 to line 99, col 81 of module SolanaRecovery: 59300
  |||line 96, col 3 to line 98, col 80 of module SolanaRecovery: 59300
  ||||line 96, col 3 to line 97, col 58 of module SolanaRecovery: 59300
  |||||line 96, col 3 to line 96, col 21 of module SolanaRecovery: 59300
  |||||line 97, col 9 to line 97, col 57 of module SolanaRecovery: 59300
  ||||||line 97, col 12 to line 97, col 32 of module SolanaRecovery: 59300
  ||||||line 97, col 39 to line 97, col 49 of module SolanaRecovery: 47400:94800
  ||||||line 97, col 56 to line 97, col 57 of module SolanaRecovery: 11900:11900
  ||||line 98, col 9 to line 98, col 79 of module SolanaRecovery: 59300
  |||||line 98, col 12 to line 98, col 54 of module SolanaRecovery: 59300
  ||||||line 98, col 12 to line 98, col 33 of module SolanaRecovery: 59300
  ||||||line 98, col 38 to line 98, col 54 of module SolanaRecovery: 47450
  |||||line 98, col 61 to line 98, col 71 of module SolanaRecovery: 11850:23700
  |||||line 98, col 78 to line 98, col 79 of module SolanaRecovery: 47450:47450
  |||line 99, col 9 to line 99, col 80 of module SolanaRecovery: 59300
  ||||line 99, col 12 to line 99, col 55 of module SolanaRecovery: 59300
  |||||line 99, col 12 to line 99, col 34 of module SolanaRecovery: 59300
  |||||line 99, col 39 to line 99, col 55 of module SolanaRecovery: 47450
  ||||line 99, col 62 to line 99, col 72 of module SolanaRecovery: 11850:23700
  ||||line 99, col 79 to line 99, col 80 of module SolanaRecovery: 47450:47450
  ||line 104, col 37 to line 104, col 46 of module SolanaRecovery: 59300
  line 105, col 6 to line 106, col 85 of module SolanaRecovery: 31623
<CheckBudget line 108, col 1 to line 108, col 14 of module SolanaRecovery>: 575:1050
  line 109, col 6 to line 109, col 43 of module SolanaRecovery: 100963
  |line 109, col 6 to line 109, col 15 of module SolanaRecovery: 99913
  |line 109, col 21 to line 109, col 43 of module SolanaRecovery: 99913
  line 109, col 48 to line 109, col 67 of module SolanaRecovery: 11996
  |line 109, col 48 to line 109, col 55 of module SolanaRecovery: 10946
  |line 109, col 59 to line 109, col 67 of module SolanaRecovery: 10946
  line 110, col 6 to line 110, col 40 of module SolanaRecovery: 1050
<Decide line 112, col 1 to line 112, col 9 of module SolanaRecovery>: 17966:31547
  line 113, col 6 to line 113, col 49 of module SolanaRecovery: 131460
  |line 113, col 6 to line 113, col 15 of module SolanaRecovery: 99913
  |line 113, col 21 to line 113, col 49 of module SolanaRecovery: 99913
  line 114, col 6 to line 117, col 67 of module SolanaRecovery: 31547
  |line 114, col 11 to line 117, col 67 of module SolanaRecovery: 31547
  ||line 114, col 12 to line 114, col 12 of module SolanaRecovery: 31547
  ||line 114, col 21 to line 117, col 66 of module SolanaRecovery: 31547
  ||line 115, col 8 to line 117, col 66 of module SolanaRecovery: 31547
  |||line 115, col 11 to line 115, col 50 of module SolanaRecovery: 31547
  |||line 116, col 13 to line 117, col 66 of module SolanaRecovery: 27615
  ||||line 116, col 16 to line 116, col 53 of module SolanaRecovery: 27615
  ||||line 117, col 13 to line 117, col 66 of module SolanaRecovery: 9876
<Validity line 119, col 1 to line 119, col 11 of module SolanaRecovery>: 4868:5769
  line 120, col 6 to line 120, col 28 of module SolanaRecovery: 105663
  |line 120, col 6 to line 120, col 15 of module SolanaRecovery: 99894
  line 20, col 18 to line 20, col 31 of module SolanaRecovery: 11538
  |line 20, col 18 to line 20, col 27 of module SolanaRecovery: 5769
  line 20, col 36 to line 20, col 62 of module SolanaRecovery: 11538
  |line 20, col 36 to line 20, col 45 of module SolanaRecovery: 5769
  |line 20, col 49 to line 20, col 62 of module SolanaRecovery: 5769
  line 120, col 44 to line 120, col 44 of module SolanaRecovery: 5769
  line 121, col 6 to line 122, col 77 of module SolanaRecovery: 5769
<RefreshOnAbsence line 126, col 1 to line 126, col 22 of module SolanaRecovery>: 0:0
  line 130, col 6 to line 130, col 72 of module SolanaRecovery: 0
<ReleaseForCommit line 132, col 1 to line 132, col 19 of module SolanaRecovery>: 2070:2508
  line 133, col 6 to line 133, col 25 of module SolanaRecovery: 102383
  |line 133, col 6 to line 133, col 15 of module SolanaRecovery: 99875
  line 134, col 6 to line 135, col 44 of module SolanaRecovery: 2508
<CommitTerminal line 137, col 1 to line 137, col 17 of module SolanaRecovery>: 438:2508
  line 138, col 6 to line 138, col 28 of module SolanaRecovery: 102383
  |line 138, col 6 to line 138, col 15 of module SolanaRecovery: 99875
  line 19, col 16 to line 19, col 29 of module SolanaRecovery: 5016
  |line 19, col 16 to line 19, col 25 of module SolanaRecovery: 2508
  line 19, col 34 to line 19, col 58 of module SolanaRecovery: 5016
  |line 19, col 34 to line 19, col 43 of module SolanaRecovery: 2508
  |line 19, col 47 to line 19, col 58 of module SolanaRecovery: 2508
  line 138, col 43 to line 138, col 43 of module SolanaRecovery: 2508
  line 139, col 6 to line 144, col 78 of module SolanaRecovery: 2508
<Retry line 146, col 1 to line 146, col 8 of module SolanaRecovery>: 4324:13508
  line 147, col 6 to line 147, col 25 of module SolanaRecovery: 113383
  |line 147, col 6 to line 147, col 15 of module SolanaRecovery: 99875
  line 148, col 6 to line 152, col 62 of module SolanaRecovery: 13508
<Park line 154, col 1 to line 154, col 7 of module SolanaRecovery>: 4151:4650
  line 155, col 6 to line 155, col 24 of module SolanaRecovery: 104506
  |line 155, col 6 to line 155, col 15 of module SolanaRecovery: 99856
  line 19, col 16 to line 19, col 29 of module SolanaRecovery: 9300
  |line 19, col 16 to line 19, col 25 of module SolanaRecovery: 4650
  line 19, col 34 to line 19, col 58 of module SolanaRecovery: 9300
  |line 19, col 34 to line 19, col 43 of module SolanaRecovery: 4650
  |line 19, col 47 to line 19, col 58 of module SolanaRecovery: 4650
  line 155, col 38 to line 155, col 38 of module SolanaRecovery: 4650
  line 156, col 6 to line 158, col 78 of module SolanaRecovery: 4650
<DiscardStale line 160, col 1 to line 160, col 15 of module SolanaRecovery>: 0:0
  line 161, col 6 to line 161, col 24 of module SolanaRecovery: 99856
  line 161, col 29 to line 161, col 40 of module SolanaRecovery: 88375
  line 162, col 6 to line 164, col 62 of module SolanaRecovery: 0
<LoseRedisAttempt line 187, col 1 to line 187, col 16 of module SolanaRecovery>: 0:0
  line 189, col 6 to line 189, col 66 of module SolanaRecovery: 0
<Reorg line 191, col 1 to line 191, col 8 of module SolanaRecovery>: 0:0
  line 193, col 6 to line 193, col 42 of module SolanaRecovery: 0
<WorkerStep line 195, col 1 to line 195, col 13 of module SolanaRecovery (199 12 199 43)>: 0:0
  line 168, col 6 to line 169, col 62 of module SolanaRecovery: 0
<Next line 204, col 1 to line 204, col 4 of module SolanaRecovery (207 7 207 90)>: 0:0
  line 173, col 6 to line 173, col 58 of module SolanaRecovery: 0
  line 177, col 6 to line 177, col 39 of module SolanaRecovery: 0
  line 181, col 6 to line 181, col 42 of module SolanaRecovery: 0
  line 185, col 6 to line 185, col 54 of module SolanaRecovery: 0
<TypeOK line 210, col 1 to line 210, col 6 of module SolanaRecovery>
  line 211, col 3 to line 222, col 85 of module SolanaRecovery: 100081
<BroadcastLimitWitnessNotReached line 238, col 1 to line 238, col 31 of module SolanaRecovery>
  line 238, col 36 to line 238, col 66 of module SolanaRecovery: 100081
End of statistics.
174446 states generated, 100081 distinct states found, 243 states left on queue.
The depth of the complete state graph search is 179.
The average outdegree of the complete state graph is 1 (minimum is 0, the maximum 5 and the 95th percentile is 4).
Finished in 01s at (2026-09-26 19:09:29)
