   Compiling engine-core v0.1.0 (/Users/alfongj/Code/engine-core/core)
warning: struct `TestJobPayload` is never constructed
  --> twmq/tests/fixtures.rs:16:12
   |
16 | pub struct TestJobPayload {
   |            ^^^^^^^^^^^^^^
   |
   = note: `#[warn(dead_code)]` (part of `#[warn(unused)]`) on by default

warning: struct `TestJobOutput` is never constructed
  --> twmq/tests/fixtures.rs:22:12
   |
22 | pub struct TestJobOutput {
   |            ^^^^^^^^^^^^^

warning: static `TEST_JOB_PROCESSED_SUCCESSFULLY` is never used
  --> twmq/tests/fixtures.rs:49:12
   |
49 | pub static TEST_JOB_PROCESSED_SUCCESSFULLY: AtomicBool = AtomicBool::new(false);
   |            ^^^^^^^^^^^^^^^^^^^^^^^^^^^^^^^

warning: struct `TestJobHandler` is never constructed
  --> twmq/tests/fixtures.rs:51:12
   |
51 | pub struct TestJobHandler;
   |            ^^^^^^^^^^^^^^

warning: `twmq` (test "delay") generated 4 warnings
warning: `twmq` (test "nack") generated 4 warnings (4 duplicates)
warning: `twmq` (test "prune_race_random_ids") generated 4 warnings (4 duplicates)
warning: unused variable: `race_detected`
   --> twmq/tests/prune_race_condition.rs:302:9
    |
302 |     let race_detected = RACE_DETECTED.load(Ordering::SeqCst);
    |         ^^^^^^^^^^^^^ help: if this is intentional, prefix it with an underscore: `_race_detected`
    |
    = note: `#[warn(unused_variables)]` (part of `#[warn(unused)]`) on by default

warning: `twmq` (test "prune_race_condition") generated 5 warnings (4 duplicates) (run `cargo fix --test "prune_race_condition" -p twmq` to apply 1 suggestion)
warning: `twmq` (test "basic_hook") generated 3 warnings (3 duplicates)
warning: `twmq` (test "lease_expiry") generated 4 warnings (4 duplicates)
   Compiling engine-eip7702-core v0.1.0 (/Users/alfongj/Code/engine-core/eip7702-core)
   Compiling engine-aa-core v0.1.0 (/Users/alfongj/Code/engine-core/aa-core)
   Compiling engine-integration-tests v0.1.0 (/Users/alfongj/Code/engine-core/integration-tests)
   Compiling engine-executors v0.1.0 (/Users/alfongj/Code/engine-core/executors)
warning: constant `MAX_INFLIGHT_PER_EOA` is never used
  --> executors/src/eoa/worker/mod.rs:36:7
   |
36 | const MAX_INFLIGHT_PER_EOA: u64 = 100; // Default from spec
   |       ^^^^^^^^^^^^^^^^^^^^
   |
   = note: `#[warn(dead_code)]` (part of `#[warn(unused)]`) on by default

warning: constant `MAX_RECYCLED_THRESHOLD` is never used
  --> executors/src/eoa/worker/mod.rs:37:7
   |
37 | const MAX_RECYCLED_THRESHOLD: u64 = 50; // Circuit breaker from spec
   |       ^^^^^^^^^^^^^^^^^^^^^^

warning: constant `TARGET_TRANSACTIONS_PER_EOA` is never used
  --> executors/src/eoa/worker/mod.rs:38:7
   |
38 | const TARGET_TRANSACTIONS_PER_EOA: u64 = 10; // Fleet management from spec
   |       ^^^^^^^^^^^^^^^^^^^^^^^^^^^

warning: constant `MIN_TRANSACTIONS_PER_EOA` is never used
  --> executors/src/eoa/worker/mod.rs:39:7
   |
39 | const MIN_TRANSACTIONS_PER_EOA: u64 = 1; // Fleet management from spec
   |       ^^^^^^^^^^^^^^^^^^^^^^^^

   Compiling thirdweb-engine v0.1.0 (/Users/alfongj/Code/engine-core/server)
warning: `engine-executors` (lib) generated 4 warnings
warning: `engine-executors` (lib test) generated 4 warnings (4 duplicates)
    Finished `test` profile [unoptimized + debuginfo] target(s) in 23.87s
     Running unittests src/lib.rs (target/debug/deps/engine_aa_core-b4ccb592be825923)

running 5 tests
test account_factory::default::tests::test_v06_address_prediction ... ok
test account_factory::default::tests::test_v07_address_prediction ... ok
test signer::tests::erc6492_matches_standard_abi_layout ... ok
test signer::tests::erc6492_verifier_can_decode_empty_and_non_word_aligned_payloads ... ok
test userop::builder::signing_profile_tests::reviewed_profiles_require_the_expected_account_admin_and_salt ... ok

test result: ok. 5 passed; 0 failed; 0 ignored; 0 measured; 0 filtered out; finished in 0.00s

     Running unittests src/lib.rs (target/debug/deps/engine_aa_types-ea079eca9d485aa2)

running 0 tests

test result: ok. 0 passed; 0 failed; 0 ignored; 0 measured; 0 filtered out; finished in 0.00s

     Running unittests src/lib.rs (target/debug/deps/engine_core-8a9f2265c36adce9)

running 27 tests
test error::rpc_redaction_tests::solana_error_conversion_keeps_codes_and_withholds_provider_text ... ok
test error::rpc_redaction_tests::typed_result_deserialization_diagnostics_do_not_echo_provider_payload ... ok
test execution_options::tests::test_webhook_options_user_metadata_validation ... ok
test finality::tests::absent_or_lagging_finality_never_falls_back_to_latest ... ok
test finality::tests::depth_is_explicit_bounded_and_probabilistic ... ok
test finality::tests::persisted_checkpoint_distinguishes_missing_history_from_positive_conflict ... ok
test finality::tests::reorgs_and_mixed_backend_checkpoints_cannot_complete ... ok
test finality::tests::success_and_revert_require_identical_canonical_finality_evidence ... ok
test finality::tests::wrong_receipt_identity_and_missing_block_are_not_finality ... ok
test recovery::tests::admission_fingerprint_excludes_only_proposed_random_replay_ids ... ok
test recovery::tests::checkpoint_cas_prevents_stale_validation_and_conflicting_chain_progress ... ignored, requires disposable Redis in TEST_REDIS_URL
test recovery::tests::immutable_admission_and_replay_ownership_survive_process_reopen ... ignored, requires disposable Redis in TEST_REDIS_URL
test recovery::tests::initialization_is_explicit_private_exclusive_and_requires_empty_namespace ... ignored, requires disposable Redis in TEST_REDIS_URL
test recovery::tests::lost_checkpoint_or_sql_commit_before_mirror_is_fail_closed ... ignored, requires disposable Redis in TEST_REDIS_URL
test recovery::tests::reattach_requires_exact_checkpoint_and_cannot_clear_other_halts ... ignored, requires disposable Redis in TEST_REDIS_URL
test recovery::tests::rollback_latches_halt_and_recovery_quarantines_ambiguous_attempts ... ignored, requires disposable Redis in TEST_REDIS_URL
test recovery::tests::sigkill_before_send_and_after_response_loss_preserves_exact_attempt_and_blocks_new_identity ... ignored, requires disposable Redis in TEST_REDIS_URL; subprocess SIGKILL and loopback HTTP
test recovery::tests::storage_write_failure_cannot_authorize_broadcast ... ignored, requires disposable Redis in TEST_REDIS_URL
test recovery::tests::subprocess_broadcast_cut ... ignored, child entry point; parent supplies private test environment
test recovery::tests::terminal_evidence_is_idempotent_and_conflicts_durably_stop_execution ... ignored, requires disposable Redis in TEST_REDIS_URL
test rpc_clients::transport::tests::error_redaction_protects_bearer_tokens_and_credential_subdomains ... ok
test rpc_clients::transport::tests::error_redaction_protects_encoded_and_decoded_path_credentials ... ok
test rpc_clients::transport::tests::error_redaction_protects_raw_and_decoded_userinfo_and_query_values ... ok
test rpc_clients::transport::tests::url_redaction_preserves_success_payloads_and_revert_bytes ... ok
test transaction::fee_parsing_tests::invalid_fee_fields_are_not_silently_discarded_by_flattened_option ... ok
test transaction::fee_parsing_tests::legacy_and_dynamic_fees_survive_request_and_storage_roundtrip ... ok
test transaction::fee_parsing_tests::signed_authorizations_select_eip7702_without_losing_fees ... ok

test result: ok. 17 passed; 0 failed; 10 ignored; 0 measured; 0 filtered out; finished in 0.38s

     Running tests/solana_signing.rs (target/debug/deps/solana_signing-3fc3bcf2006a093c)

running 1 test
test solana_file_signer_preserves_wire_and_rejects_missing_signers_and_rotation ... ok

test result: ok. 1 passed; 0 failed; 0 ignored; 0 measured; 0 filtered out; finished in 0.33s

     Running unittests src/lib.rs (target/debug/deps/engine_eip7702_core-f4058cc5514d3566)

running 1 test
test transaction::replay_identity_tests::rebuilding_with_persisted_uid_preserves_signed_calls ... ok

test result: ok. 1 passed; 0 failed; 0 ignored; 0 measured; 0 filtered out; finished in 0.30s

     Running tests/integration_tests.rs (target/debug/deps/integration_tests-994badbdb3cb22a6)

running 1 test
test test_eip7702_integration ... ignored, requires live Thirdweb bundler and Base Sepolia contract bytecode; see testing design

test result: ok. 0 passed; 0 failed; 1 ignored; 0 measured; 0 filtered out; finished in 0.00s

     Running unittests src/lib.rs (target/debug/deps/engine_executors-219d6c4610b3beb9)

running 82 tests
test eip7702_executor::confirm::tests::transaction_hash_retry_delay_respects_bucket_boundaries ... ok
test eoa::error_classifier::tests::test_already_known_mapping ... ok
test eoa::error_classifier::tests::test_insufficient_funds_mapping ... ok
test eoa::error_classifier::tests::test_nonce_too_low_mapping ... ok
test eoa::store::atomic::tests::aborted_exec_revalidates_before_reporting_commit ... ignored, requires disposable Redis in TEST_REDIS_URL
test eoa::store::atomic::tests::command_errors_are_not_retried_as_watch_conflicts ... ignored, requires disposable Redis in TEST_REDIS_URL
test eoa::store::atomic::tests::concurrent_conflicting_admissions_choose_one_immutable_request ... ignored, requires disposable Redis in TEST_REDIS_URL
test eoa::store::atomic::tests::conflicting_admission_cannot_overwrite_a_live_intent ... ignored, requires disposable Redis in TEST_REDIS_URL
test eoa::store::atomic::tests::duplicate_intent_cannot_reserve_two_incremented_nonces ... ignored, requires disposable Redis in TEST_REDIS_URL
test eoa::store::atomic::tests::incremented_batch_order_does_not_move_nonce_backward ... ignored, requires disposable Redis in TEST_REDIS_URL
test eoa::store::atomic::tests::manual_reset_and_recycled_cleanup_preserve_unresolved_nonce_reservations ... ignored, requires disposable Redis in TEST_REDIS_URL
test eoa::store::atomic::tests::noop_cleanup_requires_final_receipt_for_each_nonce_not_shared_noop_id ... ignored, requires disposable Redis in TEST_REDIS_URL
test eoa::store::atomic::tests::pending_failure_commits_status_removal_and_retention ... ignored, requires disposable Redis in TEST_REDIS_URL
test eoa::store::atomic::tests::pending_failure_requires_current_pending_membership ... ignored, requires disposable Redis in TEST_REDIS_URL
test eoa::store::atomic::tests::recycled_nonce_cannot_be_reserved_by_two_intents ... ignored, requires disposable Redis in TEST_REDIS_URL
test eoa::store::atomic::tests::removed_pending_request_cannot_be_borrowed_from_a_stale_read ... ignored, requires disposable Redis in TEST_REDIS_URL
test eoa::store::atomic::tests::repeated_admission_preserves_pending_inflight_and_completed_state ... ignored, requires disposable Redis in TEST_REDIS_URL
test eoa::store::atomic::tests::retained_finality_backlog_is_bounded_independently_of_mempool_capacity ... ignored, requires disposable Redis in TEST_REDIS_URL
test eoa::store::atomic::tests::reverted_receipt_fails_once_without_retrying_or_recycling_nonce ... ignored, requires disposable Redis in TEST_REDIS_URL
test eoa::store::atomic::tests::shared_unwatch_cannot_disable_a_stale_owner_fence ... ignored, requires disposable Redis in TEST_REDIS_URL
test eoa::store::atomic::tests::simple_lock_checked_write_rejects_takeover_before_exec ... ignored, requires disposable Redis in TEST_REDIS_URL
test eoa::store::atomic::tests::stale_owner_cannot_fail_pending_batch ... ignored, requires disposable Redis in TEST_REDIS_URL
test eoa::store::atomic::tests::stale_owner_cannot_fail_single_pending_request ... ignored, requires disposable Redis in TEST_REDIS_URL
test eoa::store::atomic::tests::successful_receipt_still_confirms_once_and_retains_history ... ignored, requires disposable Redis in TEST_REDIS_URL
test eoa::store::atomic::tests::trailing_recycled_nonce_resets_to_chain_count_including_zero ... ignored, requires disposable Redis in TEST_REDIS_URL
test eoa::worker::confirm::receipt_tests::bounded_receipt_poll_rotates_past_permanently_missing_early_hashes ... ok
test eoa::worker::confirm::receipt_tests::legacy_fee_request_survives_storage_and_signed_wire_encoding ... ignored, requires disposable Redis in TEST_REDIS_URL; no RPC calls or live keys
test eoa::worker::confirm::receipt_tests::receipt_outage_cannot_requeue_an_already_broadcast_intent ... ignored, requires disposable Redis in TEST_REDIS_URL
test eoa::worker::confirm::receipt_tests::receipt_rpc_returns_only_matching_known_receipts ... ok
test eoa::worker::error::send_error_tests::ambiguous_transport_errors_preserve_the_submitted_transaction ... ok
test eoa::worker::transaction::fee_tests::estimated_fee_bumps_saturate_without_wrapping_or_panicking ... ok
test eoa::worker::transaction::fee_tests::explicit_fee_ceilings_skip_unchanged_replacements ... ok
test eoa::worker::transaction::fee_tests::signed_replacement_obeys_partial_fee_caps_and_preserves_transaction ... ok
test eoa::worker::transaction::fee_tests::stalled_nonce_preserves_capped_unbuildable_and_missing_intents ... ignored, requires disposable Redis in TEST_REDIS_URL
test external_bundler::deployment::tests::queued_error_retains_lock_identity_and_legacy_error_cannot_unlock ... ok
test external_bundler::deployment::tests::stale_completion_cannot_release_or_cache_for_a_new_owner ... ignored, requires disposable Redis in TEST_REDIS_URL
test finality::tests::active_poll_detects_checkpoint_rollback_without_new_receipt ... ignored, requires disposable Redis in TEST_REDIS_URL
test finality::tests::eip7702_old_jobs_wait_through_inclusion_reorg_and_unsupported_finality ... ignored, requires disposable Redis in TEST_REDIS_URL
test finality::tests::eoa_provisional_revert_or_orphan_retains_nonce_and_sending_capacity_until_finality ... ignored, requires disposable Redis in TEST_REDIS_URL
test finality::tests::erc4337_requires_identity_canonical_event_and_finality_for_both_outcomes ... ignored, requires disposable Redis in TEST_REDIS_URL
test finality::tests::terminal_journal_restores_winning_eoa_hash_only_for_original_intent_and_nonce ... ignored, requires disposable Redis in TEST_REDIS_URL
test metrics::tests::test_calculate_duration_seconds ... ok
test metrics::tests::test_calculate_duration_seconds_from_twmq ... ok
test metrics::tests::test_custom_metrics_registry ... ok
test metrics::tests::test_metrics_recording ... ok
test recovery::tests::builder_preserves_authorizations_even_when_recipient_is_already_delegated ... ignored, requires disposable Redis in TEST_REDIS_URL
test recovery::tests::eoa_wire_requires_exact_authorization_intent_and_valid_signer ... ok
test recovery::tests::signed_noop_cannot_hide_chain_signer_recipient_value_calldata_or_authorization_changes ... ok
test solana_executor::rpc_cache::tests::declared_oversize_is_rejected_before_waiting_for_body ... ok
test solana_executor::rpc_cache::tests::http_429_is_one_attempt_and_error_debug_withholds_url_headers_and_body ... ok
test solana_executor::rpc_cache::tests::invalid_json_and_connection_failures_are_secret_free ... ok
test solana_executor::rpc_cache::tests::oversized_chunked_body_is_bounded_without_content_length ... ok
test solana_executor::rpc_cache::tests::redirects_are_not_followed ... ok
test solana_executor::rpc_cache::tests::response_envelope_and_provider_errors_are_validated_without_echoing_data ... ok
test solana_executor::rpc_cache::tests::typed_client_uses_bounded_sender_and_preserves_null_results ... ok
test solana_executor::worker::recovery_tests::a_receipt_for_another_signature_is_not_success ... ignored, requires disposable Redis in TEST_REDIS_URL
test solana_executor::worker::recovery_tests::cache_key_debug_redacts_path_query_and_userinfo ... ok
test solana_executor::worker::recovery_tests::confirmed_revert_then_reorg_cannot_terminate_or_resign_a_legacy_confirmed_job ... ignored, requires disposable Redis in TEST_REDIS_URL
test solana_executor::worker::recovery_tests::expiry_boundary_rebroadcasts_then_parks_without_re_signing ... ignored, requires disposable Redis in TEST_REDIS_URL
test solana_executor::worker::recovery_tests::finalized_error_requires_matching_receipt_and_nonstale_context ... ignored, requires disposable Redis in TEST_REDIS_URL
test solana_executor::worker::recovery_tests::landing_between_first_status_and_finalized_expiry_never_rebuilds ... ignored, requires disposable Redis in TEST_REDIS_URL
test solana_executor::worker::recovery_tests::legacy_attempt_is_made_persistent_and_never_rebuilt ... ignored, requires disposable Redis in TEST_REDIS_URL
test solana_executor::worker::recovery_tests::lost_response_and_already_processed_reconcile_one_signature ... ignored, requires disposable Redis in TEST_REDIS_URL
test solana_executor::worker::recovery_tests::lost_storage_lock_cannot_replace_or_resume_attempt ... ignored, requires disposable Redis in TEST_REDIS_URL
test solana_executor::worker::recovery_tests::malformed_status_count_and_disagreeing_error_fields_do_not_succeed ... ignored, requires disposable Redis in TEST_REDIS_URL
test solana_executor::worker::recovery_tests::persisted_before_send_crash_recovers_identical_bytes_without_signing ... ignored, requires disposable Redis in TEST_REDIS_URL
test solana_executor::worker::recovery_tests::previously_visible_then_stale_absence_never_re_signs_or_erases_evidence ... ignored, requires disposable Redis in TEST_REDIS_URL
test solana_executor::worker::recovery_tests::reconciliation_budget_parks_without_rpc_and_explicit_resume_preserves_identity ... ignored, requires disposable Redis in TEST_REDIS_URL
test solana_executor::worker::recovery_tests::redis_lock_command_failure_requeues_without_rpc_or_losing_attempt ... ignored, requires disposable Redis in TEST_REDIS_URL
test solana_executor::worker::recovery_tests::response_timeout_retains_the_exact_attempt_for_recovery ... ignored, requires disposable Redis in TEST_REDIS_URL
test solana_executor::worker::recovery_tests::serialized_attempt_checks_its_own_hash_and_parks_unknown_expiry ... ignored, requires disposable Redis in TEST_REDIS_URL
test solana_executor::worker::recovery_tests::terminal_cleanup_waits_for_commit_and_cancellation_retains_unknown_attempt ... ignored, requires disposable Redis in TEST_REDIS_URL
test solana_executor::worker::recovery_tests::terminal_journal_resumes_cleanup_and_missing_projection_never_signs ... ignored, requires disposable Redis in TEST_REDIS_URL; journal isolated in subprocess
test solana_executor::worker::recovery_tests::visible_unfinalized_status_and_history_errors_cannot_trigger_replacement ... ignored, requires disposable Redis in TEST_REDIS_URL
test webhook::destination::tests::default_denies_and_allowlist_compares_exact_normalized_origins ... ok
test webhook::destination::tests::production_client_rejects_http_before_connecting ... ok
test webhook::destination::tests::redirect_response_is_returned_without_contacting_second_destination ... ok
test webhook::destination::tests::rejects_ambiguous_urls_and_invalid_operator_configuration ... ok
test webhook::destination::tests::rejects_nonpublic_and_transition_addresses_including_mixed_dns_answers ... ok
test webhook::tests::dispatch_enforces_policy_before_request_construction ... ok
test webhook::tests::multibyte_error_preview_never_slices_inside_a_character ... ok
test webhook::tests::response_reader_stops_at_limit_without_waiting_for_large_body_to_finish ... ok

test result: ok. 33 passed; 0 failed; 49 ignored; 0 measured; 0 filtered out; finished in 1.04s

     Running unittests src/lib.rs (target/debug/deps/engine_integration_tests-a21b837e94930789)

running 0 tests

test result: ok. 0 passed; 0 failed; 0 ignored; 0 measured; 0 filtered out; finished in 0.00s

     Running tests/signing.rs (target/debug/deps/signing-06e6b6ef4fec5c3c)

running 10 tests
test credential_debug_output_redacts_all_secret_material ... ok
test environment_signing_survives_queue_roundtrip_and_rejects_rotation ...
running 1 test
test environment_worker_child ... ok

test result: ok. 1 passed; 0 failed; 0 ignored; 0 measured; 9 filtered out; finished in 0.73s


running 1 test
test environment_worker_child ... ok

test result: ok. 1 passed; 0 failed; 0 ignored; 0 measured; 9 filtered out; finished in 0.12s


running 1 test
test environment_worker_child ... ok

test result: ok. 1 passed; 0 failed; 0 ignored; 0 measured; 9 filtered out; finished in 0.12s


running 1 test
test environment_worker_child ... ok

test result: ok. 1 passed; 0 failed; 0 ignored; 0 measured; 9 filtered out; finished in 0.11s

ok
test environment_worker_child ... ignored, invoked by parent with isolated environment
test eoa_signing_rejects_mismatched_sender_for_every_operation ... ok
test iaw_preserves_external_policy_and_request_envelope_for_unknown_factories ... ok
test local_and_kms_userop_signers_reject_unknown_or_cross_version_profiles_before_signing ... ok
test personal_sign_uses_message_bytes_and_eip191_domain ... ok
test queued_environment_credentials_contain_only_a_public_address ... ok
test transaction_signature_commits_to_nonce_chain_and_destination ... ok
test userop_signature_matches_reviewed_contract_digest_and_binds_chain_and_entrypoint ... ok

test result: ok. 9 passed; 0 failed; 1 ignored; 0 measured; 0 filtered out; finished in 1.26s

     Running unittests src/lib.rs (target/debug/deps/engine_solana_core-ae4dd28ce330777c)

running 2 tests
test transaction::wire_tests::malformed_payer_and_signature_counts_are_rejected_without_indexing ... ok
test transaction::wire_tests::wire_matches_sdk_bincode_for_legacy_and_v0_and_preserves_signed_messages ... ok

test result: ok. 2 passed; 0 failed; 0 ignored; 0 measured; 0 filtered out; finished in 0.00s

     Running unittests src/lib.rs (target/debug/deps/thirdweb_core-deb427741458092f)

running 1 test
test auth::tests::authentication_secrets_are_not_exposed_by_debug_or_header_errors ... ok

test result: ok. 1 passed; 0 failed; 0 ignored; 0 measured; 0 filtered out; finished in 0.00s

     Running unittests src/lib.rs (target/debug/deps/thirdweb_engine-bbbf660b486ecc5c)

running 21 tests
test chains::tests::base_pending_mempool_count_requires_explicit_preconfirmation_capability ... ok
test chains::tests::configured_rpc_bounds_declared_and_chunked_response_bodies ... ok
test chains::tests::configured_rpc_does_not_follow_redirects_or_forward_credentials ... ok
test chains::tests::configured_rpc_redacts_http_protocol_and_json_rpc_errors ... ok
test chains::tests::configured_rpc_routes_headers_and_reuses_connection_across_wallet_cycles ... ok
test chains::tests::configured_rpc_timeout_is_bounded_and_redacted ... ok
test chains::tests::configured_rpc_withholds_post_transport_typed_result_errors ... ok
test chains::tests::endpoint_configuration_accepts_environment_style_paths ... ok
test chains::tests::finality_defaults_are_strong_and_depth_requires_explicit_valid_configuration ... ok
test chains::tests::finality_depth_parses_environment_strings_and_rejects_malformed_values ... ok
test chains::tests::invalid_config_is_rejected_without_echoing_credentials ... ok
test chains::tests::legacy_provider_is_also_reused_and_local_override_wins ... ok
test execution_router::request_validation_tests::contract_creation_requires_single_eoa_transaction ... ok
test execution_router::request_validation_tests::empty_and_automatic_execution_are_rejected_before_execution ... ok
test http::extractors::environment_auth_tests::environment_signing_requires_a_configured_matching_token ... ok
test http::routes::admin::eoa_diagnostics::credential_redaction_tests::diagnostic_payload_excludes_all_authentication_material ... ok
test solana_admission::bench::initialized_admission_backlog_regression ... ignored, finite performance screen; requires disposable TEST_REDIS_URL and ADMISSION_BENCH_OUTPUT
test solana_admission::tests::aborted_terminal_commit_wrong_identity_and_existing_attempt_cannot_expire_protection ... ignored, requires disposable Redis in TEST_REDIS_URL
test solana_admission::tests::cancelled_pruned_and_orphaned_attempts_require_reconciliation ... ignored, requires disposable Redis in TEST_REDIS_URL
test solana_admission::tests::concurrent_admission_and_actual_queue_pruning_preserve_completed_identity ... ignored, requires disposable Redis in TEST_REDIS_URL
test solana_admission::tests::migration_and_key_type_failures_leave_no_partial_admission ... ignored, requires disposable Redis in TEST_REDIS_URL

test result: ok. 16 passed; 0 failed; 5 ignored; 0 measured; 0 filtered out; finished in 0.82s

     Running unittests src/bin/engine-recovery.rs (target/debug/deps/engine_recovery-7fb60f58f0f4874d)

running 0 tests

test result: ok. 0 passed; 0 failed; 0 ignored; 0 measured; 0 filtered out; finished in 0.00s

     Running unittests src/main.rs (target/debug/deps/thirdweb_engine-e034d24101adbd43)

running 0 tests

test result: ok. 0 passed; 0 failed; 0 ignored; 0 measured; 0 filtered out; finished in 0.00s

     Running tests/api_safety.rs (target/debug/deps/api_safety-926b7142a5be63aa)

running 2 tests
test configured_signer_routes_authenticate_and_queue_only_public_identity ... ignored, requires redis-server; isolated credentials and actual loopback HTTP
test public_routes_reject_unauthorized_mutations_and_invalid_execution ... ignored, requires redis-server; starts its own disposable loopback process

test result: ok. 0 passed; 0 failed; 2 ignored; 0 measured; 0 filtered out; finished in 0.00s

     Running unittests src/lib.rs (target/debug/deps/twmq-e4066b5661a33ad2)

running 26 tests
test lease_tests::cancellation_after_nack_removes_delayed_work ... ignored, requires disposable Redis in TEST_REDIS_URL
test lease_tests::cancellation_of_reused_id_is_not_overruled_by_historical_success ... ignored, requires disposable Redis in TEST_REDIS_URL
test lease_tests::cancelled_expired_job_is_not_reborrowed_in_the_same_batch ... ignored, requires disposable Redis in TEST_REDIS_URL
test lease_tests::completed_permits_refill_backlog_without_waiting_for_poll_timer ... ignored, requires disposable Redis in TEST_REDIS_URL
test lease_tests::completion_error_does_not_replay_partially_executed_commands ... ignored, requires disposable Redis in TEST_REDIS_URL
test lease_tests::concurrent_acknowledgements_commit_one_outcome_and_one_hook ... ignored, requires disposable Redis in TEST_REDIS_URL
test lease_tests::cross_kind_terminal_history_retains_reused_id_until_last_reference ... ignored, requires disposable Redis in TEST_REDIS_URL
test lease_tests::empty_worker_does_not_spin_and_shutdown_does_not_wait_for_poll ... ignored, requires disposable Redis in TEST_REDIS_URL
test lease_tests::immediate_refill_preserves_configured_concurrency ... ignored, requires disposable Redis in TEST_REDIS_URL
test lease_tests::old_completion_cannot_ack_a_reborrowed_job_or_commit_hooks ... ignored, requires disposable Redis in TEST_REDIS_URL
test lease_tests::pruning_final_reference_clears_deferred_cancellation ... ignored, requires disposable Redis in TEST_REDIS_URL
test lease_tests::pruning_preserves_delayed_reused_id_and_deletes_finished_jobs ... ignored, requires disposable Redis in TEST_REDIS_URL
test lease_tests::same_kind_terminal_history_retains_reused_id_until_last_reference ... ignored, requires disposable Redis in TEST_REDIS_URL
test lease_tests::zero_terminal_retention_removes_index_and_records ... ignored, requires disposable Redis in TEST_REDIS_URL
test multilane::lease_tests::cancellation_of_reused_lane_id_is_not_overruled_by_historical_success ... ignored, requires disposable Redis in TEST_REDIS_URL
test multilane::lease_tests::cancelled_expired_lane_job_is_not_reborrowed ... ignored, requires disposable Redis in TEST_REDIS_URL
test multilane::lease_tests::completed_lane_permits_refill_without_waiting_for_poll_timer ... ignored, requires disposable Redis in TEST_REDIS_URL
test multilane::lease_tests::concurrent_lane_acknowledgements_commit_once ... ignored, requires disposable Redis in TEST_REDIS_URL
test multilane::lease_tests::cross_kind_terminal_history_retains_reused_id_until_last_reference ... ignored, requires disposable Redis in TEST_REDIS_URL
test multilane::lease_tests::empty_lane_worker_does_not_spin_and_shuts_down_promptly ... ignored, requires disposable Redis in TEST_REDIS_URL
test multilane::lease_tests::immediate_lane_refill_preserves_configured_concurrency ... ignored, requires disposable Redis in TEST_REDIS_URL
test multilane::lease_tests::pruning_final_reference_clears_deferred_cancellation ... ignored, requires disposable Redis in TEST_REDIS_URL
test multilane::lease_tests::pruning_preserves_delayed_reused_id_and_deletes_finished_lane_jobs ... ignored, requires disposable Redis in TEST_REDIS_URL
test multilane::lease_tests::same_id_reuse_creates_a_new_lease_generation ... ignored, requires disposable Redis in TEST_REDIS_URL
test multilane::lease_tests::same_kind_terminal_history_retains_reused_id_until_last_reference ... ignored, requires disposable Redis in TEST_REDIS_URL
test multilane::lease_tests::zero_terminal_retention_removes_index_and_records ... ignored, requires disposable Redis in TEST_REDIS_URL

test result: ok. 0 passed; 0 failed; 26 ignored; 0 measured; 0 filtered out; finished in 0.00s

     Running tests/basic.rs (target/debug/deps/basic-07a714d3debcf254)

running 1 test
test test_queue_push_and_process_job ... ok

test result: ok. 1 passed; 0 failed; 0 ignored; 0 measured; 0 filtered out; finished in 0.11s

     Running tests/basic_hook.rs (target/debug/deps/basic_hook-a715d0b6f65df5f2)

running 1 test
test test_cross_queue_job_scheduling ... ok

test result: ok. 1 passed; 0 failed; 0 ignored; 0 measured; 0 filtered out; finished in 0.32s

     Running tests/delay.rs (target/debug/deps/delay-df1d2276fc80e444)

running 2 tests
test test_delay_position_ordering ... ok
test test_job_delay_basic ... ok

test result: ok. 2 passed; 0 failed; 0 ignored; 0 measured; 0 filtered out; finished in 2.76s

     Running tests/fixtures.rs (target/debug/deps/fixtures-beead85da96a25b6)

running 0 tests

test result: ok. 0 passed; 0 failed; 0 ignored; 0 measured; 0 filtered out; finished in 0.00s

     Running tests/idempotency_modes.rs (target/debug/deps/idempotency_modes-f5a0ad91857054bf)

running 2 tests
test test_active_idempotency_mode ... ok
test test_permanent_idempotency_mode ... ok

test result: ok. 2 passed; 0 failed; 0 ignored; 0 measured; 0 filtered out; finished in 2.02s

     Running tests/lease_expiry.rs (target/debug/deps/lease_expiry-21737b02501f2d8d)

running 2 tests
test test_job_lease_expiry ... 2026-09-26T19:19:43.013876Z  WARN twmq: Job lease expired, moved back to pending job_id="sleep_job_001"
ok
test test_multiple_job_lease_expiry ... 2026-09-26T19:19:47.352951Z  WARN twmq: Job lease expired, moved back to pending job_id="multi_job_1"
2026-09-26T19:19:47.353010Z  WARN twmq: Job lease expired, moved back to pending job_id="multi_job_2"
2026-09-26T19:19:47.353018Z  WARN twmq: Job lease expired, moved back to pending job_id="multi_job_3"
ok

test result: ok. 2 passed; 0 failed; 0 ignored; 0 measured; 0 filtered out; finished in 8.94s

     Running tests/multilane_batch_pop.rs (target/debug/deps/multilane_batch_pop-a631cf76c89ffba5)

running 4 tests
test multilane_test_batch_pop_distributed_jobs_across_100k_lanes ... ok
test multilane_test_batch_pop_empty_queue ... ok
test multilane_test_batch_pop_fairness_across_lanes ... ok
test multilane_test_batch_pop_single_lane_with_100k_empty_lanes ... ok

test result: ok. 4 passed; 0 failed; 0 ignored; 0 measured; 0 filtered out; finished in 37.63s

     Running tests/nack.rs (target/debug/deps/nack-2ed2925f59f989e9)

running 2 tests
test test_different_retry_counts ... ok
test test_job_retry_attempts ... ok

test result: ok. 2 passed; 0 failed; 0 ignored; 0 measured; 0 filtered out; finished in 2.53s

     Running tests/prune_race_condition.rs (target/debug/deps/prune_race_condition-9e915de298b9c081)

running 1 test
test test_prune_race_condition_two_workers ... 2026-09-26T19:20:30.478830Z  WARN prune_race_condition: === TWO WORKER RACE TEST ===
2026-09-26T19:20:30.478872Z  WARN prune_race_condition: Queue: test_two_worker_race_HWc50h
2026-09-26T19:20:30.478880Z  WARN prune_race_condition: Max success jobs: 1
2026-09-26T19:20:30.478887Z  WARN prune_race_condition: This test reproduces the race where pruning deletes metadata while job is active
2026-09-26T19:20:30.478894Z  WARN prune_race_condition: Using 2 workers to enable the race condition (impossible with 1 worker)
2026-09-26T19:20:30.480373Z  WARN prune_race_condition: Initial job pushed with ID: eoa_0x1234_137
2026-09-26T19:20:30.480402Z  WARN prune_race_condition: Two workers started!
2026-09-26T19:20:30.480410Z  WARN prune_race_condition: === PHASE 1: Creating initial success ===
2026-09-26T19:20:30.482146Z  WARN prune_race_condition: Job processing started job_id="eoa_0x1234_137" lease_token="1790450430_eoa_0x1234_137_1_y54DPKeE6ZT3h5ipks_lk" worker_count=1
2026-09-26T19:20:30.585449Z  WARN prune_race_condition: First success completed: 1
2026-09-26T19:20:30.585539Z  WARN prune_race_condition: === PHASE 2: Running iterations to catch the pruning race ===
2026-09-26T19:20:30.683275Z  WARN prune_race_condition: Job processing started job_id="eoa_0x1234_137" lease_token="1790450430_eoa_0x1234_137_1_a9_1FJhYUJtG4mVKMu4oS" worker_count=1
2026-09-26T19:20:30.783122Z  WARN prune_race_condition: Job processing started job_id="eoa_0x1234_137" lease_token="1790450430_eoa_0x1234_137_1_eeCaYGtE1IIuMPYclo1B5" worker_count=1
2026-09-26T19:20:30.882595Z  WARN prune_race_condition: Job processing started job_id="eoa_0x1234_137" lease_token="1790450430_eoa_0x1234_137_1_IXhgTgm68s_SP2ULI6muI" worker_count=1
2026-09-26T19:20:30.983428Z  WARN prune_race_condition: Job processing started job_id="eoa_0x1234_137" lease_token="1790450430_eoa_0x1234_137_1_-bzFgux9_04h-_Vx2GrMk" worker_count=1
2026-09-26T19:20:31.083361Z  WARN prune_race_condition: Job processing started job_id="eoa_0x1234_137" lease_token="1790450431_eoa_0x1234_137_1_1wfpW6Ud_pckXqZwzaFAP" worker_count=1
2026-09-26T19:20:31.182341Z  WARN prune_race_condition: Job processing started job_id="eoa_0x1234_137" lease_token="1790450431_eoa_0x1234_137_1_SYQrnw85od6dAkb09s_zx" worker_count=1
2026-09-26T19:20:31.283141Z  WARN prune_race_condition: Job processing started job_id="eoa_0x1234_137" lease_token="1790450431_eoa_0x1234_137_1_9v-Qpe7Xc_pRMIbqt__D9" worker_count=1
2026-09-26T19:20:31.381833Z  WARN prune_race_condition: Job processing started job_id="eoa_0x1234_137" lease_token="1790450431_eoa_0x1234_137_1_lRRyJ1AARtc6AFtX_KWQa" worker_count=1
2026-09-26T19:20:31.482383Z  WARN prune_race_condition: Job processing started job_id="eoa_0x1234_137" lease_token="1790450431_eoa_0x1234_137_1_1e3Y4Ee7edV9Vkp7PcgfM" worker_count=1
2026-09-26T19:20:31.582817Z  WARN prune_race_condition: Job processing started job_id="eoa_0x1234_137" lease_token="1790450431_eoa_0x1234_137_1_Md4s2goeFpcYJxVhjK22W" worker_count=1
2026-09-26T19:20:31.682336Z  WARN prune_race_condition: Job processing started job_id="eoa_0x1234_137" lease_token="1790450431_eoa_0x1234_137_1_XWqhg1_BnIhYVdLGTl6-j" worker_count=1
2026-09-26T19:20:31.783502Z  WARN prune_race_condition: Job processing started job_id="eoa_0x1234_137" lease_token="1790450431_eoa_0x1234_137_1_8vSfelpnBzIyr6Xf_PoZ9" worker_count=1
2026-09-26T19:20:31.881699Z  WARN prune_race_condition: Job processing started job_id="eoa_0x1234_137" lease_token="1790450431_eoa_0x1234_137_1_MQZvwCpyYD5RscF2gCxHp" worker_count=1
2026-09-26T19:20:31.983076Z  WARN prune_race_condition: Job processing started job_id="eoa_0x1234_137" lease_token="1790450431_eoa_0x1234_137_1_5NP1LAUf8n_85uTWm8BAM" worker_count=1
2026-09-26T19:20:32.082469Z  WARN prune_race_condition: Job processing started job_id="eoa_0x1234_137" lease_token="1790450432_eoa_0x1234_137_1_EC99bnH3lmKOe7qvndr9X" worker_count=1
2026-09-26T19:20:32.182827Z  WARN prune_race_condition: Job processing started job_id="eoa_0x1234_137" lease_token="1790450432_eoa_0x1234_137_1_XM0b-8b3fkXaA47PW1gp8" worker_count=1
2026-09-26T19:20:32.283120Z  WARN prune_race_condition: Job processing started job_id="eoa_0x1234_137" lease_token="1790450432_eoa_0x1234_137_1_pLZ-5spSkmor26yOZBMQk" worker_count=1
2026-09-26T19:20:32.383380Z  WARN prune_race_condition: Job processing started job_id="eoa_0x1234_137" lease_token="1790450432_eoa_0x1234_137_1_io55mGWO-CHPmSQGOaRZO" worker_count=1
2026-09-26T19:20:32.482043Z  WARN prune_race_condition: Job processing started job_id="eoa_0x1234_137" lease_token="1790450432_eoa_0x1234_137_1_jOv8gYwfsHejVDd-XjwiE" worker_count=1
2026-09-26T19:20:32.582424Z  WARN prune_race_condition: Job processing started job_id="eoa_0x1234_137" lease_token="1790450432_eoa_0x1234_137_1_Vui-NOtaGcZLRmBnKF0vy" worker_count=1
2026-09-26T19:20:32.682514Z  WARN prune_race_condition: Job processing started job_id="eoa_0x1234_137" lease_token="1790450432_eoa_0x1234_137_1_q8K8H615sDS-8ERNOBOL0" worker_count=1
2026-09-26T19:20:32.782350Z  WARN prune_race_condition: Job processing started job_id="eoa_0x1234_137" lease_token="1790450432_eoa_0x1234_137_1_KWrmZVtqiR_ckR97fLjWy" worker_count=1
2026-09-26T19:20:32.837988Z  WARN prune_race_condition: Job processing started job_id="eoa_0x1234_137" lease_token="1790450432_eoa_0x1234_137_1_fHLcW_GfzWjoOAfnDWM-J" worker_count=1
2026-09-26T19:20:32.892321Z  WARN prune_race_condition: Job processing started job_id="eoa_0x1234_137" lease_token="1790450432_eoa_0x1234_137_1_3SdzCvSLX9gzKQQWAZQ2O" worker_count=1
2026-09-26T19:20:32.983866Z  WARN prune_race_condition: Job processing started job_id="eoa_0x1234_137" lease_token="1790450432_eoa_0x1234_137_1_nKChg-gx6Usiv39pD3Phh" worker_count=1
2026-09-26T19:20:33.083209Z  WARN prune_race_condition: Job processing started job_id="eoa_0x1234_137" lease_token="1790450433_eoa_0x1234_137_1_NqALAQwTNSAQFkrlN8cWr" worker_count=1
2026-09-26T19:20:33.183147Z  WARN prune_race_condition: Job processing started job_id="eoa_0x1234_137" lease_token="1790450433_eoa_0x1234_137_1_o6YieT-p6s2L2DxiEMMli" worker_count=1
2026-09-26T19:20:33.282749Z  WARN prune_race_condition: Job processing started job_id="eoa_0x1234_137" lease_token="1790450433_eoa_0x1234_137_1_2XVnmhj7zMvmHAlfjRFVU" worker_count=1
2026-09-26T19:20:33.383398Z  WARN prune_race_condition: Job processing started job_id="eoa_0x1234_137" lease_token="1790450433_eoa_0x1234_137_1_EcycUIgGT8AsiSaUcmr9G" worker_count=1
2026-09-26T19:20:33.482590Z  WARN prune_race_condition: Job processing started job_id="eoa_0x1234_137" lease_token="1790450433_eoa_0x1234_137_1_22jg-weNziZdOjy443MoV" worker_count=1
2026-09-26T19:20:33.582540Z  WARN prune_race_condition: Job processing started job_id="eoa_0x1234_137" lease_token="1790450433_eoa_0x1234_137_1_KmoCG1nIsSY8AI4C2DGcR" worker_count=1
2026-09-26T19:20:33.684162Z  WARN prune_race_condition: Job processing started job_id="eoa_0x1234_137" lease_token="1790450433_eoa_0x1234_137_1_ytV142CmjZFWYh4fy-1dL" worker_count=1
2026-09-26T19:20:33.740325Z  WARN prune_race_condition: Job processing started job_id="eoa_0x1234_137" lease_token="1790450433_eoa_0x1234_137_1_Pr1DB3Y9GFEbWV3dRfNfr" worker_count=1
2026-09-26T19:20:33.884920Z  WARN prune_race_condition: Job processing started job_id="eoa_0x1234_137" lease_token="1790450433_eoa_0x1234_137_1_t7BeCF6GEFkpjP9HTsEjY" worker_count=1
2026-09-26T19:20:33.937161Z  WARN prune_race_condition: Job processing started job_id="eoa_0x1234_137" lease_token="1790450433_eoa_0x1234_137_1_3_DdKem0gNww8h3hbVpsm" worker_count=1
2026-09-26T19:20:34.083019Z  WARN prune_race_condition: Job processing started job_id="eoa_0x1234_137" lease_token="1790450434_eoa_0x1234_137_1_DIpiS3FrTB-yUmih6tuAA" worker_count=1
2026-09-26T19:20:34.183212Z  WARN prune_race_condition: Job processing started job_id="eoa_0x1234_137" lease_token="1790450434_eoa_0x1234_137_1_OHiw3eDzDlNFXwPiJ2YU-" worker_count=1
2026-09-26T19:20:34.283768Z  WARN prune_race_condition: Job processing started job_id="eoa_0x1234_137" lease_token="1790450434_eoa_0x1234_137_1_vlrw3CPyayq69GoWJN06u" worker_count=1
2026-09-26T19:20:34.383023Z  WARN prune_race_condition: Job processing started job_id="eoa_0x1234_137" lease_token="1790450434_eoa_0x1234_137_1_LcVuY1H-lx-3ku52Lh-iK" worker_count=1
2026-09-26T19:20:34.483935Z  WARN prune_race_condition: Job processing started job_id="eoa_0x1234_137" lease_token="1790450434_eoa_0x1234_137_1_KOXgeWbqVsnWOSOk86__-" worker_count=1
2026-09-26T19:20:34.583727Z  WARN prune_race_condition: Job processing started job_id="eoa_0x1234_137" lease_token="1790450434_eoa_0x1234_137_1_PWMYwzzjNV-AVfP5IPPDO" worker_count=1
2026-09-26T19:20:34.683131Z  WARN prune_race_condition: Job processing started job_id="eoa_0x1234_137" lease_token="1790450434_eoa_0x1234_137_1_7LUFQ_v7X6w4ovFC8KVKm" worker_count=1
2026-09-26T19:20:34.783278Z  WARN prune_race_condition: Job processing started job_id="eoa_0x1234_137" lease_token="1790450434_eoa_0x1234_137_1_RhaeUsQIYMaBmxaj4Nrcg" worker_count=1
2026-09-26T19:20:34.882316Z  WARN prune_race_condition: Job processing started job_id="eoa_0x1234_137" lease_token="1790450434_eoa_0x1234_137_1_DOmjVfv5aIee4SGWWIGOw" worker_count=1
2026-09-26T19:20:34.983043Z  WARN prune_race_condition: Job processing started job_id="eoa_0x1234_137" lease_token="1790450434_eoa_0x1234_137_1_5wVr4MDcjZo2nWYQg3iuT" worker_count=1
2026-09-26T19:20:35.084101Z  WARN prune_race_condition: Job processing started job_id="eoa_0x1234_137" lease_token="1790450435_eoa_0x1234_137_1_phDA5JmXao42xVh7dksfj" worker_count=1
2026-09-26T19:20:35.184557Z  WARN prune_race_condition: Job processing started job_id="eoa_0x1234_137" lease_token="1790450435_eoa_0x1234_137_1_0udhm-X0cbTVYZ0LZyP8t" worker_count=1
2026-09-26T19:20:35.239653Z  WARN prune_race_condition: Job processing started job_id="eoa_0x1234_137" lease_token="1790450435_eoa_0x1234_137_1_LRRCLYsumMNZVCJltY-pd" worker_count=1
2026-09-26T19:20:35.384543Z  WARN prune_race_condition: Job processing started job_id="eoa_0x1234_137" lease_token="1790450435_eoa_0x1234_137_1_zwBaig91mmbKAlFtIgR6m" worker_count=1
2026-09-26T19:20:35.483191Z  WARN prune_race_condition: Job processing started job_id="eoa_0x1234_137" lease_token="1790450435_eoa_0x1234_137_1_bgZcRemrd0oIpLdgGi0DK" worker_count=1
2026-09-26T19:20:35.582472Z  WARN prune_race_condition: Job processing started job_id="eoa_0x1234_137" lease_token="1790450435_eoa_0x1234_137_1_GLCmSCmDZB_B-QYDM3_i_" worker_count=1
2026-09-26T19:20:35.683694Z  WARN prune_race_condition: Job processing started job_id="eoa_0x1234_137" lease_token="1790450435_eoa_0x1234_137_1_wKDA79DdeyoEn7CZMxXkY" worker_count=1
2026-09-26T19:20:35.782682Z  WARN prune_race_condition: Job processing started job_id="eoa_0x1234_137" lease_token="1790450435_eoa_0x1234_137_1_kvq1DDryiI9wu4v5rOl9K" worker_count=1
2026-09-26T19:20:35.881912Z  WARN prune_race_condition: Job processing started job_id="eoa_0x1234_137" lease_token="1790450435_eoa_0x1234_137_1_OllVTGViutf5fldzeIGQK" worker_count=1
2026-09-26T19:20:35.982022Z  WARN prune_race_condition: Job processing started job_id="eoa_0x1234_137" lease_token="1790450435_eoa_0x1234_137_1_EPSASolOF4UCrD59D2zCJ" worker_count=1
2026-09-26T19:20:36.082177Z  WARN prune_race_condition: Job processing started job_id="eoa_0x1234_137" lease_token="1790450436_eoa_0x1234_137_1_dpyW7fXjQfbdgo-PfhyV1" worker_count=1
2026-09-26T19:20:36.183544Z  WARN prune_race_condition: Job processing started job_id="eoa_0x1234_137" lease_token="1790450436_eoa_0x1234_137_1_kLPPajvWZJXW1A35X4YH5" worker_count=1
2026-09-26T19:20:36.282239Z  WARN prune_race_condition: Job processing started job_id="eoa_0x1234_137" lease_token="1790450436_eoa_0x1234_137_1_Vd9qgV6cYDpqW5xLoWFKL" worker_count=1
2026-09-26T19:20:36.382989Z  WARN prune_race_condition: Job processing started job_id="eoa_0x1234_137" lease_token="1790450436_eoa_0x1234_137_1_xnGgNU9L59o9umIg3gzRN" worker_count=1
2026-09-26T19:20:36.483345Z  WARN prune_race_condition: Job processing started job_id="eoa_0x1234_137" lease_token="1790450436_eoa_0x1234_137_1_rSzC5KSMF9Dzh1ZXY_cvx" worker_count=1
2026-09-26T19:20:36.582557Z  WARN prune_race_condition: Job processing started job_id="eoa_0x1234_137" lease_token="1790450436_eoa_0x1234_137_1_3xyoz-k9QHxK_VXoj3yoy" worker_count=1
2026-09-26T19:20:36.682910Z  WARN prune_race_condition: Job processing started job_id="eoa_0x1234_137" lease_token="1790450436_eoa_0x1234_137_1_LmzXwldbfiZ75JFKmsgFV" worker_count=1
2026-09-26T19:20:36.783069Z  WARN prune_race_condition: Job processing started job_id="eoa_0x1234_137" lease_token="1790450436_eoa_0x1234_137_1_mOGSZmZdk-AzVprg7004H" worker_count=1
2026-09-26T19:20:36.835924Z  WARN prune_race_condition: Job processing started job_id="eoa_0x1234_137" lease_token="1790450436_eoa_0x1234_137_1_xXicpoDQ0RtxP7N9iOHYC" worker_count=1
2026-09-26T19:20:36.982015Z  WARN prune_race_condition: Job processing started job_id="eoa_0x1234_137" lease_token="1790450436_eoa_0x1234_137_1_onUNxOdD1YzEEp4JSDauO" worker_count=1
2026-09-26T19:20:37.082695Z  WARN prune_race_condition: Job processing started job_id="eoa_0x1234_137" lease_token="1790450437_eoa_0x1234_137_1_VaCVD98aK40mbPbiG9xzW" worker_count=1
2026-09-26T19:20:37.183008Z  WARN prune_race_condition: Job processing started job_id="eoa_0x1234_137" lease_token="1790450437_eoa_0x1234_137_1_W8LGp1G3xRWdpV4IDaVpe" worker_count=1
2026-09-26T19:20:37.281873Z  WARN prune_race_condition: Job processing started job_id="eoa_0x1234_137" lease_token="1790450437_eoa_0x1234_137_1_wrTeHkgmGZDEZLhGA5Kja" worker_count=1
2026-09-26T19:20:37.382731Z  WARN prune_race_condition: Job processing started job_id="eoa_0x1234_137" lease_token="1790450437_eoa_0x1234_137_1_0y9eoHYeCPNd7dty2mY6M" worker_count=1
2026-09-26T19:20:37.481998Z  WARN prune_race_condition: Job processing started job_id="eoa_0x1234_137" lease_token="1790450437_eoa_0x1234_137_1_1GYptHxqcWwEYbwFYe_8h" worker_count=1
2026-09-26T19:20:37.582482Z  WARN prune_race_condition: Job processing started job_id="eoa_0x1234_137" lease_token="1790450437_eoa_0x1234_137_1_XOelSidwaYZUzkp_g8Ujq" worker_count=1
2026-09-26T19:20:37.682145Z  WARN prune_race_condition: Job processing started job_id="eoa_0x1234_137" lease_token="1790450437_eoa_0x1234_137_1_6Ir_8MlcH4V4GVmZc6QeI" worker_count=1
2026-09-26T19:20:37.782928Z  WARN prune_race_condition: Job processing started job_id="eoa_0x1234_137" lease_token="1790450437_eoa_0x1234_137_1_CPytcv8R729J7o4c3mGlO" worker_count=1
2026-09-26T19:20:37.882139Z  WARN prune_race_condition: Job processing started job_id="eoa_0x1234_137" lease_token="1790450437_eoa_0x1234_137_1_A1zaug6_InRBHxkrkIbi_" worker_count=1
2026-09-26T19:20:37.983324Z  WARN prune_race_condition: Job processing started job_id="eoa_0x1234_137" lease_token="1790450437_eoa_0x1234_137_1_GpABXSAMRQyI4W6KDFwsu" worker_count=1
2026-09-26T19:20:38.081886Z  WARN prune_race_condition: Job processing started job_id="eoa_0x1234_137" lease_token="1790450438_eoa_0x1234_137_1_ettmmwGTkfOYD_PgSPFvE" worker_count=1
2026-09-26T19:20:38.183533Z  WARN prune_race_condition: Job processing started job_id="eoa_0x1234_137" lease_token="1790450438_eoa_0x1234_137_1_Bmv_-qn3XU0JTPSMi04vb" worker_count=1
2026-09-26T19:20:38.283606Z  WARN prune_race_condition: Job processing started job_id="eoa_0x1234_137" lease_token="1790450438_eoa_0x1234_137_1_o5mcY-A6cbcsjHEWeFKBk" worker_count=1
2026-09-26T19:20:38.383343Z  WARN prune_race_condition: Job processing started job_id="eoa_0x1234_137" lease_token="1790450438_eoa_0x1234_137_1_3Jtrd0wBWvfvXiHGa4neY" worker_count=1
2026-09-26T19:20:38.483039Z  WARN prune_race_condition: Job processing started job_id="eoa_0x1234_137" lease_token="1790450438_eoa_0x1234_137_1_aHjAa5NE5u8VXIXd8IlxM" worker_count=1
2026-09-26T19:20:38.536610Z  WARN prune_race_condition: Job processing started job_id="eoa_0x1234_137" lease_token="1790450438_eoa_0x1234_137_1_q-T6PnUtlaENMlTlSDdkJ" worker_count=1
2026-09-26T19:20:38.592596Z  WARN prune_race_condition: Job processing started job_id="eoa_0x1234_137" lease_token="1790450438_eoa_0x1234_137_1_XphesUq99mRNnelOwdL11" worker_count=1
2026-09-26T19:20:38.683259Z  WARN prune_race_condition: Job processing started job_id="eoa_0x1234_137" lease_token="1790450438_eoa_0x1234_137_1_pvwZ4jJtCd2SxNPpPtx4h" worker_count=1
2026-09-26T19:20:38.784667Z  WARN prune_race_condition: Job processing started job_id="eoa_0x1234_137" lease_token="1790450438_eoa_0x1234_137_1_FVMKBYVzdE2PMT56a7NOX" worker_count=1
2026-09-26T19:20:38.883058Z  WARN prune_race_condition: Job processing started job_id="eoa_0x1234_137" lease_token="1790450438_eoa_0x1234_137_1_jJzLMHA6W3-HDn_ZRRpdJ" worker_count=1
2026-09-26T19:20:38.982098Z  WARN prune_race_condition: Job processing started job_id="eoa_0x1234_137" lease_token="1790450438_eoa_0x1234_137_1_Fe1K_UaSJIB6aJzw2EY7a" worker_count=1
2026-09-26T19:20:39.082702Z  WARN prune_race_condition: Job processing started job_id="eoa_0x1234_137" lease_token="1790450439_eoa_0x1234_137_1_Kv8hsBy9Pl74cbsDEfyGg" worker_count=1
2026-09-26T19:20:39.183293Z  WARN prune_race_condition: Job processing started job_id="eoa_0x1234_137" lease_token="1790450439_eoa_0x1234_137_1_PfWnLdxtm9_cX_xdUd6rx" worker_count=1
2026-09-26T19:20:39.284303Z  WARN prune_race_condition: Job processing started job_id="eoa_0x1234_137" lease_token="1790450439_eoa_0x1234_137_1_y_ZX1XBjRlnmksWf_JHTF" worker_count=1
2026-09-26T19:20:39.350573Z  WARN prune_race_condition: Job processing started job_id="eoa_0x1234_137" lease_token="1790450439_eoa_0x1234_137_1_ERmqmDejAPwXkAaj75Ebw" worker_count=1
2026-09-26T19:20:39.484790Z  WARN prune_race_condition: Job processing started job_id="eoa_0x1234_137" lease_token="1790450439_eoa_0x1234_137_1_1kTTgCIE0fB4y2MDLxQs6" worker_count=1
2026-09-26T19:20:39.583303Z  WARN prune_race_condition: Job processing started job_id="eoa_0x1234_137" lease_token="1790450439_eoa_0x1234_137_1_oXEIZ8f-C-mtPg0R1CFp6" worker_count=1
2026-09-26T19:20:39.682046Z  WARN prune_race_condition: Job processing started job_id="eoa_0x1234_137" lease_token="1790450439_eoa_0x1234_137_1_-htnVCwoWwFYy76rbRl8a" worker_count=1
2026-09-26T19:20:39.782338Z  WARN prune_race_condition: Job processing started job_id="eoa_0x1234_137" lease_token="1790450439_eoa_0x1234_137_1_Oyo_nRGDsMjA5Qh2HTQo9" worker_count=1
2026-09-26T19:20:39.883036Z  WARN prune_race_condition: Job processing started job_id="eoa_0x1234_137" lease_token="1790450439_eoa_0x1234_137_1_a-wwZnntdu1lgQ-An4Ktd" worker_count=1
2026-09-26T19:20:39.984018Z  WARN prune_race_condition: Job processing started job_id="eoa_0x1234_137" lease_token="1790450439_eoa_0x1234_137_1_a4j5MOB70h7MQ5UTJquHp" worker_count=1
2026-09-26T19:20:40.083781Z  WARN prune_race_condition: Job processing started job_id="eoa_0x1234_137" lease_token="1790450440_eoa_0x1234_137_1_l4eF-XRODAha_RVniKqq4" worker_count=1
2026-09-26T19:20:40.183618Z  WARN prune_race_condition: Job processing started job_id="eoa_0x1234_137" lease_token="1790450440_eoa_0x1234_137_1_8S9HILWolgR9oCgYf6Dth" worker_count=1
2026-09-26T19:20:40.283188Z  WARN prune_race_condition: Job processing started job_id="eoa_0x1234_137" lease_token="1790450440_eoa_0x1234_137_1_UXKiDJe5QjsAyxMb6mlSI" worker_count=1
2026-09-26T19:20:40.382277Z  WARN prune_race_condition: Job processing started job_id="eoa_0x1234_137" lease_token="1790450440_eoa_0x1234_137_1_MxubP76e7jf5aSNpIPm4S" worker_count=1
2026-09-26T19:20:40.483544Z  WARN prune_race_condition: Job processing started job_id="eoa_0x1234_137" lease_token="1790450440_eoa_0x1234_137_1_lAaSotSN3_i3Zk6WBCzCm" worker_count=1
2026-09-26T19:20:40.584319Z  WARN prune_race_condition: Job processing started job_id="eoa_0x1234_137" lease_token="1790450440_eoa_0x1234_137_1_bf7YZ2HvwG1h3XKXfcGZi" worker_count=1
2026-09-26T19:20:40.683621Z  WARN prune_race_condition: Job processing started job_id="eoa_0x1234_137" lease_token="1790450440_eoa_0x1234_137_1_tjm3PKX3XDsYqbetpk59j" worker_count=1
2026-09-26T19:20:40.739305Z  WARN prune_race_condition: Job processing started job_id="eoa_0x1234_137" lease_token="1790450440_eoa_0x1234_137_1_TGYCAOpfs4nNEYQ4QYRx9" worker_count=1
2026-09-26T19:20:40.794338Z  WARN prune_race_condition: Job processing started job_id="eoa_0x1234_137" lease_token="1790450440_eoa_0x1234_137_1_3VT-2BmVfXQf0TO8AZmFm" worker_count=1
2026-09-26T19:20:40.882485Z  WARN prune_race_condition: Job processing started job_id="eoa_0x1234_137" lease_token="1790450440_eoa_0x1234_137_1_GYGPF6_ENf6FeIBvQQlmx" worker_count=1
2026-09-26T19:20:40.983692Z  WARN prune_race_condition: Job processing started job_id="eoa_0x1234_137" lease_token="1790450440_eoa_0x1234_137_1_V1-jaRyXPrvjielOzbZ7C" worker_count=1
2026-09-26T19:20:41.036765Z  WARN prune_race_condition: Job processing started job_id="eoa_0x1234_137" lease_token="1790450441_eoa_0x1234_137_1_T6hFC7lbvjrjgznAEEiD-" worker_count=1
2026-09-26T19:20:41.090437Z  WARN prune_race_condition: Job processing started job_id="eoa_0x1234_137" lease_token="1790450441_eoa_0x1234_137_1_ljGx3-qtwm0mlhMC19Usg" worker_count=1
2026-09-26T19:20:41.183591Z  WARN prune_race_condition: Job processing started job_id="eoa_0x1234_137" lease_token="1790450441_eoa_0x1234_137_1_a2JedYXPDD5EjECV5dqgL" worker_count=1
2026-09-26T19:20:41.283038Z  WARN prune_race_condition: Job processing started job_id="eoa_0x1234_137" lease_token="1790450441_eoa_0x1234_137_1_I24JrEcmyQSbCWLL8R91Z" worker_count=1
2026-09-26T19:20:41.384766Z  WARN prune_race_condition: Job processing started job_id="eoa_0x1234_137" lease_token="1790450441_eoa_0x1234_137_1_xzc82VgREjnHPUUC1VRlU" worker_count=1
2026-09-26T19:20:41.484721Z  WARN prune_race_condition: Job processing started job_id="eoa_0x1234_137" lease_token="1790450441_eoa_0x1234_137_1_5AK38uZeQwce16mADC3dC" worker_count=1
2026-09-26T19:20:41.582598Z  WARN prune_race_condition: Job processing started job_id="eoa_0x1234_137" lease_token="1790450441_eoa_0x1234_137_1_Uk_lRNHixGMx78OC_pqgc" worker_count=1
2026-09-26T19:20:41.682348Z  WARN prune_race_condition: Job processing started job_id="eoa_0x1234_137" lease_token="1790450441_eoa_0x1234_137_1_1VqMAkzA_iQmK7X5iPuwG" worker_count=1
2026-09-26T19:20:41.783084Z  WARN prune_race_condition: Job processing started job_id="eoa_0x1234_137" lease_token="1790450441_eoa_0x1234_137_1_TPGLgn31_aKMV6YGIY8gs" worker_count=1
2026-09-26T19:20:41.883788Z  WARN prune_race_condition: Job processing started job_id="eoa_0x1234_137" lease_token="1790450441_eoa_0x1234_137_1_M16dakS96b1fWGBo_E3yE" worker_count=1
2026-09-26T19:20:41.983764Z  WARN prune_race_condition: Job processing started job_id="eoa_0x1234_137" lease_token="1790450441_eoa_0x1234_137_1_mobadnzff5kq4XazwWNtg" worker_count=1
2026-09-26T19:20:42.039751Z  WARN prune_race_condition: Job processing started job_id="eoa_0x1234_137" lease_token="1790450442_eoa_0x1234_137_1_GGmo57rpIVcMxROCI2id9" worker_count=1
2026-09-26T19:20:42.184368Z  WARN prune_race_condition: Job processing started job_id="eoa_0x1234_137" lease_token="1790450442_eoa_0x1234_137_1_LRi9IPCMzRuN0n5M881fP" worker_count=1
2026-09-26T19:20:42.283723Z  WARN prune_race_condition: Job processing started job_id="eoa_0x1234_137" lease_token="1790450442_eoa_0x1234_137_1_JrqaqgvTd1lB-y8C7lkjt" worker_count=1
2026-09-26T19:20:42.382508Z  WARN prune_race_condition: Job processing started job_id="eoa_0x1234_137" lease_token="1790450442_eoa_0x1234_137_1_z6NSOMs0px8RYLR6JjARX" worker_count=1
2026-09-26T19:20:42.483596Z  WARN prune_race_condition: Job processing started job_id="eoa_0x1234_137" lease_token="1790450442_eoa_0x1234_137_1_wpzP9Y_z8Sj8LVDSbC7rA" worker_count=1
2026-09-26T19:20:42.536880Z  WARN prune_race_condition: Job processing started job_id="eoa_0x1234_137" lease_token="1790450442_eoa_0x1234_137_1_RR4Z0kzFBD6-0UThYT0gu" worker_count=1
2026-09-26T19:20:42.682440Z  WARN prune_race_condition: Job processing started job_id="eoa_0x1234_137" lease_token="1790450442_eoa_0x1234_137_1_y2Sfof26zTae1tY-uXoXf" worker_count=1
2026-09-26T19:20:42.783831Z  WARN prune_race_condition: Job processing started job_id="eoa_0x1234_137" lease_token="1790450442_eoa_0x1234_137_1_3irGkYsYuJkKjVBNGzJRQ" worker_count=1
2026-09-26T19:20:42.836083Z  WARN prune_race_condition: Job processing started job_id="eoa_0x1234_137" lease_token="1790450442_eoa_0x1234_137_1_KmN4xEKGxyY6nVfi64A5n" worker_count=1
2026-09-26T19:20:42.982182Z  WARN prune_race_condition: Job processing started job_id="eoa_0x1234_137" lease_token="1790450442_eoa_0x1234_137_1_skfxf1NyzC2ttECSKehid" worker_count=1
2026-09-26T19:20:43.081711Z  WARN prune_race_condition: Job processing started job_id="eoa_0x1234_137" lease_token="1790450443_eoa_0x1234_137_1_lcymZoju2J0sN7EK8LyPB" worker_count=1
2026-09-26T19:20:43.183117Z  WARN prune_race_condition: Job processing started job_id="eoa_0x1234_137" lease_token="1790450443_eoa_0x1234_137_1_pN0nIuvRfcKbIBClSVtF1" worker_count=1
2026-09-26T19:20:43.283031Z  WARN prune_race_condition: Job processing started job_id="eoa_0x1234_137" lease_token="1790450443_eoa_0x1234_137_1_7Ui_wRQocioQgG9ZzZuUt" worker_count=1
2026-09-26T19:20:43.384199Z  WARN prune_race_condition: Job processing started job_id="eoa_0x1234_137" lease_token="1790450443_eoa_0x1234_137_1_kJ0cT9a18x9-y0M6kPrkQ" worker_count=1
2026-09-26T19:20:43.436896Z  WARN prune_race_condition: Job processing started job_id="eoa_0x1234_137" lease_token="1790450443_eoa_0x1234_137_1_VxQarx0KljnoTZn2w8-3I" worker_count=1
2026-09-26T19:20:43.583228Z  WARN prune_race_condition: Job processing started job_id="eoa_0x1234_137" lease_token="1790450443_eoa_0x1234_137_1_BRJGOxohGaHg_BQ9AD8fX" worker_count=1
2026-09-26T19:20:43.682311Z  WARN prune_race_condition: Job processing started job_id="eoa_0x1234_137" lease_token="1790450443_eoa_0x1234_137_1_P7hltoi1OWilVvce0nV15" worker_count=1
2026-09-26T19:20:43.782780Z  WARN prune_race_condition: Job processing started job_id="eoa_0x1234_137" lease_token="1790450443_eoa_0x1234_137_1_Z0m_mWGj-sm5c6SGcS5U4" worker_count=1
2026-09-26T19:20:43.882489Z  WARN prune_race_condition: Job processing started job_id="eoa_0x1234_137" lease_token="1790450443_eoa_0x1234_137_1_AxWggzLdIrneK0IbZB4uL" worker_count=1
2026-09-26T19:20:43.983040Z  WARN prune_race_condition: Job processing started job_id="eoa_0x1234_137" lease_token="1790450443_eoa_0x1234_137_1_oPaNUUvi4Q5XzfTHDx7FI" worker_count=1
2026-09-26T19:20:44.083965Z  WARN prune_race_condition: Job processing started job_id="eoa_0x1234_137" lease_token="1790450444_eoa_0x1234_137_1_b5-Xe8ENPnPIvOGA6nVqJ" worker_count=1
2026-09-26T19:20:44.183194Z  WARN prune_race_condition: Job processing started job_id="eoa_0x1234_137" lease_token="1790450444_eoa_0x1234_137_1_venNN8A-LKYrB_9ongh-k" worker_count=1
2026-09-26T19:20:44.283180Z  WARN prune_race_condition: Job processing started job_id="eoa_0x1234_137" lease_token="1790450444_eoa_0x1234_137_1_QNdrhO5NLFTOHJZCskRoo" worker_count=1
2026-09-26T19:20:44.382089Z  WARN prune_race_condition: Job processing started job_id="eoa_0x1234_137" lease_token="1790450444_eoa_0x1234_137_1_9vyXBQc2YwGAdJRStll7_" worker_count=1
2026-09-26T19:20:44.482045Z  WARN prune_race_condition: Job processing started job_id="eoa_0x1234_137" lease_token="1790450444_eoa_0x1234_137_1_3Roy7S_eGW0kDNpE0Ufon" worker_count=1
2026-09-26T19:20:44.582013Z  WARN prune_race_condition: Job processing started job_id="eoa_0x1234_137" lease_token="1790450444_eoa_0x1234_137_1_644U_Sv7rtRkxrNCZxnES" worker_count=1
2026-09-26T19:20:44.683418Z  WARN prune_race_condition: Job processing started job_id="eoa_0x1234_137" lease_token="1790450444_eoa_0x1234_137_1_m0H6pnft1g9X05uJu286E" worker_count=1
2026-09-26T19:20:44.782011Z  WARN prune_race_condition: Job processing started job_id="eoa_0x1234_137" lease_token="1790450444_eoa_0x1234_137_1_4dJ-8tdth1M_HZXuKuPr7" worker_count=1
2026-09-26T19:20:44.883124Z  WARN prune_race_condition: Job processing started job_id="eoa_0x1234_137" lease_token="1790450444_eoa_0x1234_137_1_NdPSYIojw47lJpjMUkiqz" worker_count=1
2026-09-26T19:20:44.982565Z  WARN prune_race_condition: Job processing started job_id="eoa_0x1234_137" lease_token="1790450444_eoa_0x1234_137_1_c3W2hBjGX5guT9Cml2cin" worker_count=1
2026-09-26T19:20:45.083601Z  WARN prune_race_condition: Job processing started job_id="eoa_0x1234_137" lease_token="1790450445_eoa_0x1234_137_1_vw7NHge1GV44c5gf9ORYt" worker_count=1
2026-09-26T19:20:45.183154Z  WARN prune_race_condition: Job processing started job_id="eoa_0x1234_137" lease_token="1790450445_eoa_0x1234_137_1_s3tkT5fOxI0wlulWaC_hI" worker_count=1
2026-09-26T19:20:45.282305Z  WARN prune_race_condition: Job processing started job_id="eoa_0x1234_137" lease_token="1790450445_eoa_0x1234_137_1_hN3QGcqXZf74UJmmFrxqr" worker_count=1
2026-09-26T19:20:45.383298Z  WARN prune_race_condition: Job processing started job_id="eoa_0x1234_137" lease_token="1790450445_eoa_0x1234_137_1_crdUMGudoo7drcEXOI2GH" worker_count=1
2026-09-26T19:20:45.481957Z  WARN prune_race_condition: Job processing started job_id="eoa_0x1234_137" lease_token="1790450445_eoa_0x1234_137_1_JaGSDC1Bc_B6be51Ryj8d" worker_count=1
2026-09-26T19:20:45.582144Z  WARN prune_race_condition: Job processing started job_id="eoa_0x1234_137" lease_token="1790450445_eoa_0x1234_137_1_yYWU-0WmgxnPd2ILiuI4r" worker_count=1
2026-09-26T19:20:45.682912Z  WARN prune_race_condition: Job processing started job_id="eoa_0x1234_137" lease_token="1790450445_eoa_0x1234_137_1_grFhjxqfbo_7Mztxb893I" worker_count=1
2026-09-26T19:20:45.783381Z  WARN prune_race_condition: Job processing started job_id="eoa_0x1234_137" lease_token="1790450445_eoa_0x1234_137_1_QWF3AaL_fSKLMag6wA3qf" worker_count=1
2026-09-26T19:20:45.882342Z  WARN prune_race_condition: Job processing started job_id="eoa_0x1234_137" lease_token="1790450445_eoa_0x1234_137_1_P7rOZELtABGW41uEcze_M" worker_count=1
2026-09-26T19:20:45.984646Z  WARN prune_race_condition: Job processing started job_id="eoa_0x1234_137" lease_token="1790450445_eoa_0x1234_137_1_CdqMlkPhR-8BCPHsErwsh" worker_count=1
2026-09-26T19:20:46.084060Z  WARN prune_race_condition: Job processing started job_id="eoa_0x1234_137" lease_token="1790450446_eoa_0x1234_137_1_Em-RVu0ta47XenE03hUJN" worker_count=1
2026-09-26T19:20:46.182693Z  WARN prune_race_condition: Job processing started job_id="eoa_0x1234_137" lease_token="1790450446_eoa_0x1234_137_1_C54P09jk67mUZPVFsQJgl" worker_count=1
2026-09-26T19:20:46.283131Z  WARN prune_race_condition: Job processing started job_id="eoa_0x1234_137" lease_token="1790450446_eoa_0x1234_137_1_dcV6e-nZ_9kJ7W9T4WO7P" worker_count=1
2026-09-26T19:20:46.384066Z  WARN prune_race_condition: Job processing started job_id="eoa_0x1234_137" lease_token="1790450446_eoa_0x1234_137_1_0bfqkVpA_p-5cLP1LcpYK" worker_count=1
2026-09-26T19:20:46.482800Z  WARN prune_race_condition: Job processing started job_id="eoa_0x1234_137" lease_token="1790450446_eoa_0x1234_137_1_o_MZpQVfWCot_wn_r5S0h" worker_count=1
2026-09-26T19:20:46.582588Z  WARN prune_race_condition: Job processing started job_id="eoa_0x1234_137" lease_token="1790450446_eoa_0x1234_137_1_DsPqptvmHA6aNzq140ca9" worker_count=1
2026-09-26T19:20:46.683861Z  WARN prune_race_condition: Job processing started job_id="eoa_0x1234_137" lease_token="1790450446_eoa_0x1234_137_1_zcJxFQl_KH4bOGJsmyrpr" worker_count=1
2026-09-26T19:20:46.782575Z  WARN prune_race_condition: Job processing started job_id="eoa_0x1234_137" lease_token="1790450446_eoa_0x1234_137_1_hV6b9hssi7-pKQcZInpeZ" worker_count=1
2026-09-26T19:20:46.882549Z  WARN prune_race_condition: Job processing started job_id="eoa_0x1234_137" lease_token="1790450446_eoa_0x1234_137_1_rwIz2iqkhOLrR-wQMvE6W" worker_count=1
2026-09-26T19:20:46.983748Z  WARN prune_race_condition: Job processing started job_id="eoa_0x1234_137" lease_token="1790450446_eoa_0x1234_137_1_Gj_0kjeS1IdniQSfBBbtZ" worker_count=1
2026-09-26T19:20:47.082190Z  WARN prune_race_condition: Job processing started job_id="eoa_0x1234_137" lease_token="1790450447_eoa_0x1234_137_1_IUqVIHQcAwX_uM_wSJioL" worker_count=1
2026-09-26T19:20:47.182064Z  WARN prune_race_condition: Job processing started job_id="eoa_0x1234_137" lease_token="1790450447_eoa_0x1234_137_1_qG0i7afkY3v-Lq4p2u626" worker_count=1
2026-09-26T19:20:47.282645Z  WARN prune_race_condition: Job processing started job_id="eoa_0x1234_137" lease_token="1790450447_eoa_0x1234_137_1_-lr6BVqiI2SkzsfW6zb51" worker_count=1
2026-09-26T19:20:47.383481Z  WARN prune_race_condition: Job processing started job_id="eoa_0x1234_137" lease_token="1790450447_eoa_0x1234_137_1_bG8VaqIpiClOCu4FJ6p4W" worker_count=1
2026-09-26T19:20:47.481781Z  WARN prune_race_condition: Job processing started job_id="eoa_0x1234_137" lease_token="1790450447_eoa_0x1234_137_1_3_d1sm0MLwB1av979iRUR" worker_count=1
2026-09-26T19:20:47.582712Z  WARN prune_race_condition: Job processing started job_id="eoa_0x1234_137" lease_token="1790450447_eoa_0x1234_137_1_4v049P681y7U_TXWs6ooq" worker_count=1
2026-09-26T19:20:47.682794Z  WARN prune_race_condition: Job processing started job_id="eoa_0x1234_137" lease_token="1790450447_eoa_0x1234_137_1_0ohUkVRMENx3myEQrzUIK" worker_count=1
2026-09-26T19:20:47.782112Z  WARN prune_race_condition: Job processing started job_id="eoa_0x1234_137" lease_token="1790450447_eoa_0x1234_137_1_edzP--MDveS8yV5ahQr3_" worker_count=1
2026-09-26T19:20:47.882684Z  WARN prune_race_condition: Job processing started job_id="eoa_0x1234_137" lease_token="1790450447_eoa_0x1234_137_1_L_5b8iw5ToIcsQS_8LChG" worker_count=1
2026-09-26T19:20:47.983425Z  WARN prune_race_condition: Job processing started job_id="eoa_0x1234_137" lease_token="1790450447_eoa_0x1234_137_1_PQExyeZHCeCU7ZGF2Rrw6" worker_count=1
2026-09-26T19:20:48.082062Z  WARN prune_race_condition: Job processing started job_id="eoa_0x1234_137" lease_token="1790450448_eoa_0x1234_137_1_2DnCOPQMd8qZ97_7j12W2" worker_count=1
2026-09-26T19:20:48.183317Z  WARN prune_race_condition: Job processing started job_id="eoa_0x1234_137" lease_token="1790450448_eoa_0x1234_137_1_By7nE9wcMruRNnpgvjaAH" worker_count=1
2026-09-26T19:20:48.283148Z  WARN prune_race_condition: Job processing started job_id="eoa_0x1234_137" lease_token="1790450448_eoa_0x1234_137_1_M_UMJTDl3oJui4NKbItbf" worker_count=1
2026-09-26T19:20:48.382264Z  WARN prune_race_condition: Job processing started job_id="eoa_0x1234_137" lease_token="1790450448_eoa_0x1234_137_1_N0CspPhl9RrR71Of8cYtD" worker_count=1
2026-09-26T19:20:48.483344Z  WARN prune_race_condition: Job processing started job_id="eoa_0x1234_137" lease_token="1790450448_eoa_0x1234_137_1_O5lP6ed29z7D_Q724DIXS" worker_count=1
2026-09-26T19:20:48.582826Z  WARN prune_race_condition: Job processing started job_id="eoa_0x1234_137" lease_token="1790450448_eoa_0x1234_137_1_wSVZ2L2Swc353kWQ3BNfI" worker_count=1
2026-09-26T19:20:48.682030Z  WARN prune_race_condition: Job processing started job_id="eoa_0x1234_137" lease_token="1790450448_eoa_0x1234_137_1_gy2Wwf4r3ceYNy40IqNSl" worker_count=1
2026-09-26T19:20:48.782887Z  WARN prune_race_condition: Job processing started job_id="eoa_0x1234_137" lease_token="1790450448_eoa_0x1234_137_1_aJMYM1GBXBH5lbh30Ft0O" worker_count=1
2026-09-26T19:20:48.883128Z  WARN prune_race_condition: Job processing started job_id="eoa_0x1234_137" lease_token="1790450448_eoa_0x1234_137_1_ngisK2BPgqvGZQqikLmcr" worker_count=1
2026-09-26T19:20:48.983588Z  WARN prune_race_condition: Job processing started job_id="eoa_0x1234_137" lease_token="1790450448_eoa_0x1234_137_1_dQdXlB_SOShMkzBrZEbnA" worker_count=1
2026-09-26T19:20:49.081821Z  WARN prune_race_condition: Job processing started job_id="eoa_0x1234_137" lease_token="1790450449_eoa_0x1234_137_1_LiJ9idRuC6NZaDAUpkdo6" worker_count=1
2026-09-26T19:20:49.181767Z  WARN prune_race_condition: Job processing started job_id="eoa_0x1234_137" lease_token="1790450449_eoa_0x1234_137_1_jmyluJK9qBbNmXDxBrCgC" worker_count=1
2026-09-26T19:20:49.234002Z  WARN prune_race_condition: Job processing started job_id="eoa_0x1234_137" lease_token="1790450449_eoa_0x1234_137_1_1WLz5mYxpEdTptHcYfmco" worker_count=1
2026-09-26T19:20:49.383571Z  WARN prune_race_condition: Job processing started job_id="eoa_0x1234_137" lease_token="1790450449_eoa_0x1234_137_1_ng5ohuvtol63f_aai63fW" worker_count=1
2026-09-26T19:20:49.483470Z  WARN prune_race_condition: Job processing started job_id="eoa_0x1234_137" lease_token="1790450449_eoa_0x1234_137_1_Wm-zY-zhA64EsrrhEaIZg" worker_count=1
2026-09-26T19:20:49.581853Z  WARN prune_race_condition: Job processing started job_id="eoa_0x1234_137" lease_token="1790450449_eoa_0x1234_137_1_DE3uHmF4hyl8XLE98mvwy" worker_count=1
2026-09-26T19:20:49.682876Z  WARN prune_race_condition: Job processing started job_id="eoa_0x1234_137" lease_token="1790450449_eoa_0x1234_137_1_xAXq4Df5ERqYLNFCgZOXF" worker_count=1
2026-09-26T19:20:49.783449Z  WARN prune_race_condition: Job processing started job_id="eoa_0x1234_137" lease_token="1790450449_eoa_0x1234_137_1_f_P-xvHxseP6eMxU93EWo" worker_count=1
2026-09-26T19:20:49.883243Z  WARN prune_race_condition: Job processing started job_id="eoa_0x1234_137" lease_token="1790450449_eoa_0x1234_137_1_ipvdUB-v3b0FrQJ-LZcyC" worker_count=1
2026-09-26T19:20:49.983272Z  WARN prune_race_condition: Job processing started job_id="eoa_0x1234_137" lease_token="1790450449_eoa_0x1234_137_1_g0KfD4nR1If7RFUI2GqC8" worker_count=1
2026-09-26T19:20:50.083354Z  WARN prune_race_condition: Job processing started job_id="eoa_0x1234_137" lease_token="1790450450_eoa_0x1234_137_1_ASheFIjWiBygCQIXUiF4H" worker_count=1
2026-09-26T19:20:50.182136Z  WARN prune_race_condition: Job processing started job_id="eoa_0x1234_137" lease_token="1790450450_eoa_0x1234_137_1_4rTXjWWlFqKjGkLSxYwdE" worker_count=1
2026-09-26T19:20:50.283118Z  WARN prune_race_condition: Job processing started job_id="eoa_0x1234_137" lease_token="1790450450_eoa_0x1234_137_1_X3Mfh3D9jhFBf2Yf7rgfp" worker_count=1
2026-09-26T19:20:50.383106Z  WARN prune_race_condition: Job processing started job_id="eoa_0x1234_137" lease_token="1790450450_eoa_0x1234_137_1_95N5jIaOx5r6zsjKDVtAw" worker_count=1
2026-09-26T19:20:50.482293Z  WARN prune_race_condition: Job processing started job_id="eoa_0x1234_137" lease_token="1790450450_eoa_0x1234_137_1_HVrG5Esl7VTehkIFGWHRl" worker_count=1
2026-09-26T19:20:50.583229Z  WARN prune_race_condition: Job processing started job_id="eoa_0x1234_137" lease_token="1790450450_eoa_0x1234_137_1_3bp8_K_8b0nED8IFmUB4-" worker_count=1
2026-09-26T19:20:50.683220Z  WARN prune_race_condition: Job processing started job_id="eoa_0x1234_137" lease_token="1790450450_eoa_0x1234_137_1_rWDgHUcw5ehBQSH2v5vNC" worker_count=1
2026-09-26T19:20:50.782602Z  WARN prune_race_condition: Job processing started job_id="eoa_0x1234_137" lease_token="1790450450_eoa_0x1234_137_1_7or7OchsJ9pKGA9YvVHAD" worker_count=1
2026-09-26T19:20:50.882540Z  WARN prune_race_condition: Job processing started job_id="eoa_0x1234_137" lease_token="1790450450_eoa_0x1234_137_1_wTNv6tVM7AZ002H2ZqNWK" worker_count=1
2026-09-26T19:20:50.983558Z  WARN prune_race_condition: Job processing started job_id="eoa_0x1234_137" lease_token="1790450450_eoa_0x1234_137_1_HxzWdfpRdKj7TFwr0YeMm" worker_count=1
2026-09-26T19:20:51.082317Z  WARN prune_race_condition: Job processing started job_id="eoa_0x1234_137" lease_token="1790450451_eoa_0x1234_137_1_uc9972iUBWC3PNI_XmnqG" worker_count=1
2026-09-26T19:20:51.183352Z  WARN prune_race_condition: Job processing started job_id="eoa_0x1234_137" lease_token="1790450451_eoa_0x1234_137_1_WKqWbF4Kc3HqXilgAZhiQ" worker_count=1
2026-09-26T19:20:51.283393Z  WARN prune_race_condition: Job processing started job_id="eoa_0x1234_137" lease_token="1790450451_eoa_0x1234_137_1_Z2bcS41f7FjjNNw1VPvAk" worker_count=1
2026-09-26T19:20:51.383445Z  WARN prune_race_condition: Job processing started job_id="eoa_0x1234_137" lease_token="1790450451_eoa_0x1234_137_1_0cU6emqCeMqdh42Z4vRLC" worker_count=1
2026-09-26T19:20:51.482189Z  WARN prune_race_condition: Job processing started job_id="eoa_0x1234_137" lease_token="1790450451_eoa_0x1234_137_1_6O2qMk30CqX_xxAvW3CXU" worker_count=1
2026-09-26T19:20:51.535169Z  WARN prune_race_condition: Job processing started job_id="eoa_0x1234_137" lease_token="1790450451_eoa_0x1234_137_1__iJelMM9JnWi_-RxAPiRw" worker_count=1
2026-09-26T19:20:51.683078Z  WARN prune_race_condition: Job processing started job_id="eoa_0x1234_137" lease_token="1790450451_eoa_0x1234_137_1_BKgEysLyAqaC85T-DdZzr" worker_count=1
2026-09-26T19:20:51.782305Z  WARN prune_race_condition: Job processing started job_id="eoa_0x1234_137" lease_token="1790450451_eoa_0x1234_137_1_gpEN4hv1I7Rhv2SrdOIOQ" worker_count=1
2026-09-26T19:20:51.834832Z  WARN prune_race_condition: Job processing started job_id="eoa_0x1234_137" lease_token="1790450451_eoa_0x1234_137_1_BuakNEHoSgkVmskeEVMU-" worker_count=1
2026-09-26T19:20:51.983381Z  WARN prune_race_condition: Job processing started job_id="eoa_0x1234_137" lease_token="1790450451_eoa_0x1234_137_1_djCH2iZtsnq0BKhiJD_cM" worker_count=1
2026-09-26T19:20:52.035859Z  WARN prune_race_condition: Job processing started job_id="eoa_0x1234_137" lease_token="1790450452_eoa_0x1234_137_1_etZWOnP9AjTTeFVT2LLgx" worker_count=1
2026-09-26T19:20:52.183265Z  WARN prune_race_condition: Job processing started job_id="eoa_0x1234_137" lease_token="1790450452_eoa_0x1234_137_1_ayqMko4alOBil7nJHpfRz" worker_count=1
2026-09-26T19:20:52.283496Z  WARN prune_race_condition: Job processing started job_id="eoa_0x1234_137" lease_token="1790450452_eoa_0x1234_137_1_FTuDPgm7Joiczftt71jYc" worker_count=1
2026-09-26T19:20:52.383810Z  WARN prune_race_condition: Job processing started job_id="eoa_0x1234_137" lease_token="1790450452_eoa_0x1234_137_1_CphLRSFwV4rFTMILQ824a" worker_count=1
2026-09-26T19:20:52.483673Z  WARN prune_race_condition: Job processing started job_id="eoa_0x1234_137" lease_token="1790450452_eoa_0x1234_137_1_fB3PKqsyEAGZTzmCYswyh" worker_count=1
2026-09-26T19:20:52.581912Z  WARN prune_race_condition: Job processing started job_id="eoa_0x1234_137" lease_token="1790450452_eoa_0x1234_137_1_UtXHdFbcrHcI1Z9XCwbbC" worker_count=1
2026-09-26T19:20:52.682206Z  WARN prune_race_condition: Job processing started job_id="eoa_0x1234_137" lease_token="1790450452_eoa_0x1234_137_1_SNiug7MjqPkBve3Bm8_NH" worker_count=1
2026-09-26T19:20:52.782072Z  WARN prune_race_condition: Job processing started job_id="eoa_0x1234_137" lease_token="1790450452_eoa_0x1234_137_1_-AeL_P0SxqpfXoNvfyT1w" worker_count=1
2026-09-26T19:20:52.882912Z  WARN prune_race_condition: Job processing started job_id="eoa_0x1234_137" lease_token="1790450452_eoa_0x1234_137_1_usDggHvDIoBRkkK9XqyG_" worker_count=1
2026-09-26T19:20:52.983189Z  WARN prune_race_condition: Job processing started job_id="eoa_0x1234_137" lease_token="1790450452_eoa_0x1234_137_1_Hs2YGmclJMHfSJpw5J5im" worker_count=1
2026-09-26T19:20:53.083977Z  WARN prune_race_condition: Job processing started job_id="eoa_0x1234_137" lease_token="1790450453_eoa_0x1234_137_1_vr0HYvisQskJIfJfm_CKc" worker_count=1
2026-09-26T19:20:53.183261Z  WARN prune_race_condition: Job processing started job_id="eoa_0x1234_137" lease_token="1790450453_eoa_0x1234_137_1_vFj9dHgaIZPNPRigTTu-8" worker_count=1
2026-09-26T19:20:53.236163Z  WARN prune_race_condition: Job processing started job_id="eoa_0x1234_137" lease_token="1790450453_eoa_0x1234_137_1_Atsb9CwtY2r6XaNB5jLvA" worker_count=1
2026-09-26T19:20:53.382785Z  WARN prune_race_condition: Job processing started job_id="eoa_0x1234_137" lease_token="1790450453_eoa_0x1234_137_1_F_UpyttmlbGlB8U1awMHD" worker_count=1
2026-09-26T19:20:53.482750Z  WARN prune_race_condition: Job processing started job_id="eoa_0x1234_137" lease_token="1790450453_eoa_0x1234_137_1_H3DnRECwSEcuz7n9i-Zcz" worker_count=1
2026-09-26T19:20:53.584037Z  WARN prune_race_condition: Job processing started job_id="eoa_0x1234_137" lease_token="1790450453_eoa_0x1234_137_1_OgCvUw1fJiNPxvROdlDOL" worker_count=1
2026-09-26T19:20:53.681856Z  WARN prune_race_condition: Job processing started job_id="eoa_0x1234_137" lease_token="1790450453_eoa_0x1234_137_1_zvNDlbgHnRLcY3UkuuD6t" worker_count=1
2026-09-26T19:20:53.782889Z  WARN prune_race_condition: Job processing started job_id="eoa_0x1234_137" lease_token="1790450453_eoa_0x1234_137_1_nzMV4kd7Yu9c2Zh2B_zxG" worker_count=1
2026-09-26T19:20:53.882824Z  WARN prune_race_condition: Job processing started job_id="eoa_0x1234_137" lease_token="1790450453_eoa_0x1234_137_1_qD3rTR2a5rlLL7uDzSlV3" worker_count=1
2026-09-26T19:20:53.981919Z  WARN prune_race_condition: Job processing started job_id="eoa_0x1234_137" lease_token="1790450453_eoa_0x1234_137_1_sWJGj38XBGfOg_qyd2bne" worker_count=1
2026-09-26T19:20:54.083157Z  WARN prune_race_condition: Job processing started job_id="eoa_0x1234_137" lease_token="1790450454_eoa_0x1234_137_1_bb48zKssfIFKnDu4RwRKo" worker_count=1
2026-09-26T19:20:54.182790Z  WARN prune_race_condition: Job processing started job_id="eoa_0x1234_137" lease_token="1790450454_eoa_0x1234_137_1_eZEsiNpKrNJEC9O0s4VCR" worker_count=1
2026-09-26T19:20:54.282632Z  WARN prune_race_condition: Job processing started job_id="eoa_0x1234_137" lease_token="1790450454_eoa_0x1234_137_1_7XBbhXsl2WmdfG6G3nQn7" worker_count=1
2026-09-26T19:20:54.382776Z  WARN prune_race_condition: Job processing started job_id="eoa_0x1234_137" lease_token="1790450454_eoa_0x1234_137_1_K06Zcp7CtmktVN--KU_Xr" worker_count=1
2026-09-26T19:20:54.482834Z  WARN prune_race_condition: Job processing started job_id="eoa_0x1234_137" lease_token="1790450454_eoa_0x1234_137_1_5FufHtPWlfxKpHxO4uttK" worker_count=1
2026-09-26T19:20:54.582219Z  WARN prune_race_condition: Job processing started job_id="eoa_0x1234_137" lease_token="1790450454_eoa_0x1234_137_1_qD9Zc44RTS73Dl1pI9CLc" worker_count=1
2026-09-26T19:20:54.634986Z  WARN prune_race_condition: Job processing started job_id="eoa_0x1234_137" lease_token="1790450454_eoa_0x1234_137_1_htsDsEAqqP15Am9_AIKyc" worker_count=1
2026-09-26T19:20:54.783961Z  WARN prune_race_condition: Job processing started job_id="eoa_0x1234_137" lease_token="1790450454_eoa_0x1234_137_1_hsVKCZwOsm1B4utLpdhCX" worker_count=1
2026-09-26T19:20:54.883028Z  WARN prune_race_condition: Job processing started job_id="eoa_0x1234_137" lease_token="1790450454_eoa_0x1234_137_1_oLDNCn0BNwcp7E7b28tR6" worker_count=1
2026-09-26T19:20:54.983725Z  WARN prune_race_condition: Job processing started job_id="eoa_0x1234_137" lease_token="1790450454_eoa_0x1234_137_1_dfwkuXt8-M5UWu2XAVK5c" worker_count=1
2026-09-26T19:20:55.082337Z  WARN prune_race_condition: Job processing started job_id="eoa_0x1234_137" lease_token="1790450455_eoa_0x1234_137_1_3FpeLwfqxSiLhzqcyEleU" worker_count=1
2026-09-26T19:20:55.182505Z  WARN prune_race_condition: Job processing started job_id="eoa_0x1234_137" lease_token="1790450455_eoa_0x1234_137_1_gfJzacjG5ooUcSC97hiWV" worker_count=1
2026-09-26T19:20:55.283524Z  WARN prune_race_condition: Job processing started job_id="eoa_0x1234_137" lease_token="1790450455_eoa_0x1234_137_1_WlzezD8RYonMuvm1FNu-z" worker_count=1
2026-09-26T19:20:55.382130Z  WARN prune_race_condition: Job processing started job_id="eoa_0x1234_137" lease_token="1790450455_eoa_0x1234_137_1_dNC7PmOVSHqedr2biryEg" worker_count=1
2026-09-26T19:20:55.482924Z  WARN prune_race_condition: Job processing started job_id="eoa_0x1234_137" lease_token="1790450455_eoa_0x1234_137_1_bHKY53Z3SM44V8xF7Idh5" worker_count=1
2026-09-26T19:20:55.583667Z  WARN prune_race_condition: Job processing started job_id="eoa_0x1234_137" lease_token="1790450455_eoa_0x1234_137_1_CL4X2bzSvqXuxzhVskvhM" worker_count=1
2026-09-26T19:20:55.682525Z  WARN prune_race_condition: Job processing started job_id="eoa_0x1234_137" lease_token="1790450455_eoa_0x1234_137_1_tarVl48wsdHwXjgniqMeT" worker_count=1
2026-09-26T19:20:55.782589Z  WARN prune_race_condition: Job processing started job_id="eoa_0x1234_137" lease_token="1790450455_eoa_0x1234_137_1_ZByRds11EbigbEPLpQtBB" worker_count=1
2026-09-26T19:20:55.882802Z  WARN prune_race_condition: Job processing started job_id="eoa_0x1234_137" lease_token="1790450455_eoa_0x1234_137_1_8OXAyA-KUQgWxr0jVR3es" worker_count=1
2026-09-26T19:20:55.983395Z  WARN prune_race_condition: Job processing started job_id="eoa_0x1234_137" lease_token="1790450455_eoa_0x1234_137_1_qSFjdhxbuY-I0UUu3P92w" worker_count=1
2026-09-26T19:20:56.082767Z  WARN prune_race_condition: Job processing started job_id="eoa_0x1234_137" lease_token="1790450456_eoa_0x1234_137_1__H1-NBZgQ66iSwouIy4ok" worker_count=1
2026-09-26T19:20:56.182593Z  WARN prune_race_condition: Job processing started job_id="eoa_0x1234_137" lease_token="1790450456_eoa_0x1234_137_1_QEJ-3VuGPEAqJyxRoK6cC" worker_count=1
2026-09-26T19:20:56.284397Z  WARN prune_race_condition: Job processing started job_id="eoa_0x1234_137" lease_token="1790450456_eoa_0x1234_137_1_Ipe93_38fV2mrwYvbRqyy" worker_count=1
2026-09-26T19:20:56.384013Z  WARN prune_race_condition: Job processing started job_id="eoa_0x1234_137" lease_token="1790450456_eoa_0x1234_137_1_6TZG0xX12QmowCZRKG8rE" worker_count=1
2026-09-26T19:20:56.482931Z  WARN prune_race_condition: Job processing started job_id="eoa_0x1234_137" lease_token="1790450456_eoa_0x1234_137_1_FiKTcDE93EITTQuhwBSNQ" worker_count=1
2026-09-26T19:20:56.582878Z  WARN prune_race_condition: Job processing started job_id="eoa_0x1234_137" lease_token="1790450456_eoa_0x1234_137_1_IO-zBSfdoJ4rqS6kIpuXK" worker_count=1
2026-09-26T19:20:56.682873Z  WARN prune_race_condition: Job processing started job_id="eoa_0x1234_137" lease_token="1790450456_eoa_0x1234_137_1_IampbJQi1L0hzJBFV-K3P" worker_count=1
2026-09-26T19:20:56.736276Z  WARN prune_race_condition: Job processing started job_id="eoa_0x1234_137" lease_token="1790450456_eoa_0x1234_137_1_6z79V1nWFOYKrNPfSci15" worker_count=1
2026-09-26T19:20:56.882769Z  WARN prune_race_condition: Job processing started job_id="eoa_0x1234_137" lease_token="1790450456_eoa_0x1234_137_1_FqU0CScz_YfBRQZC6BAwJ" worker_count=1
2026-09-26T19:20:56.983820Z  WARN prune_race_condition: Job processing started job_id="eoa_0x1234_137" lease_token="1790450456_eoa_0x1234_137_1__6vjJwaRaX3u1B-gNGg2i" worker_count=1
2026-09-26T19:20:57.082585Z  WARN prune_race_condition: Job processing started job_id="eoa_0x1234_137" lease_token="1790450457_eoa_0x1234_137_1_lZNEsiQM6asGSCU-3ARUt" worker_count=1
2026-09-26T19:20:57.183890Z  WARN prune_race_condition: Job processing started job_id="eoa_0x1234_137" lease_token="1790450457_eoa_0x1234_137_1_IZ1vbzZaM7zsvArUIvmly" worker_count=1
2026-09-26T19:20:57.282183Z  WARN prune_race_condition: Job processing started job_id="eoa_0x1234_137" lease_token="1790450457_eoa_0x1234_137_1_2Ju7ntTHy-lZTfr9TJblo" worker_count=1
2026-09-26T19:20:57.382325Z  WARN prune_race_condition: Job processing started job_id="eoa_0x1234_137" lease_token="1790450457_eoa_0x1234_137_1_bMHcYJ7KtIWmnq58nzxQo" worker_count=1
2026-09-26T19:20:57.482989Z  WARN prune_race_condition: Job processing started job_id="eoa_0x1234_137" lease_token="1790450457_eoa_0x1234_137_1_ks0tHt-F1fiGTdOoP3f6K" worker_count=1
2026-09-26T19:20:57.584195Z  WARN prune_race_condition: Job processing started job_id="eoa_0x1234_137" lease_token="1790450457_eoa_0x1234_137_1_pbWx7s4UUE_ND523DZxUR" worker_count=1
2026-09-26T19:20:57.682602Z  WARN prune_race_condition: Job processing started job_id="eoa_0x1234_137" lease_token="1790450457_eoa_0x1234_137_1_IHg-ZJ889p50zFHsIHMje" worker_count=1
2026-09-26T19:20:57.783853Z  WARN prune_race_condition: Job processing started job_id="eoa_0x1234_137" lease_token="1790450457_eoa_0x1234_137_1_iOd1dQ7ZcRdabD7ELQCPf" worker_count=1
2026-09-26T19:20:57.883466Z  WARN prune_race_condition: Job processing started job_id="eoa_0x1234_137" lease_token="1790450457_eoa_0x1234_137_1_MwGMyzdPqb7B-MA6mC9it" worker_count=1
2026-09-26T19:20:57.982272Z  WARN prune_race_condition: Job processing started job_id="eoa_0x1234_137" lease_token="1790450457_eoa_0x1234_137_1_S11c2Z_Gcb4wj3nYfAf4e" worker_count=1
2026-09-26T19:20:58.083309Z  WARN prune_race_condition: Job processing started job_id="eoa_0x1234_137" lease_token="1790450458_eoa_0x1234_137_1_UA8_-vKHpqelaBhttdETF" worker_count=1
2026-09-26T19:20:58.182321Z  WARN prune_race_condition: Job processing started job_id="eoa_0x1234_137" lease_token="1790450458_eoa_0x1234_137_1_ClIJ1iaYvwhQaRBnEMcum" worker_count=1
2026-09-26T19:20:58.283776Z  WARN prune_race_condition: Job processing started job_id="eoa_0x1234_137" lease_token="1790450458_eoa_0x1234_137_1_YIJZaf4i1z8Kbhr2LNoCT" worker_count=1
2026-09-26T19:20:58.382884Z  WARN prune_race_condition: Job processing started job_id="eoa_0x1234_137" lease_token="1790450458_eoa_0x1234_137_1_n_ROJiArqztP2kuZz08-2" worker_count=1
2026-09-26T19:20:58.483751Z  WARN prune_race_condition: Job processing started job_id="eoa_0x1234_137" lease_token="1790450458_eoa_0x1234_137_1_i4hvQmLDV-Ks1VOqzTdKC" worker_count=1
2026-09-26T19:20:58.583642Z  WARN prune_race_condition: Job processing started job_id="eoa_0x1234_137" lease_token="1790450458_eoa_0x1234_137_1_CwrThxUt0lzVJX8yQGy3n" worker_count=1
2026-09-26T19:20:58.682248Z  WARN prune_race_condition: Job processing started job_id="eoa_0x1234_137" lease_token="1790450458_eoa_0x1234_137_1_NUpnc-38ZOPbsDTuYfbIO" worker_count=1
2026-09-26T19:20:58.783184Z  WARN prune_race_condition: Job processing started job_id="eoa_0x1234_137" lease_token="1790450458_eoa_0x1234_137_1_1IIwSuhwjagQ1BR0fjZx7" worker_count=1
2026-09-26T19:20:58.882382Z  WARN prune_race_condition: Job processing started job_id="eoa_0x1234_137" lease_token="1790450458_eoa_0x1234_137_1_TxOeIvQBbyRRAiyBLiEns" worker_count=1
2026-09-26T19:20:58.982611Z  WARN prune_race_condition: Job processing started job_id="eoa_0x1234_137" lease_token="1790450458_eoa_0x1234_137_1_8os9z2Ow4Qg7rHVweNudk" worker_count=1
2026-09-26T19:20:59.083222Z  WARN prune_race_condition: Job processing started job_id="eoa_0x1234_137" lease_token="1790450459_eoa_0x1234_137_1_APX6jvU0LMvSYUJYEmy4z" worker_count=1
2026-09-26T19:20:59.183527Z  WARN prune_race_condition: Job processing started job_id="eoa_0x1234_137" lease_token="1790450459_eoa_0x1234_137_1_snxFEH8LM6a1FVwLJ3-CW" worker_count=1
2026-09-26T19:20:59.283308Z  WARN prune_race_condition: Job processing started job_id="eoa_0x1234_137" lease_token="1790450459_eoa_0x1234_137_1_6Xi3-7R786SLhzI-xhBti" worker_count=1
2026-09-26T19:20:59.383291Z  WARN prune_race_condition: Job processing started job_id="eoa_0x1234_137" lease_token="1790450459_eoa_0x1234_137_1_jUhV4GqLI9YmEA2WyLJ-w" worker_count=1
2026-09-26T19:20:59.482214Z  WARN prune_race_condition: Job processing started job_id="eoa_0x1234_137" lease_token="1790450459_eoa_0x1234_137_1_QW5GZXTMGdHOmisHUa76h" worker_count=1
2026-09-26T19:20:59.583237Z  WARN prune_race_condition: Job processing started job_id="eoa_0x1234_137" lease_token="1790450459_eoa_0x1234_137_1_NsAO_vW_Xj8PVfQf0OcOl" worker_count=1
2026-09-26T19:20:59.683837Z  WARN prune_race_condition: Job processing started job_id="eoa_0x1234_137" lease_token="1790450459_eoa_0x1234_137_1_4BE7vXOahz73Nc_kmp2sy" worker_count=1
2026-09-26T19:20:59.781971Z  WARN prune_race_condition: Job processing started job_id="eoa_0x1234_137" lease_token="1790450459_eoa_0x1234_137_1_7l3LcOuA7COr6_0rDbPbq" worker_count=1
2026-09-26T19:20:59.882702Z  WARN prune_race_condition: Job processing started job_id="eoa_0x1234_137" lease_token="1790450459_eoa_0x1234_137_1_Rz0r-D4QOUPEGvOPjmvIT" worker_count=1
2026-09-26T19:20:59.982857Z  WARN prune_race_condition: Job processing started job_id="eoa_0x1234_137" lease_token="1790450459_eoa_0x1234_137_1_T2YZjr3XDMZzig2vzgJVa" worker_count=1
2026-09-26T19:21:00.083249Z  WARN prune_race_condition: Job processing started job_id="eoa_0x1234_137" lease_token="1790450460_eoa_0x1234_137_1_Q37gwugF5Fx2MQ4CcIEGX" worker_count=1
2026-09-26T19:21:00.183642Z  WARN prune_race_condition: Job processing started job_id="eoa_0x1234_137" lease_token="1790450460_eoa_0x1234_137_1_AdbtPGY4tf44kd50KkGCO" worker_count=1
2026-09-26T19:21:00.282955Z  WARN prune_race_condition: Job processing started job_id="eoa_0x1234_137" lease_token="1790450460_eoa_0x1234_137_1_8kCgkh7Q4XJILcYB8HOhe" worker_count=1
2026-09-26T19:21:00.382745Z  WARN prune_race_condition: Job processing started job_id="eoa_0x1234_137" lease_token="1790450460_eoa_0x1234_137_1_rOSLUio6VJVjmvai3mtzj" worker_count=1
2026-09-26T19:21:00.482771Z  WARN prune_race_condition: Job processing started job_id="eoa_0x1234_137" lease_token="1790450460_eoa_0x1234_137_1_GCd9yrGotgITGm8LjBGHa" worker_count=1
2026-09-26T19:21:00.584014Z  WARN prune_race_condition: Job processing started job_id="eoa_0x1234_137" lease_token="1790450460_eoa_0x1234_137_1_61CSd1tDV0oj__bGnhg33" worker_count=1
2026-09-26T19:21:00.682106Z  WARN prune_race_condition: Job processing started job_id="eoa_0x1234_137" lease_token="1790450460_eoa_0x1234_137_1_9NmDuRQlARgZ08Tm7UOHH" worker_count=1
2026-09-26T19:21:00.782396Z  WARN prune_race_condition: Job processing started job_id="eoa_0x1234_137" lease_token="1790450460_eoa_0x1234_137_1_jZ0Z2mmIKmCugv9HvFh7o" worker_count=1
2026-09-26T19:21:00.882249Z  WARN prune_race_condition: Job processing started job_id="eoa_0x1234_137" lease_token="1790450460_eoa_0x1234_137_1_dyhoPoFomhUAarOXN1rry" worker_count=1
2026-09-26T19:21:00.983936Z  WARN prune_race_condition: Job processing started job_id="eoa_0x1234_137" lease_token="1790450460_eoa_0x1234_137_1_tYJZQ5455NPI3JyhjYDYz" worker_count=1
2026-09-26T19:21:01.083019Z  WARN prune_race_condition: Job processing started job_id="eoa_0x1234_137" lease_token="1790450461_eoa_0x1234_137_1_Uxn5D2m-KTejFf1P6Bwaw" worker_count=1
2026-09-26T19:21:01.183442Z  WARN prune_race_condition: Job processing started job_id="eoa_0x1234_137" lease_token="1790450461_eoa_0x1234_137_1_qriMH_z2vNItK4Xir8uZl" worker_count=1
2026-09-26T19:21:01.236428Z  WARN prune_race_condition: Job processing started job_id="eoa_0x1234_137" lease_token="1790450461_eoa_0x1234_137_1_RlJFFZLNehxXT1Rh7l9YM" worker_count=1
2026-09-26T19:21:01.383319Z  WARN prune_race_condition: Job processing started job_id="eoa_0x1234_137" lease_token="1790450461_eoa_0x1234_137_1_4BCvr3DStfKGTr9qzNP-Y" worker_count=1
2026-09-26T19:21:01.483864Z  WARN prune_race_condition: Job processing started job_id="eoa_0x1234_137" lease_token="1790450461_eoa_0x1234_137_1_D9S9YU0w8RINQsDdEu-qH" worker_count=1
2026-09-26T19:21:01.582286Z  WARN prune_race_condition: Job processing started job_id="eoa_0x1234_137" lease_token="1790450461_eoa_0x1234_137_1__RuV0p-SvXgluENPPYg39" worker_count=1
2026-09-26T19:21:01.683018Z  WARN prune_race_condition: Job processing started job_id="eoa_0x1234_137" lease_token="1790450461_eoa_0x1234_137_1_9n2rDpUp2JTaeRSCYK1mi" worker_count=1
2026-09-26T19:21:01.784272Z  WARN prune_race_condition: Job processing started job_id="eoa_0x1234_137" lease_token="1790450461_eoa_0x1234_137_1_1n18WDbjMeYQYgH03MX_-" worker_count=1
2026-09-26T19:21:01.883380Z  WARN prune_race_condition: Job processing started job_id="eoa_0x1234_137" lease_token="1790450461_eoa_0x1234_137_1_csIFRCLhip-vy8PSISTjt" worker_count=1
2026-09-26T19:21:01.982817Z  WARN prune_race_condition: Job processing started job_id="eoa_0x1234_137" lease_token="1790450461_eoa_0x1234_137_1_vAB9v9_GqTfTM1e64dz_M" worker_count=1
2026-09-26T19:21:02.084055Z  WARN prune_race_condition: Job processing started job_id="eoa_0x1234_137" lease_token="1790450462_eoa_0x1234_137_1__Bf00UFEKLIt2c9u6XWDD" worker_count=1
2026-09-26T19:21:02.182239Z  WARN prune_race_condition: Job processing started job_id="eoa_0x1234_137" lease_token="1790450462_eoa_0x1234_137_1_SE7Ss9Oc08Fg8ilQkQ20A" worker_count=1
2026-09-26T19:21:02.283036Z  WARN prune_race_condition: Job processing started job_id="eoa_0x1234_137" lease_token="1790450462_eoa_0x1234_137_1_niC3KZAht5u4fBFz10H2Y" worker_count=1
2026-09-26T19:21:02.382808Z  WARN prune_race_condition: Job processing started job_id="eoa_0x1234_137" lease_token="1790450462_eoa_0x1234_137_1_TQxB38H1VFW16z3tDSfMV" worker_count=1
2026-09-26T19:21:02.482543Z  WARN prune_race_condition: Job processing started job_id="eoa_0x1234_137" lease_token="1790450462_eoa_0x1234_137_1_itzAqTjcpE6jbRf5kCqug" worker_count=1
2026-09-26T19:21:02.582623Z  WARN prune_race_condition: Job processing started job_id="eoa_0x1234_137" lease_token="1790450462_eoa_0x1234_137_1__oionu_kIbGHK80o-zBbC" worker_count=1
2026-09-26T19:21:02.682827Z  WARN prune_race_condition: Job processing started job_id="eoa_0x1234_137" lease_token="1790450462_eoa_0x1234_137_1_0jf74gRVdrb8aMbyPT1Qj" worker_count=1
2026-09-26T19:21:02.782880Z  WARN prune_race_condition: Job processing started job_id="eoa_0x1234_137" lease_token="1790450462_eoa_0x1234_137_1_9BkabW6ARq-Zu6Azyp5N1" worker_count=1
2026-09-26T19:21:02.882495Z  WARN prune_race_condition: Job processing started job_id="eoa_0x1234_137" lease_token="1790450462_eoa_0x1234_137_1_kQ_i4ILSmD_UGWpCWS1RW" worker_count=1
2026-09-26T19:21:02.982331Z  WARN prune_race_condition: Job processing started job_id="eoa_0x1234_137" lease_token="1790450462_eoa_0x1234_137_1_XMuh_QCe55nAgCOUexYXT" worker_count=1
2026-09-26T19:21:03.083765Z  WARN prune_race_condition: Job processing started job_id="eoa_0x1234_137" lease_token="1790450463_eoa_0x1234_137_1_o5gw9cdhRhzn7_6P5KCx4" worker_count=1
2026-09-26T19:21:03.182285Z  WARN prune_race_condition: Job processing started job_id="eoa_0x1234_137" lease_token="1790450463_eoa_0x1234_137_1_3fflS07R63eai0_5r-jab" worker_count=1
2026-09-26T19:21:03.283542Z  WARN prune_race_condition: Job processing started job_id="eoa_0x1234_137" lease_token="1790450463_eoa_0x1234_137_1_f21NfLXKGAZ898hPEQFQD" worker_count=1
2026-09-26T19:21:03.336521Z  WARN prune_race_condition: Job processing started job_id="eoa_0x1234_137" lease_token="1790450463_eoa_0x1234_137_1_w9q7gZz5BNvHW_iHZ7Jhq" worker_count=1
2026-09-26T19:21:03.483067Z  WARN prune_race_condition: Job processing started job_id="eoa_0x1234_137" lease_token="1790450463_eoa_0x1234_137_1_FVtAx-bSB8h0SWjF_oG7R" worker_count=1
2026-09-26T19:21:03.582991Z  WARN prune_race_condition: Job processing started job_id="eoa_0x1234_137" lease_token="1790450463_eoa_0x1234_137_1_nMU0q1mRwIIH4WM-8xRDh" worker_count=1
2026-09-26T19:21:03.636031Z  WARN prune_race_condition: Job processing started job_id="eoa_0x1234_137" lease_token="1790450463_eoa_0x1234_137_1_JF_qa20jBjhEao7pZTBGU" worker_count=1
2026-09-26T19:21:03.782840Z  WARN prune_race_condition: Job processing started job_id="eoa_0x1234_137" lease_token="1790450463_eoa_0x1234_137_1_ZdJAftkD_I5hSPiV43ZOc" worker_count=1
2026-09-26T19:21:03.883034Z  WARN prune_race_condition: Job processing started job_id="eoa_0x1234_137" lease_token="1790450463_eoa_0x1234_137_1_4A0vKBdnd8F93IrkWst9M" worker_count=1
2026-09-26T19:21:03.983856Z  WARN prune_race_condition: Job processing started job_id="eoa_0x1234_137" lease_token="1790450463_eoa_0x1234_137_1_jIhCM4Mvjnn2VaSeuilvx" worker_count=1
2026-09-26T19:21:04.083711Z  WARN prune_race_condition: Job processing started job_id="eoa_0x1234_137" lease_token="1790450464_eoa_0x1234_137_1_gAnEY6CG_7T89pi0nN4u2" worker_count=1
2026-09-26T19:21:04.184749Z  WARN prune_race_condition: Job processing started job_id="eoa_0x1234_137" lease_token="1790450464_eoa_0x1234_137_1_qB0-u4ena0fCEEGCdnSRt" worker_count=1
2026-09-26T19:21:04.282362Z  WARN prune_race_condition: Job processing started job_id="eoa_0x1234_137" lease_token="1790450464_eoa_0x1234_137_1_SyOeBwppktlDk2HDt7f3v" worker_count=1
2026-09-26T19:21:04.382871Z  WARN prune_race_condition: Job processing started job_id="eoa_0x1234_137" lease_token="1790450464_eoa_0x1234_137_1_wYfOm02aPNkoffV2L7CVy" worker_count=1
2026-09-26T19:21:04.483756Z  WARN prune_race_condition: Job processing started job_id="eoa_0x1234_137" lease_token="1790450464_eoa_0x1234_137_1_L3FE5qmo2tkG1QNKVRMQg" worker_count=1
2026-09-26T19:21:04.584126Z  WARN prune_race_condition: Job processing started job_id="eoa_0x1234_137" lease_token="1790450464_eoa_0x1234_137_1_zDNEpQ368PODM12XXTACt" worker_count=1
2026-09-26T19:21:04.682264Z  WARN prune_race_condition: Job processing started job_id="eoa_0x1234_137" lease_token="1790450464_eoa_0x1234_137_1_4dxgbHOmbDJxt-YfhE3P_" worker_count=1
2026-09-26T19:21:04.782057Z  WARN prune_race_condition: Job processing started job_id="eoa_0x1234_137" lease_token="1790450464_eoa_0x1234_137_1_Q98ZM4cfM3fWl_-Znoqsb" worker_count=1
2026-09-26T19:21:04.882716Z  WARN prune_race_condition: Job processing started job_id="eoa_0x1234_137" lease_token="1790450464_eoa_0x1234_137_1_hL8Vt3P6YSjnqk9vWZmfL" worker_count=1
2026-09-26T19:21:04.983572Z  WARN prune_race_condition: Job processing started job_id="eoa_0x1234_137" lease_token="1790450464_eoa_0x1234_137_1_R-SR7iWAS2IRjmItPiKc7" worker_count=1
2026-09-26T19:21:05.083243Z  WARN prune_race_condition: Job processing started job_id="eoa_0x1234_137" lease_token="1790450465_eoa_0x1234_137_1_AlY7oJksEXCqyMbZsBDhu" worker_count=1
2026-09-26T19:21:05.183170Z  WARN prune_race_condition: Job processing started job_id="eoa_0x1234_137" lease_token="1790450465_eoa_0x1234_137_1_AuWDi5csAw8teE4Bnkxp6" worker_count=1
2026-09-26T19:21:05.283250Z  WARN prune_race_condition: Job processing started job_id="eoa_0x1234_137" lease_token="1790450465_eoa_0x1234_137_1_2GWckbAw2FCCPstcxn2GB" worker_count=1
2026-09-26T19:21:05.382868Z  WARN prune_race_condition: Job processing started job_id="eoa_0x1234_137" lease_token="1790450465_eoa_0x1234_137_1_wJRnsV_63oG3OxQev7kSZ" worker_count=1
2026-09-26T19:21:05.483999Z  WARN prune_race_condition: Job processing started job_id="eoa_0x1234_137" lease_token="1790450465_eoa_0x1234_137_1_Nok-C8YlDAHo7pTcrorLM" worker_count=1
2026-09-26T19:21:05.582620Z  WARN prune_race_condition: Job processing started job_id="eoa_0x1234_137" lease_token="1790450465_eoa_0x1234_137_1_pB0JFaP_ECgSXnUw8mAXU" worker_count=1
2026-09-26T19:21:05.682488Z  WARN prune_race_condition: Job processing started job_id="eoa_0x1234_137" lease_token="1790450465_eoa_0x1234_137_1_vV58QdGRJ8J4qO0jlh4hT" worker_count=1
2026-09-26T19:21:05.783122Z  WARN prune_race_condition: Job processing started job_id="eoa_0x1234_137" lease_token="1790450465_eoa_0x1234_137_1_Iy_GKv1JENzqRMdPydYLC" worker_count=1
2026-09-26T19:21:05.883916Z  WARN prune_race_condition: Job processing started job_id="eoa_0x1234_137" lease_token="1790450465_eoa_0x1234_137_1_qXu9PlHQDm4JWO8dLh_oX" worker_count=1
2026-09-26T19:21:05.983714Z  WARN prune_race_condition: Job processing started job_id="eoa_0x1234_137" lease_token="1790450465_eoa_0x1234_137_1_c-OMaB-WwaYNtablC9VSF" worker_count=1
2026-09-26T19:21:06.082786Z  WARN prune_race_condition: Job processing started job_id="eoa_0x1234_137" lease_token="1790450466_eoa_0x1234_137_1_X2E40mvMZzWqes8E8YmQm" worker_count=1
2026-09-26T19:21:06.183008Z  WARN prune_race_condition: Job processing started job_id="eoa_0x1234_137" lease_token="1790450466_eoa_0x1234_137_1_IBg5nkyd1fxhLZxGLWce0" worker_count=1
2026-09-26T19:21:06.282610Z  WARN prune_race_condition: Job processing started job_id="eoa_0x1234_137" lease_token="1790450466_eoa_0x1234_137_1_VW6zXSBEnR5x-NWkO5QFT" worker_count=1
2026-09-26T19:21:06.383042Z  WARN prune_race_condition: Job processing started job_id="eoa_0x1234_137" lease_token="1790450466_eoa_0x1234_137_1_gECB3rlo5IStLK4hH36Gx" worker_count=1
2026-09-26T19:21:06.483081Z  WARN prune_race_condition: Job processing started job_id="eoa_0x1234_137" lease_token="1790450466_eoa_0x1234_137_1_ktCuqljBuG49ljWwbhRa_" worker_count=1
2026-09-26T19:21:06.583502Z  WARN prune_race_condition: Job processing started job_id="eoa_0x1234_137" lease_token="1790450466_eoa_0x1234_137_1_TkuEf_Zs5OF7vXWOFelC_" worker_count=1
2026-09-26T19:21:06.683325Z  WARN prune_race_condition: Job processing started job_id="eoa_0x1234_137" lease_token="1790450466_eoa_0x1234_137_1_DsUNVSl8ywny4XJrYhFVO" worker_count=1
2026-09-26T19:21:06.782052Z  WARN prune_race_condition: Job processing started job_id="eoa_0x1234_137" lease_token="1790450466_eoa_0x1234_137_1_3LkDTfx2TvMim6iViYpZS" worker_count=1
2026-09-26T19:21:06.882737Z  WARN prune_race_condition: Job processing started job_id="eoa_0x1234_137" lease_token="1790450466_eoa_0x1234_137_1_H9_Oci5hfzxldKTqDQ-53" worker_count=1
2026-09-26T19:21:06.983816Z  WARN prune_race_condition: Job processing started job_id="eoa_0x1234_137" lease_token="1790450466_eoa_0x1234_137_1_UyVJ5W70C9KjGr67b8Eq6" worker_count=1
2026-09-26T19:21:07.036183Z  WARN prune_race_condition: Job processing started job_id="eoa_0x1234_137" lease_token="1790450467_eoa_0x1234_137_1_94yhyuq0MKFFCD9Ib68nu" worker_count=1
2026-09-26T19:21:07.182591Z  WARN prune_race_condition: Job processing started job_id="eoa_0x1234_137" lease_token="1790450467_eoa_0x1234_137_1_I-qTkFN_s0uj9XOx_cibi" worker_count=1
2026-09-26T19:21:07.283454Z  WARN prune_race_condition: Job processing started job_id="eoa_0x1234_137" lease_token="1790450467_eoa_0x1234_137_1_Yy9vR5CS6lCEBEzWoYO5c" worker_count=1
2026-09-26T19:21:07.336706Z  WARN prune_race_condition: Job processing started job_id="eoa_0x1234_137" lease_token="1790450467_eoa_0x1234_137_1_pgGZwvijM7dr-_ykKtY5u" worker_count=1
2026-09-26T19:21:07.482671Z  WARN prune_race_condition: Job processing started job_id="eoa_0x1234_137" lease_token="1790450467_eoa_0x1234_137_1_HUXh8JeLMuJA2trQES0Q_" worker_count=1
2026-09-26T19:21:07.582849Z  WARN prune_race_condition: Job processing started job_id="eoa_0x1234_137" lease_token="1790450467_eoa_0x1234_137_1_vw5CWAKDsZq6_XkY_bRik" worker_count=1
2026-09-26T19:21:07.683799Z  WARN prune_race_condition: Job processing started job_id="eoa_0x1234_137" lease_token="1790450467_eoa_0x1234_137_1_H0QWS_vbkFcySMLhd0A1v" worker_count=1
2026-09-26T19:21:07.782986Z  WARN prune_race_condition: Job processing started job_id="eoa_0x1234_137" lease_token="1790450467_eoa_0x1234_137_1_OlS1sWOteYB5P2Knoigmx" worker_count=1
2026-09-26T19:21:07.882253Z  WARN prune_race_condition: Job processing started job_id="eoa_0x1234_137" lease_token="1790450467_eoa_0x1234_137_1_4INwXCT0tPJt9ivTy6yYm" worker_count=1
2026-09-26T19:21:07.982413Z  WARN prune_race_condition: Job processing started job_id="eoa_0x1234_137" lease_token="1790450467_eoa_0x1234_137_1_YmBNsXuxRGEJL3e6iImX0" worker_count=1
2026-09-26T19:21:08.082597Z  WARN prune_race_condition: Job processing started job_id="eoa_0x1234_137" lease_token="1790450468_eoa_0x1234_137_1_RYMGfRd8ekFInn8k6IGkn" worker_count=1
2026-09-26T19:21:08.183595Z  WARN prune_race_condition: Job processing started job_id="eoa_0x1234_137" lease_token="1790450468_eoa_0x1234_137_1_A8GoA4ATvryvSezY0DAVa" worker_count=1
2026-09-26T19:21:08.236718Z  WARN prune_race_condition: Job processing started job_id="eoa_0x1234_137" lease_token="1790450468_eoa_0x1234_137_1_rj8eMpwnyDEfQLkTjolMI" worker_count=1
2026-09-26T19:21:08.383287Z  WARN prune_race_condition: Job processing started job_id="eoa_0x1234_137" lease_token="1790450468_eoa_0x1234_137_1_ZwyX8yboWMifbsOY-OjGf" worker_count=1
2026-09-26T19:21:08.483851Z  WARN prune_race_condition: Job processing started job_id="eoa_0x1234_137" lease_token="1790450468_eoa_0x1234_137_1_cYcpQkgoa1kJrodLi2p-y" worker_count=1
2026-09-26T19:21:08.582795Z  WARN prune_race_condition: Job processing started job_id="eoa_0x1234_137" lease_token="1790450468_eoa_0x1234_137_1_MyRnDy65RAaqWWbuQzibu" worker_count=1
2026-09-26T19:21:08.683855Z  WARN prune_race_condition: Job processing started job_id="eoa_0x1234_137" lease_token="1790450468_eoa_0x1234_137_1_HkH7bk-aw7eOU07mBjUAw" worker_count=1
2026-09-26T19:21:08.782350Z  WARN prune_race_condition: Job processing started job_id="eoa_0x1234_137" lease_token="1790450468_eoa_0x1234_137_1_7wPUqZq7zpufyI04E8gvH" worker_count=1
2026-09-26T19:21:08.883112Z  WARN prune_race_condition: Job processing started job_id="eoa_0x1234_137" lease_token="1790450468_eoa_0x1234_137_1_2TYVFiWqmNwgCV7_wNvCj" worker_count=1
2026-09-26T19:21:08.982103Z  WARN prune_race_condition: Job processing started job_id="eoa_0x1234_137" lease_token="1790450468_eoa_0x1234_137_1_8CBlPXqQT_1spAjXhvVZJ" worker_count=1
2026-09-26T19:21:09.082870Z  WARN prune_race_condition: Job processing started job_id="eoa_0x1234_137" lease_token="1790450469_eoa_0x1234_137_1_n2jXHpZc6QTQdn-U2lrdj" worker_count=1
2026-09-26T19:21:09.183002Z  WARN prune_race_condition: Job processing started job_id="eoa_0x1234_137" lease_token="1790450469_eoa_0x1234_137_1_gohK3pGzRPk3BlGDLw3Ue" worker_count=1
2026-09-26T19:21:09.282948Z  WARN prune_race_condition: Job processing started job_id="eoa_0x1234_137" lease_token="1790450469_eoa_0x1234_137_1_7x42rpt_OaDeToDIpJQGh" worker_count=1
2026-09-26T19:21:09.383703Z  WARN prune_race_condition: Job processing started job_id="eoa_0x1234_137" lease_token="1790450469_eoa_0x1234_137_1_pIzgghTQtCFZ0cxcBa1HV" worker_count=1
2026-09-26T19:21:09.483387Z  WARN prune_race_condition: Job processing started job_id="eoa_0x1234_137" lease_token="1790450469_eoa_0x1234_137_1_5mQ-ru3bloUAzmEXbrXqQ" worker_count=1
2026-09-26T19:21:09.583629Z  WARN prune_race_condition: Job processing started job_id="eoa_0x1234_137" lease_token="1790450469_eoa_0x1234_137_1_IUnFH53NX4qVOz7XTghoh" worker_count=1
2026-09-26T19:21:09.636640Z  WARN prune_race_condition: Job processing started job_id="eoa_0x1234_137" lease_token="1790450469_eoa_0x1234_137_1_c8BrvpG9vPuNbUTYn14LM" worker_count=1
2026-09-26T19:21:09.782664Z  WARN prune_race_condition: Job processing started job_id="eoa_0x1234_137" lease_token="1790450469_eoa_0x1234_137_1_2ogTieAZNPt8sKjdfNeEG" worker_count=1
2026-09-26T19:21:09.884365Z  WARN prune_race_condition: Job processing started job_id="eoa_0x1234_137" lease_token="1790450469_eoa_0x1234_137_1_J60I00rWQij8VA0sp55ra" worker_count=1
2026-09-26T19:21:09.983492Z  WARN prune_race_condition: Job processing started job_id="eoa_0x1234_137" lease_token="1790450469_eoa_0x1234_137_1_1-GVwPxHB88ij6c3NGabI" worker_count=1
2026-09-26T19:21:10.036158Z  WARN prune_race_condition: Job processing started job_id="eoa_0x1234_137" lease_token="1790450470_eoa_0x1234_137_1_d93IxZWNLR0i8OYr8bJWx" worker_count=1
2026-09-26T19:21:10.183428Z  WARN prune_race_condition: Job processing started job_id="eoa_0x1234_137" lease_token="1790450470_eoa_0x1234_137_1_d-vgTsABExyMrk1ICokRo" worker_count=1
2026-09-26T19:21:10.284208Z  WARN prune_race_condition: Job processing started job_id="eoa_0x1234_137" lease_token="1790450470_eoa_0x1234_137_1_qp2d2UzICcLH0KlcmBT5j" worker_count=1
2026-09-26T19:21:10.382517Z  WARN prune_race_condition: Job processing started job_id="eoa_0x1234_137" lease_token="1790450470_eoa_0x1234_137_1_GuVK0U9mnh4hDSHNA0pcU" worker_count=1
2026-09-26T19:21:10.483098Z  WARN prune_race_condition: Job processing started job_id="eoa_0x1234_137" lease_token="1790450470_eoa_0x1234_137_1_HEHtaqVmW-NyhZ1Kin_Lc" worker_count=1
2026-09-26T19:21:10.584671Z  WARN prune_race_condition: Job processing started job_id="eoa_0x1234_137" lease_token="1790450470_eoa_0x1234_137_1_Bea0b4DO5ayOS-H4N2Nqt" worker_count=1
2026-09-26T19:21:10.683916Z  WARN prune_race_condition: Job processing started job_id="eoa_0x1234_137" lease_token="1790450470_eoa_0x1234_137_1_0TQqqi5Ea8EFQjiivNBWZ" worker_count=1
2026-09-26T19:21:10.782503Z  WARN prune_race_condition: Job processing started job_id="eoa_0x1234_137" lease_token="1790450470_eoa_0x1234_137_1_C-jCvzySIWhGVb2v3VenR" worker_count=1
2026-09-26T19:21:10.883122Z  WARN prune_race_condition: Job processing started job_id="eoa_0x1234_137" lease_token="1790450470_eoa_0x1234_137_1_XAfQYbhkeNqXrPTbE5Xet" worker_count=1
2026-09-26T19:21:10.982393Z  WARN prune_race_condition: Job processing started job_id="eoa_0x1234_137" lease_token="1790450470_eoa_0x1234_137_1_gh8yIg-4QM6D_NX93U3uQ" worker_count=1
2026-09-26T19:21:11.082898Z  WARN prune_race_condition: Job processing started job_id="eoa_0x1234_137" lease_token="1790450471_eoa_0x1234_137_1_QA128J2jjuzlyLMmpAUc8" worker_count=1
2026-09-26T19:21:11.184060Z  WARN prune_race_condition: Job processing started job_id="eoa_0x1234_137" lease_token="1790450471_eoa_0x1234_137_1_wbmX_rAPYKqfkq5U1AYdU" worker_count=1
2026-09-26T19:21:11.283117Z  WARN prune_race_condition: Job processing started job_id="eoa_0x1234_137" lease_token="1790450471_eoa_0x1234_137_1_RWsTUcnrASRP70e7qJxeC" worker_count=1
2026-09-26T19:21:11.384128Z  WARN prune_race_condition: Job processing started job_id="eoa_0x1234_137" lease_token="1790450471_eoa_0x1234_137_1_akRuiXK_vGkmjFPlBOLMS" worker_count=1
2026-09-26T19:21:11.483386Z  WARN prune_race_condition: Job processing started job_id="eoa_0x1234_137" lease_token="1790450471_eoa_0x1234_137_1_HlU3bgPdU8Jk-9-S5afdj" worker_count=1
2026-09-26T19:21:11.582644Z  WARN prune_race_condition: Job processing started job_id="eoa_0x1234_137" lease_token="1790450471_eoa_0x1234_137_1_hEetPyE-D8jBFlxTOU4op" worker_count=1
2026-09-26T19:21:11.683363Z  WARN prune_race_condition: Job processing started job_id="eoa_0x1234_137" lease_token="1790450471_eoa_0x1234_137_1_bWCQl6Jj2EzpCHz1BzvsQ" worker_count=1
2026-09-26T19:21:11.782446Z  WARN prune_race_condition: Job processing started job_id="eoa_0x1234_137" lease_token="1790450471_eoa_0x1234_137_1_A3mdyyauMVblIbqc0pIQl" worker_count=1
2026-09-26T19:21:11.883518Z  WARN prune_race_condition: Job processing started job_id="eoa_0x1234_137" lease_token="1790450471_eoa_0x1234_137_1_5riRrEUcgJist4CYxPZFc" worker_count=1
2026-09-26T19:21:11.983699Z  WARN prune_race_condition: Job processing started job_id="eoa_0x1234_137" lease_token="1790450471_eoa_0x1234_137_1_2S5iEjZFMJ5_5k_rjFmeM" worker_count=1
2026-09-26T19:21:12.082415Z  WARN prune_race_condition: Job processing started job_id="eoa_0x1234_137" lease_token="1790450472_eoa_0x1234_137_1_KQ9p0si-_96yEfbmc7uCA" worker_count=1
2026-09-26T19:21:12.182513Z  WARN prune_race_condition: Job processing started job_id="eoa_0x1234_137" lease_token="1790450472_eoa_0x1234_137_1_t_7dc7X8xeYwxYaf0HbJu" worker_count=1
2026-09-26T19:21:12.282910Z  WARN prune_race_condition: Job processing started job_id="eoa_0x1234_137" lease_token="1790450472_eoa_0x1234_137_1_7qqKbSEY3C7CDEcTtpZ8p" worker_count=1
2026-09-26T19:21:12.383167Z  WARN prune_race_condition: Job processing started job_id="eoa_0x1234_137" lease_token="1790450472_eoa_0x1234_137_1_6MVYP6IqLdzur0deWqSsc" worker_count=1
2026-09-26T19:21:12.436118Z  WARN prune_race_condition: Job processing started job_id="eoa_0x1234_137" lease_token="1790450472_eoa_0x1234_137_1_UEeH4lhxJm5n-7NMMAy-g" worker_count=1
2026-09-26T19:21:12.583682Z  WARN prune_race_condition: Job processing started job_id="eoa_0x1234_137" lease_token="1790450472_eoa_0x1234_137_1_uP4u8D6WaUXM-5NfjUJEV" worker_count=1
2026-09-26T19:21:12.682521Z  WARN prune_race_condition: Job processing started job_id="eoa_0x1234_137" lease_token="1790450472_eoa_0x1234_137_1_ZhJb6k7mPkghr2swVX6g7" worker_count=1
2026-09-26T19:21:12.784503Z  WARN prune_race_condition: Job processing started job_id="eoa_0x1234_137" lease_token="1790450472_eoa_0x1234_137_1_9FiVdb31uEi12RXEmucZv" worker_count=1
2026-09-26T19:21:12.883366Z  WARN prune_race_condition: Job processing started job_id="eoa_0x1234_137" lease_token="1790450472_eoa_0x1234_137_1_HvXiLP_hdqH7m9YqBWML_" worker_count=1
2026-09-26T19:21:12.983415Z  WARN prune_race_condition: Job processing started job_id="eoa_0x1234_137" lease_token="1790450472_eoa_0x1234_137_1_8wLZeINEacS9AC9G9-P86" worker_count=1
2026-09-26T19:21:13.083264Z  WARN prune_race_condition: Job processing started job_id="eoa_0x1234_137" lease_token="1790450473_eoa_0x1234_137_1_AqV8geiM1gdfNFf9MlVxk" worker_count=1
2026-09-26T19:21:13.136387Z  WARN prune_race_condition: Job processing started job_id="eoa_0x1234_137" lease_token="1790450473_eoa_0x1234_137_1_feILmlmhvuqX4PTeNVTAg" worker_count=1
2026-09-26T19:21:13.189312Z  WARN prune_race_condition: Job processing started job_id="eoa_0x1234_137" lease_token="1790450473_eoa_0x1234_137_1_0c02AzUP-Cpc9EAgucmBi" worker_count=1
2026-09-26T19:21:13.282945Z  WARN prune_race_condition: Job processing started job_id="eoa_0x1234_137" lease_token="1790450473_eoa_0x1234_137_1_6znyzFW_T2RY6qh8buVx4" worker_count=1
2026-09-26T19:21:13.383322Z  WARN prune_race_condition: Job processing started job_id="eoa_0x1234_137" lease_token="1790450473_eoa_0x1234_137_1_mo_-5AVthJuBer4RakzWa" worker_count=1
2026-09-26T19:21:13.483322Z  WARN prune_race_condition: Job processing started job_id="eoa_0x1234_137" lease_token="1790450473_eoa_0x1234_137_1_HzDP06ZxXJmf1kXfh2B24" worker_count=1
2026-09-26T19:21:13.582155Z  WARN prune_race_condition: Job processing started job_id="eoa_0x1234_137" lease_token="1790450473_eoa_0x1234_137_1_PGQN1wx5PQqiBAfMcvAWG" worker_count=1
2026-09-26T19:21:13.682723Z  WARN prune_race_condition: Job processing started job_id="eoa_0x1234_137" lease_token="1790450473_eoa_0x1234_137_1_n-TwwJjPbvLrQ-wYykP16" worker_count=1
2026-09-26T19:21:13.782420Z  WARN prune_race_condition: Job processing started job_id="eoa_0x1234_137" lease_token="1790450473_eoa_0x1234_137_1_H3aot7mjx9F69wllUF57Z" worker_count=1
2026-09-26T19:21:13.883641Z  WARN prune_race_condition: Job processing started job_id="eoa_0x1234_137" lease_token="1790450473_eoa_0x1234_137_1_KY0aMFr8v8mTgRdFJgOqR" worker_count=1
2026-09-26T19:21:13.983559Z  WARN prune_race_condition: Job processing started job_id="eoa_0x1234_137" lease_token="1790450473_eoa_0x1234_137_1_511lp0w7x4RZzjR64Q3kb" worker_count=1
2026-09-26T19:21:14.084313Z  WARN prune_race_condition: Job processing started job_id="eoa_0x1234_137" lease_token="1790450474_eoa_0x1234_137_1__nCVX3CvqrXL-teag7Zf_" worker_count=1
2026-09-26T19:21:14.136438Z  WARN prune_race_condition: Job processing started job_id="eoa_0x1234_137" lease_token="1790450474_eoa_0x1234_137_1_yLcXfNIi8Zr-XmbBSIIPZ" worker_count=1
2026-09-26T19:21:14.189176Z  WARN prune_race_condition: Job processing started job_id="eoa_0x1234_137" lease_token="1790450474_eoa_0x1234_137_1_uC5FHuXLXow4dz6nEYhAi" worker_count=1
2026-09-26T19:21:14.282989Z  WARN prune_race_condition: Job processing started job_id="eoa_0x1234_137" lease_token="1790450474_eoa_0x1234_137_1_K1vFJuH3Fetas7sK4kQWV" worker_count=1
2026-09-26T19:21:14.336364Z  WARN prune_race_condition: Job processing started job_id="eoa_0x1234_137" lease_token="1790450474_eoa_0x1234_137_1_K0CVnPiTc9Vwx_MnqZYgI" worker_count=1
2026-09-26T19:21:14.483325Z  WARN prune_race_condition: Job processing started job_id="eoa_0x1234_137" lease_token="1790450474_eoa_0x1234_137_1_qXkRnWij7L_9wpFHRNUTy" worker_count=1
2026-09-26T19:21:14.583590Z  WARN prune_race_condition: Job processing started job_id="eoa_0x1234_137" lease_token="1790450474_eoa_0x1234_137_1_c9HeaI_qlSUxEl98pq93M" worker_count=1
2026-09-26T19:21:14.684290Z  WARN prune_race_condition: Job processing started job_id="eoa_0x1234_137" lease_token="1790450474_eoa_0x1234_137_1_1dxg8tOfk2ew_TIkrbA-L" worker_count=1
2026-09-26T19:21:14.782357Z  WARN prune_race_condition: Job processing started job_id="eoa_0x1234_137" lease_token="1790450474_eoa_0x1234_137_1_rQLIRvy51hzoA_P8Di6Xv" worker_count=1
2026-09-26T19:21:14.883043Z  WARN prune_race_condition: Job processing started job_id="eoa_0x1234_137" lease_token="1790450474_eoa_0x1234_137_1_iuY402JaJ5gmqzwB0Q2Lv" worker_count=1
2026-09-26T19:21:14.983477Z  WARN prune_race_condition: Job processing started job_id="eoa_0x1234_137" lease_token="1790450474_eoa_0x1234_137_1_QMnhU9fX_hQGaziKwgciW" worker_count=1
2026-09-26T19:21:15.083935Z  WARN prune_race_condition: Job processing started job_id="eoa_0x1234_137" lease_token="1790450475_eoa_0x1234_137_1_N4Fu7dXIPzjFB8vGrmocs" worker_count=1
2026-09-26T19:21:15.183715Z  WARN prune_race_condition: Job processing started job_id="eoa_0x1234_137" lease_token="1790450475_eoa_0x1234_137_1_iFeWl7nhAC2I34ZsZtqNd" worker_count=1
2026-09-26T19:21:15.282763Z  WARN prune_race_condition: Job processing started job_id="eoa_0x1234_137" lease_token="1790450475_eoa_0x1234_137_1_RbMH2Lvq9wauMx_I3caN-" worker_count=1
2026-09-26T19:21:15.382796Z  WARN prune_race_condition: Job processing started job_id="eoa_0x1234_137" lease_token="1790450475_eoa_0x1234_137_1_rVH-7OqAxVDNqd7Qp7CGq" worker_count=1
2026-09-26T19:21:15.436467Z  WARN prune_race_condition: Job processing started job_id="eoa_0x1234_137" lease_token="1790450475_eoa_0x1234_137_1_S8RiabF-epA7Cn12R1c23" worker_count=1
2026-09-26T19:21:15.582750Z  WARN prune_race_condition: Job processing started job_id="eoa_0x1234_137" lease_token="1790450475_eoa_0x1234_137_1_0eFhwooliP8-QJcyVPHmy" worker_count=1
2026-09-26T19:21:15.684093Z  WARN prune_race_condition: Job processing started job_id="eoa_0x1234_137" lease_token="1790450475_eoa_0x1234_137_1_benpGArTRflyfIaN0CC30" worker_count=1
2026-09-26T19:21:15.782201Z  WARN prune_race_condition: Job processing started job_id="eoa_0x1234_137" lease_token="1790450475_eoa_0x1234_137_1_N7b54MpmbkDn9WAIgxoPd" worker_count=1
2026-09-26T19:21:15.883507Z  WARN prune_race_condition: Job processing started job_id="eoa_0x1234_137" lease_token="1790450475_eoa_0x1234_137_1_wTudybiLdwugznRiBPibP" worker_count=1
2026-09-26T19:21:15.983575Z  WARN prune_race_condition: Job processing started job_id="eoa_0x1234_137" lease_token="1790450475_eoa_0x1234_137_1_1xJEHGW9OboG_rbWW1peM" worker_count=1
2026-09-26T19:21:16.083405Z  WARN prune_race_condition: Job processing started job_id="eoa_0x1234_137" lease_token="1790450476_eoa_0x1234_137_1_-HZhNp18tz3iDLrtxiLPg" worker_count=1
2026-09-26T19:21:16.184616Z  WARN prune_race_condition: Job processing started job_id="eoa_0x1234_137" lease_token="1790450476_eoa_0x1234_137_1_gGaTDkqIUdXMs6Al5LwQW" worker_count=1
2026-09-26T19:21:16.282525Z  WARN prune_race_condition: Job processing started job_id="eoa_0x1234_137" lease_token="1790450476_eoa_0x1234_137_1_ACy4NBO14piyhMW5HYLJR" worker_count=1
2026-09-26T19:21:16.383297Z  WARN prune_race_condition: Job processing started job_id="eoa_0x1234_137" lease_token="1790450476_eoa_0x1234_137_1_oTcG1X1qzM1nIknJ7bdRs" worker_count=1
2026-09-26T19:21:16.484049Z  WARN prune_race_condition: Job processing started job_id="eoa_0x1234_137" lease_token="1790450476_eoa_0x1234_137_1_WfJLFPrK7VWsgYThxGVn0" worker_count=1
2026-09-26T19:21:16.582379Z  WARN prune_race_condition: Job processing started job_id="eoa_0x1234_137" lease_token="1790450476_eoa_0x1234_137_1_UTvXBHzGK2EWLP1bxTj0T" worker_count=1
2026-09-26T19:21:16.682928Z  WARN prune_race_condition: Job processing started job_id="eoa_0x1234_137" lease_token="1790450476_eoa_0x1234_137_1_PMwCKRHw-U4FCbv4YJ7TE" worker_count=1
2026-09-26T19:21:16.783320Z  WARN prune_race_condition: Job processing started job_id="eoa_0x1234_137" lease_token="1790450476_eoa_0x1234_137_1_9-psJqz46zYizzC707i5E" worker_count=1
2026-09-26T19:21:16.882764Z  WARN prune_race_condition: Job processing started job_id="eoa_0x1234_137" lease_token="1790450476_eoa_0x1234_137_1_GwNIFRIqBQBWgTVvjivqk" worker_count=1
2026-09-26T19:21:16.984690Z  WARN prune_race_condition: Job processing started job_id="eoa_0x1234_137" lease_token="1790450476_eoa_0x1234_137_1_clIjOiNCqbUwqebawUt3s" worker_count=1
2026-09-26T19:21:17.082942Z  WARN prune_race_condition: Job processing started job_id="eoa_0x1234_137" lease_token="1790450477_eoa_0x1234_137_1_pQbYNkuNn2-MtGCc_vI3b" worker_count=1
2026-09-26T19:21:17.183476Z  WARN prune_race_condition: Job processing started job_id="eoa_0x1234_137" lease_token="1790450477_eoa_0x1234_137_1__V-c3LVAPp2T360iTGdQD" worker_count=1
2026-09-26T19:21:17.283705Z  WARN prune_race_condition: Job processing started job_id="eoa_0x1234_137" lease_token="1790450477_eoa_0x1234_137_1_rJ8FfAR-J9Z0RNSDOBe9G" worker_count=1
2026-09-26T19:21:17.382888Z  WARN prune_race_condition: Job processing started job_id="eoa_0x1234_137" lease_token="1790450477_eoa_0x1234_137_1_2Z3qndmIjs0gLmMMeu_gS" worker_count=1
2026-09-26T19:21:17.483791Z  WARN prune_race_condition: Job processing started job_id="eoa_0x1234_137" lease_token="1790450477_eoa_0x1234_137_1_MfTMqK_68QEiwJwPorXTV" worker_count=1
2026-09-26T19:21:17.584380Z  WARN prune_race_condition: Job processing started job_id="eoa_0x1234_137" lease_token="1790450477_eoa_0x1234_137_1_QiYxl5L1B8m712IDwP9lq" worker_count=1
2026-09-26T19:21:17.682726Z  WARN prune_race_condition: Job processing started job_id="eoa_0x1234_137" lease_token="1790450477_eoa_0x1234_137_1_byQlYsjv6fcW0rrf59zhl" worker_count=1
2026-09-26T19:21:17.784481Z  WARN prune_race_condition: Job processing started job_id="eoa_0x1234_137" lease_token="1790450477_eoa_0x1234_137_1_E2sXnmlwl14xMsDyTyXNr" worker_count=1
2026-09-26T19:21:17.882505Z  WARN prune_race_condition: Job processing started job_id="eoa_0x1234_137" lease_token="1790450477_eoa_0x1234_137_1_cQqG9p-VPm10xmAw55Tc0" worker_count=1
2026-09-26T19:21:17.983630Z  WARN prune_race_condition: Job processing started job_id="eoa_0x1234_137" lease_token="1790450477_eoa_0x1234_137_1_O9lXGA-7acN4qvCzk8jzv" worker_count=1
2026-09-26T19:21:18.036322Z  WARN prune_race_condition: Job processing started job_id="eoa_0x1234_137" lease_token="1790450478_eoa_0x1234_137_1_-Wp_xcMfc9qkKJZfA0v4Y" worker_count=1
2026-09-26T19:21:18.184643Z  WARN prune_race_condition: Job processing started job_id="eoa_0x1234_137" lease_token="1790450478_eoa_0x1234_137_1_QgoflhzkiCvQFWb49vYYe" worker_count=1
2026-09-26T19:21:18.282230Z  WARN prune_race_condition: Job processing started job_id="eoa_0x1234_137" lease_token="1790450478_eoa_0x1234_137_1_qjWmnH2DxevQ8OTIufbgL" worker_count=1
2026-09-26T19:21:18.382660Z  WARN prune_race_condition: Job processing started job_id="eoa_0x1234_137" lease_token="1790450478_eoa_0x1234_137_1_xTPUpHlNaYbyzXD-qa-7Y" worker_count=1
2026-09-26T19:21:18.482754Z  WARN prune_race_condition: Job processing started job_id="eoa_0x1234_137" lease_token="1790450478_eoa_0x1234_137_1_pLcfrok58a58mUrlFxptI" worker_count=1
2026-09-26T19:21:18.584045Z  WARN prune_race_condition: Job processing started job_id="eoa_0x1234_137" lease_token="1790450478_eoa_0x1234_137_1_qw1Ax0037Qkw4-ptpJuDf" worker_count=1
2026-09-26T19:21:18.682983Z  WARN prune_race_condition: Job processing started job_id="eoa_0x1234_137" lease_token="1790450478_eoa_0x1234_137_1_vUYK0bHOgkTk1lOHR7-qX" worker_count=1
2026-09-26T19:21:18.783343Z  WARN prune_race_condition: Job processing started job_id="eoa_0x1234_137" lease_token="1790450478_eoa_0x1234_137_1_VIrSc16K_iJw7RYML0jur" worker_count=1
2026-09-26T19:21:18.883810Z  WARN prune_race_condition: Job processing started job_id="eoa_0x1234_137" lease_token="1790450478_eoa_0x1234_137_1_uJdqm8gjngTDsvHS1vB6g" worker_count=1
2026-09-26T19:21:18.982363Z  WARN prune_race_condition: Job processing started job_id="eoa_0x1234_137" lease_token="1790450478_eoa_0x1234_137_1_tDJE6O7Gfvzh2KRvqKwG4" worker_count=1
2026-09-26T19:21:19.083680Z  WARN prune_race_condition: Job processing started job_id="eoa_0x1234_137" lease_token="1790450479_eoa_0x1234_137_1_7hOTtuIFZx81giSk2uQEs" worker_count=1
2026-09-26T19:21:19.182670Z  WARN prune_race_condition: Job processing started job_id="eoa_0x1234_137" lease_token="1790450479_eoa_0x1234_137_1_MMi_WdnBysZFfoTRrYx0N" worker_count=1
2026-09-26T19:21:19.283055Z  WARN prune_race_condition: Job processing started job_id="eoa_0x1234_137" lease_token="1790450479_eoa_0x1234_137_1_7nM8V-Cn5FPhfDXzWCOO4" worker_count=1
2026-09-26T19:21:19.383306Z  WARN prune_race_condition: Job processing started job_id="eoa_0x1234_137" lease_token="1790450479_eoa_0x1234_137_1_buU-HCchZRl-RNfOBL6q9" worker_count=1
2026-09-26T19:21:19.483758Z  WARN prune_race_condition: Job processing started job_id="eoa_0x1234_137" lease_token="1790450479_eoa_0x1234_137_1_DIvXrgB1IK8HzilrmzA37" worker_count=1
2026-09-26T19:21:19.582533Z  WARN prune_race_condition: Job processing started job_id="eoa_0x1234_137" lease_token="1790450479_eoa_0x1234_137_1_G4VG8ZRUqGahE54ryJk9r" worker_count=1
2026-09-26T19:21:19.683056Z  WARN prune_race_condition: Job processing started job_id="eoa_0x1234_137" lease_token="1790450479_eoa_0x1234_137_1_ISLZkx6rueO07IboCPoio" worker_count=1
2026-09-26T19:21:19.783325Z  WARN prune_race_condition: Job processing started job_id="eoa_0x1234_137" lease_token="1790450479_eoa_0x1234_137_1_kR2ZJEQ4R4kMXlxtSBDek" worker_count=1
2026-09-26T19:21:19.883111Z  WARN prune_race_condition: Job processing started job_id="eoa_0x1234_137" lease_token="1790450479_eoa_0x1234_137_1_p3Y8dEzaAea_9_Jog2PdK" worker_count=1
2026-09-26T19:21:19.982760Z  WARN prune_race_condition: Job processing started job_id="eoa_0x1234_137" lease_token="1790450479_eoa_0x1234_137_1_BdH6H08pe103gNx2MEoJe" worker_count=1
2026-09-26T19:21:20.083160Z  WARN prune_race_condition: Job processing started job_id="eoa_0x1234_137" lease_token="1790450480_eoa_0x1234_137_1_zJj0xHDiC8g3cBY2X-f9E" worker_count=1
2026-09-26T19:21:20.183869Z  WARN prune_race_condition: Job processing started job_id="eoa_0x1234_137" lease_token="1790450480_eoa_0x1234_137_1_ABgUm510HRCFN5Z56uLTg" worker_count=1
2026-09-26T19:21:20.282659Z  WARN prune_race_condition: Job processing started job_id="eoa_0x1234_137" lease_token="1790450480_eoa_0x1234_137_1_TD8uXyrC6_MCXCwR04af8" worker_count=1
2026-09-26T19:21:20.382758Z  WARN prune_race_condition: Job processing started job_id="eoa_0x1234_137" lease_token="1790450480_eoa_0x1234_137_1_ea33gEeeZJ-nSGxwRVpJt" worker_count=1
2026-09-26T19:21:20.483038Z  WARN prune_race_condition: Job processing started job_id="eoa_0x1234_137" lease_token="1790450480_eoa_0x1234_137_1_kD4p15Si_sVrdbjrLEJW9" worker_count=1
2026-09-26T19:21:20.582727Z  WARN prune_race_condition: Job processing started job_id="eoa_0x1234_137" lease_token="1790450480_eoa_0x1234_137_1_-BDkq-rnrASTUv5dLhkan" worker_count=1
2026-09-26T19:21:20.683383Z  WARN prune_race_condition: Job processing started job_id="eoa_0x1234_137" lease_token="1790450480_eoa_0x1234_137_1_65yJBsQ6y5-IraJPumGgJ" worker_count=1
2026-09-26T19:21:20.782593Z  WARN prune_race_condition: Job processing started job_id="eoa_0x1234_137" lease_token="1790450480_eoa_0x1234_137_1_WoYqBFRq9CilIyqg71zUm" worker_count=1
2026-09-26T19:21:20.883283Z  WARN prune_race_condition: Job processing started job_id="eoa_0x1234_137" lease_token="1790450480_eoa_0x1234_137_1_P9LiIOWjpew6BKr960q5G" worker_count=1
2026-09-26T19:21:20.982941Z  WARN prune_race_condition: Job processing started job_id="eoa_0x1234_137" lease_token="1790450480_eoa_0x1234_137_1_5T-lYGgnyrfRgc5OQjyAs" worker_count=1
2026-09-26T19:21:21.083714Z  WARN prune_race_condition: Job processing started job_id="eoa_0x1234_137" lease_token="1790450481_eoa_0x1234_137_1_IA0HHLqJMlWKJWpGkhdit" worker_count=1
2026-09-26T19:21:21.182846Z  WARN prune_race_condition: Job processing started job_id="eoa_0x1234_137" lease_token="1790450481_eoa_0x1234_137_1_uPf1-iJNxRZgfxqdzhgz3" worker_count=1
2026-09-26T19:21:21.284271Z  WARN prune_race_condition: Job processing started job_id="eoa_0x1234_137" lease_token="1790450481_eoa_0x1234_137_1_o5gZAqBQjtGwaf3YSeSfm" worker_count=1
2026-09-26T19:21:21.383810Z  WARN prune_race_condition: Job processing started job_id="eoa_0x1234_137" lease_token="1790450481_eoa_0x1234_137_1_l63QPAOJDe7ZlMkOMtRLZ" worker_count=1
2026-09-26T19:21:21.482527Z  WARN prune_race_condition: Job processing started job_id="eoa_0x1234_137" lease_token="1790450481_eoa_0x1234_137_1_PvavVQ4S5zQmnVwvEqMnL" worker_count=1
2026-09-26T19:21:21.582556Z  WARN prune_race_condition: Job processing started job_id="eoa_0x1234_137" lease_token="1790450481_eoa_0x1234_137_1_yi74W0KAwwgeGTcDtK-Af" worker_count=1
2026-09-26T19:21:21.683964Z  WARN prune_race_condition: Job processing started job_id="eoa_0x1234_137" lease_token="1790450481_eoa_0x1234_137_1_kJUxIAFQqADqkjqYhrKHW" worker_count=1
2026-09-26T19:21:21.783744Z  WARN prune_race_condition: Job processing started job_id="eoa_0x1234_137" lease_token="1790450481_eoa_0x1234_137_1_MF0aOEMtpCw9aCXofTqGo" worker_count=1
2026-09-26T19:21:21.883985Z  WARN prune_race_condition: Job processing started job_id="eoa_0x1234_137" lease_token="1790450481_eoa_0x1234_137_1_-GNiLR1o833kL7wAKmPa2" worker_count=1
2026-09-26T19:21:21.982302Z  WARN prune_race_condition: Job processing started job_id="eoa_0x1234_137" lease_token="1790450481_eoa_0x1234_137_1_B-uLL3xVEc9jKch3GcKZL" worker_count=1
2026-09-26T19:21:22.082849Z  WARN prune_race_condition: Job processing started job_id="eoa_0x1234_137" lease_token="1790450482_eoa_0x1234_137_1_9g8Mv3eEqUk0Gv8uXMzO8" worker_count=1
2026-09-26T19:21:22.183243Z  WARN prune_race_condition: Job processing started job_id="eoa_0x1234_137" lease_token="1790450482_eoa_0x1234_137_1_RPdznHQcK1gQkVyxhU4Ng" worker_count=1
2026-09-26T19:21:22.282383Z  WARN prune_race_condition: Job processing started job_id="eoa_0x1234_137" lease_token="1790450482_eoa_0x1234_137_1_IQ_94zBpsL2cKYzfcX2Wa" worker_count=1
2026-09-26T19:21:22.382704Z  WARN prune_race_condition: Job processing started job_id="eoa_0x1234_137" lease_token="1790450482_eoa_0x1234_137_1_YEm65TudDELKcPxU3kBXb" worker_count=1
2026-09-26T19:21:22.483256Z  WARN prune_race_condition: Job processing started job_id="eoa_0x1234_137" lease_token="1790450482_eoa_0x1234_137_1_zzUZHZ7J3xIpCuDKcvpkg" worker_count=1
2026-09-26T19:21:22.583596Z  WARN prune_race_condition: Job processing started job_id="eoa_0x1234_137" lease_token="1790450482_eoa_0x1234_137_1_JnDBvH8gtqvtBmFJF1c-M" worker_count=1
2026-09-26T19:21:22.683416Z  WARN prune_race_condition: Job processing started job_id="eoa_0x1234_137" lease_token="1790450482_eoa_0x1234_137_1_Uo_jcW2sU4adPEFf7POwM" worker_count=1
2026-09-26T19:21:22.782303Z  WARN prune_race_condition: Job processing started job_id="eoa_0x1234_137" lease_token="1790450482_eoa_0x1234_137_1_MZKer3UxOo559aBqnB0dv" worker_count=1
2026-09-26T19:21:22.882561Z  WARN prune_race_condition: Job processing started job_id="eoa_0x1234_137" lease_token="1790450482_eoa_0x1234_137_1_w3okxhrvw5AIYVtEK8UFV" worker_count=1
2026-09-26T19:21:22.982378Z  WARN prune_race_condition: Job processing started job_id="eoa_0x1234_137" lease_token="1790450482_eoa_0x1234_137_1_ZZjlj0qIaUeXxqiSs5YXn" worker_count=1
2026-09-26T19:21:23.035562Z  WARN prune_race_condition: Job processing started job_id="eoa_0x1234_137" lease_token="1790450483_eoa_0x1234_137_1_8DXEfeq-uCwUZ3wAT3a-C" worker_count=1
2026-09-26T19:21:23.183325Z  WARN prune_race_condition: Job processing started job_id="eoa_0x1234_137" lease_token="1790450483_eoa_0x1234_137_1_ykozPykU0L5mKQGiDf7IB" worker_count=1
2026-09-26T19:21:23.283653Z  WARN prune_race_condition: Job processing started job_id="eoa_0x1234_137" lease_token="1790450483_eoa_0x1234_137_1_IZhPS9Nxk30TgmasaWVjO" worker_count=1
2026-09-26T19:21:23.336408Z  WARN prune_race_condition: Job processing started job_id="eoa_0x1234_137" lease_token="1790450483_eoa_0x1234_137_1_XI5uhPaY8KGdmZ9S7w7yC" worker_count=1
2026-09-26T19:21:23.484404Z  WARN prune_race_condition: Job processing started job_id="eoa_0x1234_137" lease_token="1790450483_eoa_0x1234_137_1_551GkbmitJ4L4iCykisw5" worker_count=1
2026-09-26T19:21:23.582935Z  WARN prune_race_condition: Job processing started job_id="eoa_0x1234_137" lease_token="1790450483_eoa_0x1234_137_1_UDFJ8sbIaZo-5WJDwDwzq" worker_count=1
2026-09-26T19:21:23.683155Z  WARN prune_race_condition: Job processing started job_id="eoa_0x1234_137" lease_token="1790450483_eoa_0x1234_137_1_dCM0k_r-le1eWBvkIcHje" worker_count=1
2026-09-26T19:21:23.783652Z  WARN prune_race_condition: Job processing started job_id="eoa_0x1234_137" lease_token="1790450483_eoa_0x1234_137_1_-DpZM0M22b05zq9djX05e" worker_count=1
2026-09-26T19:21:23.882552Z  WARN prune_race_condition: Job processing started job_id="eoa_0x1234_137" lease_token="1790450483_eoa_0x1234_137_1_mESMK6AdIO5TgOuRV4_68" worker_count=1
2026-09-26T19:21:23.982988Z  WARN prune_race_condition: Job processing started job_id="eoa_0x1234_137" lease_token="1790450483_eoa_0x1234_137_1_fBPf31re-jFVk2P6vuyJZ" worker_count=1
2026-09-26T19:21:24.083273Z  WARN prune_race_condition: Job processing started job_id="eoa_0x1234_137" lease_token="1790450484_eoa_0x1234_137_1_MXVgTQ2EYbSYAfRWr9S9l" worker_count=1
2026-09-26T19:21:24.183773Z  WARN prune_race_condition: Job processing started job_id="eoa_0x1234_137" lease_token="1790450484_eoa_0x1234_137_1_8CAiqVHhx9hH4k5JyVFH-" worker_count=1
2026-09-26T19:21:24.283891Z  WARN prune_race_condition: Job processing started job_id="eoa_0x1234_137" lease_token="1790450484_eoa_0x1234_137_1_u6k4-gOypGi3_J8IE3puC" worker_count=1
2026-09-26T19:21:24.384020Z  WARN prune_race_condition: Job processing started job_id="eoa_0x1234_137" lease_token="1790450484_eoa_0x1234_137_1_K9MjsV9S6WIWPr5f8B3NQ" worker_count=1
2026-09-26T19:21:24.483023Z  WARN prune_race_condition: Job processing started job_id="eoa_0x1234_137" lease_token="1790450484_eoa_0x1234_137_1_7JKumyK9fWdmAxAg4Bnm4" worker_count=1
2026-09-26T19:21:24.583187Z  WARN prune_race_condition: Job processing started job_id="eoa_0x1234_137" lease_token="1790450484_eoa_0x1234_137_1_6nCAItRIOfAWAhYQHfrXu" worker_count=1
2026-09-26T19:21:24.682815Z  WARN prune_race_condition: Job processing started job_id="eoa_0x1234_137" lease_token="1790450484_eoa_0x1234_137_1_AMERCK5udHHs7Mrf8SYXp" worker_count=1
2026-09-26T19:21:24.783652Z  WARN prune_race_condition: Job processing started job_id="eoa_0x1234_137" lease_token="1790450484_eoa_0x1234_137_1_W9oZMCDZxftYNGCDo9CLu" worker_count=1
2026-09-26T19:21:24.882720Z  WARN prune_race_condition: Job processing started job_id="eoa_0x1234_137" lease_token="1790450484_eoa_0x1234_137_1_Wp_8Kf4mDSe-HHoXSw43V" worker_count=1
2026-09-26T19:21:24.982807Z  WARN prune_race_condition: Job processing started job_id="eoa_0x1234_137" lease_token="1790450484_eoa_0x1234_137_1_lL6nJ3xizhnJNafLkVrBF" worker_count=1
2026-09-26T19:21:25.083627Z  WARN prune_race_condition: Job processing started job_id="eoa_0x1234_137" lease_token="1790450485_eoa_0x1234_137_1_uZqMN0ozm4HVS-XPpdOAD" worker_count=1
2026-09-26T19:21:25.184346Z  WARN prune_race_condition: Job processing started job_id="eoa_0x1234_137" lease_token="1790450485_eoa_0x1234_137_1_61MwdU1WO-cLps4iqwotQ" worker_count=1
2026-09-26T19:21:25.282939Z  WARN prune_race_condition: Job processing started job_id="eoa_0x1234_137" lease_token="1790450485_eoa_0x1234_137_1_JUL4OrU5HzFEVCa5AjnHh" worker_count=1
2026-09-26T19:21:25.383804Z  WARN prune_race_condition: Job processing started job_id="eoa_0x1234_137" lease_token="1790450485_eoa_0x1234_137_1_Gy1icA0OTLMicEzHggnE1" worker_count=1
2026-09-26T19:21:25.483369Z  WARN prune_race_condition: Job processing started job_id="eoa_0x1234_137" lease_token="1790450485_eoa_0x1234_137_1_A1uyHC0KhRrPrxm4UF5tV" worker_count=1
2026-09-26T19:21:25.583324Z  WARN prune_race_condition: Job processing started job_id="eoa_0x1234_137" lease_token="1790450485_eoa_0x1234_137_1_aSqNcAW_gdWq_MNN98KAQ" worker_count=1
2026-09-26T19:21:25.682919Z  WARN prune_race_condition: Job processing started job_id="eoa_0x1234_137" lease_token="1790450485_eoa_0x1234_137_1_jTEh5HvxCrXEZ2Yrcltjj" worker_count=1
2026-09-26T19:21:25.783341Z  WARN prune_race_condition: Job processing started job_id="eoa_0x1234_137" lease_token="1790450485_eoa_0x1234_137_1_3mxO7AuB5XUdfqpnb97q2" worker_count=1
2026-09-26T19:21:25.883107Z  WARN prune_race_condition: Job processing started job_id="eoa_0x1234_137" lease_token="1790450485_eoa_0x1234_137_1_3-dGdiG-Zp0CChMwpWWsw" worker_count=1
2026-09-26T19:21:25.984131Z  WARN prune_race_condition: Job processing started job_id="eoa_0x1234_137" lease_token="1790450485_eoa_0x1234_137_1_5uHHSrIrs5UcXfg4sgwoT" worker_count=1
2026-09-26T19:21:26.082907Z  WARN prune_race_condition: Job processing started job_id="eoa_0x1234_137" lease_token="1790450486_eoa_0x1234_137_1_oNyTgfbnMFcz3H_c5jl_x" worker_count=1
2026-09-26T19:21:26.183500Z  WARN prune_race_condition: Job processing started job_id="eoa_0x1234_137" lease_token="1790450486_eoa_0x1234_137_1_0UlrJnuqIY8J9HsRJNXzH" worker_count=1
2026-09-26T19:21:26.283411Z  WARN prune_race_condition: Job processing started job_id="eoa_0x1234_137" lease_token="1790450486_eoa_0x1234_137_1_ylIZRBZnKzabZJRImNv4h" worker_count=1
2026-09-26T19:21:26.383182Z  WARN prune_race_condition: Job processing started job_id="eoa_0x1234_137" lease_token="1790450486_eoa_0x1234_137_1_no_R973dO38Th1MEknU0D" worker_count=1
2026-09-26T19:21:26.483312Z  WARN prune_race_condition: Job processing started job_id="eoa_0x1234_137" lease_token="1790450486_eoa_0x1234_137_1_-rakTZWS2kuXFjPpZgHcu" worker_count=1
2026-09-26T19:21:26.582441Z  WARN prune_race_condition: Job processing started job_id="eoa_0x1234_137" lease_token="1790450486_eoa_0x1234_137_1_0vztU3lsD0APhEFFphZvw" worker_count=1
2026-09-26T19:21:26.682812Z  WARN prune_race_condition: Job processing started job_id="eoa_0x1234_137" lease_token="1790450486_eoa_0x1234_137_1_xuZNR2tYKZ80i8PZG27Lm" worker_count=1
2026-09-26T19:21:26.782579Z  WARN prune_race_condition: Job processing started job_id="eoa_0x1234_137" lease_token="1790450486_eoa_0x1234_137_1_Yg75bCQb42KnWd_3g3llQ" worker_count=1
2026-09-26T19:21:26.884050Z  WARN prune_race_condition: Job processing started job_id="eoa_0x1234_137" lease_token="1790450486_eoa_0x1234_137_1__5fw6q3kIn9aWdQHG-O55" worker_count=1
2026-09-26T19:21:26.982904Z  WARN prune_race_condition: Job processing started job_id="eoa_0x1234_137" lease_token="1790450486_eoa_0x1234_137_1_aRyKhv8q2xAcG_p1D_fXa" worker_count=1
2026-09-26T19:21:27.082370Z  WARN prune_race_condition: Job processing started job_id="eoa_0x1234_137" lease_token="1790450487_eoa_0x1234_137_1_8HzohX9Bd4wuCOf7XQyvs" worker_count=1
2026-09-26T19:21:27.183351Z  WARN prune_race_condition: Job processing started job_id="eoa_0x1234_137" lease_token="1790450487_eoa_0x1234_137_1_opewCEf4QFWywMJ4YkiZF" worker_count=1
2026-09-26T19:21:27.284068Z  WARN prune_race_condition: Job processing started job_id="eoa_0x1234_137" lease_token="1790450487_eoa_0x1234_137_1_kNvbYNN4prb33pX_J58Of" worker_count=1
2026-09-26T19:21:27.383264Z  WARN prune_race_condition: Job processing started job_id="eoa_0x1234_137" lease_token="1790450487_eoa_0x1234_137_1_JW0wSruSn70R4jIM7uaXp" worker_count=1
2026-09-26T19:21:27.483072Z  WARN prune_race_condition: Job processing started job_id="eoa_0x1234_137" lease_token="1790450487_eoa_0x1234_137_1__9qlSpqpeakKFHsSIklr8" worker_count=1
2026-09-26T19:21:27.583412Z  WARN prune_race_condition: Job processing started job_id="eoa_0x1234_137" lease_token="1790450487_eoa_0x1234_137_1_DsxMPzh24sLhfRwLrWAUu" worker_count=1
2026-09-26T19:21:27.683934Z  WARN prune_race_condition: Job processing started job_id="eoa_0x1234_137" lease_token="1790450487_eoa_0x1234_137_1_4FUCXep1UniKyAu2VnLTB" worker_count=1
2026-09-26T19:21:27.783640Z  WARN prune_race_condition: Job processing started job_id="eoa_0x1234_137" lease_token="1790450487_eoa_0x1234_137_1_pX_raNJd-i4Qa_cNLqG2_" worker_count=1
2026-09-26T19:21:27.883097Z  WARN prune_race_condition: Job processing started job_id="eoa_0x1234_137" lease_token="1790450487_eoa_0x1234_137_1_mxzSdOaxa19O8yZYv4cFx" worker_count=1
2026-09-26T19:21:27.982657Z  WARN prune_race_condition: Job processing started job_id="eoa_0x1234_137" lease_token="1790450487_eoa_0x1234_137_1_omWyUMQ18eARnGh5Zzk2k" worker_count=1
2026-09-26T19:21:28.083596Z  WARN prune_race_condition: Job processing started job_id="eoa_0x1234_137" lease_token="1790450488_eoa_0x1234_137_1_J8BmeWDBh_ArOgsUOqNA-" worker_count=1
2026-09-26T19:21:28.184314Z  WARN prune_race_condition: Job processing started job_id="eoa_0x1234_137" lease_token="1790450488_eoa_0x1234_137_1_5rjstPJHY0jHzYNL74xxI" worker_count=1
2026-09-26T19:21:28.282986Z  WARN prune_race_condition: Job processing started job_id="eoa_0x1234_137" lease_token="1790450488_eoa_0x1234_137_1_Ck1wF6XnpvCyD63_oTGei" worker_count=1
2026-09-26T19:21:28.382876Z  WARN prune_race_condition: Job processing started job_id="eoa_0x1234_137" lease_token="1790450488_eoa_0x1234_137_1_YQclzCAKjrrlZbt9ITwTT" worker_count=1
2026-09-26T19:21:28.483629Z  WARN prune_race_condition: Job processing started job_id="eoa_0x1234_137" lease_token="1790450488_eoa_0x1234_137_1_4KrheeaXYZSf09SxPnAzo" worker_count=1
2026-09-26T19:21:28.582391Z  WARN prune_race_condition: Job processing started job_id="eoa_0x1234_137" lease_token="1790450488_eoa_0x1234_137_1_tIuDAU1AJYIQaFYRbYAi2" worker_count=1
2026-09-26T19:21:28.682870Z  WARN prune_race_condition: Job processing started job_id="eoa_0x1234_137" lease_token="1790450488_eoa_0x1234_137_1_fZebdP8OXscjXyU5BO355" worker_count=1
2026-09-26T19:21:28.783372Z  WARN prune_race_condition: Job processing started job_id="eoa_0x1234_137" lease_token="1790450488_eoa_0x1234_137_1_BkqC4GHyk-L4PBOCk5DeN" worker_count=1
2026-09-26T19:21:28.882931Z  WARN prune_race_condition: Job processing started job_id="eoa_0x1234_137" lease_token="1790450488_eoa_0x1234_137_1_NRp4g_5eepUNvT7ZaFhQE" worker_count=1
2026-09-26T19:21:28.983266Z  WARN prune_race_condition: Job processing started job_id="eoa_0x1234_137" lease_token="1790450488_eoa_0x1234_137_1_wMEf1iEC40oRxS1Dx9Iff" worker_count=1
2026-09-26T19:21:29.084225Z  WARN prune_race_condition: Job processing started job_id="eoa_0x1234_137" lease_token="1790450489_eoa_0x1234_137_1_NHZtPPbcwFOIiREju2rxu" worker_count=1
2026-09-26T19:21:29.184500Z  WARN prune_race_condition: Job processing started job_id="eoa_0x1234_137" lease_token="1790450489_eoa_0x1234_137_1_s_xtOPDp-a1PlwjPPOo0L" worker_count=1
2026-09-26T19:21:29.284336Z  WARN prune_race_condition: Job processing started job_id="eoa_0x1234_137" lease_token="1790450489_eoa_0x1234_137_1_j2PjyP02snkQnfL3Xwyn_" worker_count=1
2026-09-26T19:21:29.383850Z  WARN prune_race_condition: Job processing started job_id="eoa_0x1234_137" lease_token="1790450489_eoa_0x1234_137_1_fWCJnKEEweQhsVy6mQDmg" worker_count=1
2026-09-26T19:21:29.436536Z  WARN prune_race_condition: Job processing started job_id="eoa_0x1234_137" lease_token="1790450489_eoa_0x1234_137_1_7jRRfgPgQieCvmdaH4yq-" worker_count=1
2026-09-26T19:21:29.583557Z  WARN prune_race_condition: Job processing started job_id="eoa_0x1234_137" lease_token="1790450489_eoa_0x1234_137_1_etoVnZgUUZWn4ixTKDNZ0" worker_count=1
2026-09-26T19:21:29.683370Z  WARN prune_race_condition: Job processing started job_id="eoa_0x1234_137" lease_token="1790450489_eoa_0x1234_137_1_9Eh0y2_dq7AK1c5bdNS8t" worker_count=1
2026-09-26T19:21:29.783204Z  WARN prune_race_condition: Job processing started job_id="eoa_0x1234_137" lease_token="1790450489_eoa_0x1234_137_1_G0yMHK9A3dWwJ-zhfvfrG" worker_count=1
2026-09-26T19:21:29.836617Z  WARN prune_race_condition: Job processing started job_id="eoa_0x1234_137" lease_token="1790450489_eoa_0x1234_137_1_DD__nxermugmaMXJR7vMM" worker_count=1
2026-09-26T19:21:29.983636Z  WARN prune_race_condition: Job processing started job_id="eoa_0x1234_137" lease_token="1790450489_eoa_0x1234_137_1_sPPPPMZZ6F6fvl6GPYcV5" worker_count=1
2026-09-26T19:21:30.084523Z  WARN prune_race_condition: Job processing started job_id="eoa_0x1234_137" lease_token="1790450490_eoa_0x1234_137_1_oMuLwvdd2LktA0_dQRYtd" worker_count=1
2026-09-26T19:21:30.183114Z  WARN prune_race_condition: Job processing started job_id="eoa_0x1234_137" lease_token="1790450490_eoa_0x1234_137_1_aB85WYJ4CUnQhkU0f2yEK" worker_count=1
2026-09-26T19:21:30.283751Z  WARN prune_race_condition: Job processing started job_id="eoa_0x1234_137" lease_token="1790450490_eoa_0x1234_137_1_sTUN7bxUEIIft9Yi5FwNF" worker_count=1
2026-09-26T19:21:30.383521Z  WARN prune_race_condition: Job processing started job_id="eoa_0x1234_137" lease_token="1790450490_eoa_0x1234_137_1_ImiKB1jg2KzyWf9bCdhsr" worker_count=1
2026-09-26T19:21:30.482973Z  WARN prune_race_condition: Job processing started job_id="eoa_0x1234_137" lease_token="1790450490_eoa_0x1234_137_1_coAfham1_5b-D-9BEpKwC" worker_count=1
2026-09-26T19:21:30.583158Z  WARN prune_race_condition: Job processing started job_id="eoa_0x1234_137" lease_token="1790450490_eoa_0x1234_137_1_HAbWaKLrrAODFh-z-TqJp" worker_count=1
2026-09-26T19:21:30.683444Z  WARN prune_race_condition: Job processing started job_id="eoa_0x1234_137" lease_token="1790450490_eoa_0x1234_137_1_7dYr5BXW-u9948_F3erRV" worker_count=1
2026-09-26T19:21:30.784080Z  WARN prune_race_condition: Job processing started job_id="eoa_0x1234_137" lease_token="1790450490_eoa_0x1234_137_1_RNJskQxxAlxCyUrh4C_4O" worker_count=1
2026-09-26T19:21:30.882967Z  WARN prune_race_condition: Job processing started job_id="eoa_0x1234_137" lease_token="1790450490_eoa_0x1234_137_1_tdJy3TMF-ztVT5LPtk2ro" worker_count=1
2026-09-26T19:21:30.982701Z  WARN prune_race_condition: Job processing started job_id="eoa_0x1234_137" lease_token="1790450490_eoa_0x1234_137_1__BgHZTeEWWW8gy6TxLaC2" worker_count=1
2026-09-26T19:21:31.082717Z  WARN prune_race_condition: Job processing started job_id="eoa_0x1234_137" lease_token="1790450491_eoa_0x1234_137_1_6FIidX1iK-bQ6cRGjC7Bx" worker_count=1
2026-09-26T19:21:31.183481Z  WARN prune_race_condition: Job processing started job_id="eoa_0x1234_137" lease_token="1790450491_eoa_0x1234_137_1_8EWQET8D5pJ15CRe82KY9" worker_count=1
2026-09-26T19:21:31.282950Z  WARN prune_race_condition: Job processing started job_id="eoa_0x1234_137" lease_token="1790450491_eoa_0x1234_137_1_RJQAxZHDS4k-pKcgFFeEP" worker_count=1
2026-09-26T19:21:31.383218Z  WARN prune_race_condition: Job processing started job_id="eoa_0x1234_137" lease_token="1790450491_eoa_0x1234_137_1_HaqWeP0V-cwgWhouPqKYr" worker_count=1
2026-09-26T19:21:31.483794Z  WARN prune_race_condition: Job processing started job_id="eoa_0x1234_137" lease_token="1790450491_eoa_0x1234_137_1_5xEKX2CjQALt-Aqz4gcym" worker_count=1
2026-09-26T19:21:31.536417Z  WARN prune_race_condition: Job processing started job_id="eoa_0x1234_137" lease_token="1790450491_eoa_0x1234_137_1_zAI8WFqep8_azDNJ2GXvd" worker_count=1
2026-09-26T19:21:31.683494Z  WARN prune_race_condition: Job processing started job_id="eoa_0x1234_137" lease_token="1790450491_eoa_0x1234_137_1_-aBSz9cBVa6xzzNm4jSqS" worker_count=1
2026-09-26T19:21:31.736522Z  WARN prune_race_condition: Job processing started job_id="eoa_0x1234_137" lease_token="1790450491_eoa_0x1234_137_1_MgPqfmGYYE9RbTZXGaVcK" worker_count=1
2026-09-26T19:21:31.883554Z  WARN prune_race_condition: Job processing started job_id="eoa_0x1234_137" lease_token="1790450491_eoa_0x1234_137_1__zmztKZ4l8ZV6Dw7HRQJg" worker_count=1
2026-09-26T19:21:31.983806Z  WARN prune_race_condition: Job processing started job_id="eoa_0x1234_137" lease_token="1790450491_eoa_0x1234_137_1_fhy1OBwVFz1kpG_X6OwxO" worker_count=1
2026-09-26T19:21:32.083668Z  WARN prune_race_condition: Job processing started job_id="eoa_0x1234_137" lease_token="1790450492_eoa_0x1234_137_1_J38x30iHgKzlNoaa_Y39C" worker_count=1
2026-09-26T19:21:32.182481Z  WARN prune_race_condition: Job processing started job_id="eoa_0x1234_137" lease_token="1790450492_eoa_0x1234_137_1_vpLMVn8WTE8fEa8MegjgR" worker_count=1
2026-09-26T19:21:32.282862Z  WARN prune_race_condition: Job processing started job_id="eoa_0x1234_137" lease_token="1790450492_eoa_0x1234_137_1_lXEn76R1spxQ6ejuioRzH" worker_count=1
2026-09-26T19:21:32.384366Z  WARN prune_race_condition: Job processing started job_id="eoa_0x1234_137" lease_token="1790450492_eoa_0x1234_137_1_SIVPQHwore84IQJToxsaY" worker_count=1
2026-09-26T19:21:32.484291Z  WARN prune_race_condition: Job processing started job_id="eoa_0x1234_137" lease_token="1790450492_eoa_0x1234_137_1_bXwa7N8c_G-lWXQW3yw13" worker_count=1
2026-09-26T19:21:32.582707Z  WARN prune_race_condition: Job processing started job_id="eoa_0x1234_137" lease_token="1790450492_eoa_0x1234_137_1_dn2CgGYtEIdT6sm4ql6s5" worker_count=1
2026-09-26T19:21:32.683308Z  WARN prune_race_condition: Job processing started job_id="eoa_0x1234_137" lease_token="1790450492_eoa_0x1234_137_1_ZkD48vlhfrFAilDXUaER1" worker_count=1
2026-09-26T19:21:32.783950Z  WARN prune_race_condition: Job processing started job_id="eoa_0x1234_137" lease_token="1790450492_eoa_0x1234_137_1_R_HhVfxaHvWq6O-YWgYt4" worker_count=1
2026-09-26T19:21:32.836643Z  WARN prune_race_condition: Job processing started job_id="eoa_0x1234_137" lease_token="1790450492_eoa_0x1234_137_1_wgxB6F8l0CeyGF4QEQuwa" worker_count=1
2026-09-26T19:21:32.984113Z  WARN prune_race_condition: Job processing started job_id="eoa_0x1234_137" lease_token="1790450492_eoa_0x1234_137_1_mFeSGxsPcFvPHSzkkZlTA" worker_count=1
2026-09-26T19:21:33.082787Z  WARN prune_race_condition: Job processing started job_id="eoa_0x1234_137" lease_token="1790450493_eoa_0x1234_137_1_s1f81fUwDx6fYE1iozgY4" worker_count=1
2026-09-26T19:21:33.183875Z  WARN prune_race_condition: Job processing started job_id="eoa_0x1234_137" lease_token="1790450493_eoa_0x1234_137_1_dh0nTV2jHfeZhlhuEaQZ8" worker_count=1
2026-09-26T19:21:33.284412Z  WARN prune_race_condition: Job processing started job_id="eoa_0x1234_137" lease_token="1790450493_eoa_0x1234_137_1_uaSvTBfRBpc-2EuJN9Ehj" worker_count=1
2026-09-26T19:21:33.383166Z  WARN prune_race_condition: Job processing started job_id="eoa_0x1234_137" lease_token="1790450493_eoa_0x1234_137_1_TXf4mKkMET1FqFOCwzh55" worker_count=1
2026-09-26T19:21:33.483436Z  WARN prune_race_condition: Job processing started job_id="eoa_0x1234_137" lease_token="1790450493_eoa_0x1234_137_1_dSjg7bT93lZNwIQi-e2HE" worker_count=1
2026-09-26T19:21:33.582727Z  WARN prune_race_condition: Job processing started job_id="eoa_0x1234_137" lease_token="1790450493_eoa_0x1234_137_1_OS-PYJpdw8xDpVehf-JuN" worker_count=1
2026-09-26T19:21:33.684210Z  WARN prune_race_condition: Job processing started job_id="eoa_0x1234_137" lease_token="1790450493_eoa_0x1234_137_1_KUUOoceAMi-XlO2napfEI" worker_count=1
2026-09-26T19:21:33.782599Z  WARN prune_race_condition: Job processing started job_id="eoa_0x1234_137" lease_token="1790450493_eoa_0x1234_137_1_or1XlOKWj3aeqJTGyRea7" worker_count=1
2026-09-26T19:21:33.883035Z  WARN prune_race_condition: Job processing started job_id="eoa_0x1234_137" lease_token="1790450493_eoa_0x1234_137_1_8M9Ah0bvjLzlSb06bp-U5" worker_count=1
2026-09-26T19:21:33.984641Z  WARN prune_race_condition: Job processing started job_id="eoa_0x1234_137" lease_token="1790450493_eoa_0x1234_137_1_G6Ttsfn58aqXaBdxpVubt" worker_count=1
2026-09-26T19:21:34.083720Z  WARN prune_race_condition: Job processing started job_id="eoa_0x1234_137" lease_token="1790450494_eoa_0x1234_137_1_0jd07Sd25XTktDoqIId6p" worker_count=1
2026-09-26T19:21:34.135919Z  WARN prune_race_condition: Job processing started job_id="eoa_0x1234_137" lease_token="1790450494_eoa_0x1234_137_1_HhLymw_aTYxhNO7QlDzBU" worker_count=1
2026-09-26T19:21:34.284193Z  WARN prune_race_condition: Job processing started job_id="eoa_0x1234_137" lease_token="1790450494_eoa_0x1234_137_1_cFOmnJoLi65Hz3wzZOE5v" worker_count=1
2026-09-26T19:21:34.382884Z  WARN prune_race_condition: Job processing started job_id="eoa_0x1234_137" lease_token="1790450494_eoa_0x1234_137_1_QGPOc8EeX_C3xHZkVL2Um" worker_count=1
2026-09-26T19:21:34.483363Z  WARN prune_race_condition: Job processing started job_id="eoa_0x1234_137" lease_token="1790450494_eoa_0x1234_137_1_cnCB4yszAOGQbI-iPqtPk" worker_count=1
2026-09-26T19:21:34.584024Z  WARN prune_race_condition: Job processing started job_id="eoa_0x1234_137" lease_token="1790450494_eoa_0x1234_137_1_wvE39NWDYKcQpi0DK3pBl" worker_count=1
2026-09-26T19:21:34.682980Z  WARN prune_race_condition: Job processing started job_id="eoa_0x1234_137" lease_token="1790450494_eoa_0x1234_137_1_BY1hT7x3S8ci_xPCEiLy8" worker_count=1
2026-09-26T19:21:34.782763Z  WARN prune_race_condition: Job processing started job_id="eoa_0x1234_137" lease_token="1790450494_eoa_0x1234_137_1_SboOnSBVpUtxgWyVsBNAD" worker_count=1
2026-09-26T19:21:34.883802Z  WARN prune_race_condition: Job processing started job_id="eoa_0x1234_137" lease_token="1790450494_eoa_0x1234_137_1_Tq-anrpKhfOykwP_iPlam" worker_count=1
2026-09-26T19:21:34.982487Z  WARN prune_race_condition: Job processing started job_id="eoa_0x1234_137" lease_token="1790450494_eoa_0x1234_137_1_LbBz-Hnc4uCXcg8TjJFy0" worker_count=1
2026-09-26T19:21:35.035265Z  WARN prune_race_condition: Job processing started job_id="eoa_0x1234_137" lease_token="1790450495_eoa_0x1234_137_1_Gb4zy3TtbrDQJ9sbK4Vgy" worker_count=1
2026-09-26T19:21:35.184781Z  WARN prune_race_condition: Job processing started job_id="eoa_0x1234_137" lease_token="1790450495_eoa_0x1234_137_1_GPgSubEWlRrTmhN91PTXI" worker_count=1
2026-09-26T19:21:35.240524Z  WARN prune_race_condition: Job processing started job_id="eoa_0x1234_137" lease_token="1790450495_eoa_0x1234_137_1_0W1Jngnyigbu58QqAnj7E" worker_count=1
2026-09-26T19:21:35.384444Z  WARN prune_race_condition: Job processing started job_id="eoa_0x1234_137" lease_token="1790450495_eoa_0x1234_137_1_5Bc2Dl5lB4Hvcgo2K-FQ1" worker_count=1
2026-09-26T19:21:35.484530Z  WARN prune_race_condition: Job processing started job_id="eoa_0x1234_137" lease_token="1790450495_eoa_0x1234_137_1_8eErDkFBtdpoZPfRILC0R" worker_count=1
2026-09-26T19:21:35.584124Z  WARN prune_race_condition: Job processing started job_id="eoa_0x1234_137" lease_token="1790450495_eoa_0x1234_137_1_R_WZxply7nOd0FB3C7GVf" worker_count=1
2026-09-26T19:21:35.683678Z  WARN prune_race_condition: Job processing started job_id="eoa_0x1234_137" lease_token="1790450495_eoa_0x1234_137_1_2z06hjlOIA0yNJ_uYHFa3" worker_count=1
2026-09-26T19:21:35.783536Z  WARN prune_race_condition: Job processing started job_id="eoa_0x1234_137" lease_token="1790450495_eoa_0x1234_137_1_p_hU5MuzBYZ7PG79eki_s" worker_count=1
2026-09-26T19:21:35.883472Z  WARN prune_race_condition: Job processing started job_id="eoa_0x1234_137" lease_token="1790450495_eoa_0x1234_137_1_npzzhgG_gczvWBZ4SXpR2" worker_count=1
2026-09-26T19:21:35.983398Z  WARN prune_race_condition: Job processing started job_id="eoa_0x1234_137" lease_token="1790450495_eoa_0x1234_137_1_c80AIrxDTgxut5y6_iaAM" worker_count=1
2026-09-26T19:21:36.083266Z  WARN prune_race_condition: Job processing started job_id="eoa_0x1234_137" lease_token="1790450496_eoa_0x1234_137_1_-gaTFpRsxyzeOKyRd9cXd" worker_count=1
2026-09-26T19:21:36.182909Z  WARN prune_race_condition: Job processing started job_id="eoa_0x1234_137" lease_token="1790450496_eoa_0x1234_137_1__bwX6iIxAjLtUfX9JY-DX" worker_count=1
2026-09-26T19:21:36.283459Z  WARN prune_race_condition: Job processing started job_id="eoa_0x1234_137" lease_token="1790450496_eoa_0x1234_137_1_dPezf8wnT6Ud3yK0WT9eT" worker_count=1
2026-09-26T19:21:36.383540Z  WARN prune_race_condition: Job processing started job_id="eoa_0x1234_137" lease_token="1790450496_eoa_0x1234_137_1_ULO0ivyVrZY-t06iQRJwe" worker_count=1
2026-09-26T19:21:36.483989Z  WARN prune_race_condition: Job processing started job_id="eoa_0x1234_137" lease_token="1790450496_eoa_0x1234_137_1_JJ2w4iqeagPcBrs8PFRRb" worker_count=1
2026-09-26T19:21:36.583532Z  WARN prune_race_condition: Job processing started job_id="eoa_0x1234_137" lease_token="1790450496_eoa_0x1234_137_1_UDJ_qZz8XQwJw_6J2mwcQ" worker_count=1
2026-09-26T19:21:36.683805Z  WARN prune_race_condition: Job processing started job_id="eoa_0x1234_137" lease_token="1790450496_eoa_0x1234_137_1_Edp364hqo6_Y_d7xEa8B_" worker_count=1
2026-09-26T19:21:36.783724Z  WARN prune_race_condition: Job processing started job_id="eoa_0x1234_137" lease_token="1790450496_eoa_0x1234_137_1_4Tw0QvLgiieQwVqFCVHKT" worker_count=1
2026-09-26T19:21:36.883866Z  WARN prune_race_condition: Job processing started job_id="eoa_0x1234_137" lease_token="1790450496_eoa_0x1234_137_1_wyWRaYFy-EpI8kIkZYsUx" worker_count=1
2026-09-26T19:21:36.983544Z  WARN prune_race_condition: Job processing started job_id="eoa_0x1234_137" lease_token="1790450496_eoa_0x1234_137_1_ySzogsz-0KZ9ymYmn4PVK" worker_count=1
2026-09-26T19:21:37.083463Z  WARN prune_race_condition: Job processing started job_id="eoa_0x1234_137" lease_token="1790450497_eoa_0x1234_137_1_vKhNpDy5SdyUNDkoshpoI" worker_count=1
2026-09-26T19:21:37.184028Z  WARN prune_race_condition: Job processing started job_id="eoa_0x1234_137" lease_token="1790450497_eoa_0x1234_137_1_v0MfvnyFvE6xg_26fnw7-" worker_count=1
2026-09-26T19:21:37.236744Z  WARN prune_race_condition: Job processing started job_id="eoa_0x1234_137" lease_token="1790450497_eoa_0x1234_137_1_x-XPE_AWPWkZN0W148oj4" worker_count=1
2026-09-26T19:21:37.383553Z  WARN prune_race_condition: Job processing started job_id="eoa_0x1234_137" lease_token="1790450497_eoa_0x1234_137_1_3KchvvLae6fSyXMSw9rJP" worker_count=1
2026-09-26T19:21:37.483842Z  WARN prune_race_condition: Job processing started job_id="eoa_0x1234_137" lease_token="1790450497_eoa_0x1234_137_1_wOnS9TY6-fO5BC_wYIMEj" worker_count=1
2026-09-26T19:21:37.583650Z  WARN prune_race_condition: Job processing started job_id="eoa_0x1234_137" lease_token="1790450497_eoa_0x1234_137_1_0WizLoT3-JaXwv-BKUWJS" worker_count=1
2026-09-26T19:21:37.684060Z  WARN prune_race_condition: Job processing started job_id="eoa_0x1234_137" lease_token="1790450497_eoa_0x1234_137_1_LBvXsFaO8ZDD8Zx5JZYnv" worker_count=1
2026-09-26T19:21:37.785419Z  WARN prune_race_condition: Job processing started job_id="eoa_0x1234_137" lease_token="1790450497_eoa_0x1234_137_1_vEE9Mbv4cVhUS3pS7VJhy" worker_count=1
2026-09-26T19:21:37.884460Z  WARN prune_race_condition: Job processing started job_id="eoa_0x1234_137" lease_token="1790450497_eoa_0x1234_137_1_d8I5PgSV3DGQF_Yuke0iQ" worker_count=1
2026-09-26T19:21:37.938117Z  WARN prune_race_condition: Job processing started job_id="eoa_0x1234_137" lease_token="1790450497_eoa_0x1234_137_1_Y8nqZq4CEm6FCnTQLEGDF" worker_count=1
2026-09-26T19:21:38.084277Z  WARN prune_race_condition: Job processing started job_id="eoa_0x1234_137" lease_token="1790450498_eoa_0x1234_137_1_sPdVBnwsN7uaQKvqNSHji" worker_count=1
2026-09-26T19:21:38.183909Z  WARN prune_race_condition: Job processing started job_id="eoa_0x1234_137" lease_token="1790450498_eoa_0x1234_137_1_GmWw1gWrgSWM40W6wI38O" worker_count=1
2026-09-26T19:21:38.283638Z  WARN prune_race_condition: Job processing started job_id="eoa_0x1234_137" lease_token="1790450498_eoa_0x1234_137_1_slYgErq-TpspEVE2jg_g-" worker_count=1
2026-09-26T19:21:38.384004Z  WARN prune_race_condition: Job processing started job_id="eoa_0x1234_137" lease_token="1790450498_eoa_0x1234_137_1_dJyUhCnFjzCke7eY2WbKL" worker_count=1
2026-09-26T19:21:38.483689Z  WARN prune_race_condition: Job processing started job_id="eoa_0x1234_137" lease_token="1790450498_eoa_0x1234_137_1__qbE2XJcKmUAOwwVCYOVh" worker_count=1
2026-09-26T19:21:38.584064Z  WARN prune_race_condition: Job processing started job_id="eoa_0x1234_137" lease_token="1790450498_eoa_0x1234_137_1_dIT2891Hbcc7fS9YISC3g" worker_count=1
2026-09-26T19:21:38.684602Z  WARN prune_race_condition: Job processing started job_id="eoa_0x1234_137" lease_token="1790450498_eoa_0x1234_137_1_iSvKgZ5Q3D9quV-Dcrr6M" worker_count=1
2026-09-26T19:21:38.784484Z  WARN prune_race_condition: Job processing started job_id="eoa_0x1234_137" lease_token="1790450498_eoa_0x1234_137_1_vmRtxnZDDmkWNjfJ5CQhP" worker_count=1
2026-09-26T19:21:38.884080Z  WARN prune_race_condition: Job processing started job_id="eoa_0x1234_137" lease_token="1790450498_eoa_0x1234_137_1_s_O_tcx7wPb3PlTjT_p48" worker_count=1
2026-09-26T19:21:38.983875Z  WARN prune_race_condition: Job processing started job_id="eoa_0x1234_137" lease_token="1790450498_eoa_0x1234_137_1_-IKmmvlsjEOFcGkkB72LP" worker_count=1
2026-09-26T19:21:39.083448Z  WARN prune_race_condition: Job processing started job_id="eoa_0x1234_137" lease_token="1790450499_eoa_0x1234_137_1_hawuto6AcrGqet1Yg1enu" worker_count=1
2026-09-26T19:21:39.184638Z  WARN prune_race_condition: Job processing started job_id="eoa_0x1234_137" lease_token="1790450499_eoa_0x1234_137_1_qVkgQwz0tZui92MvtpE2z" worker_count=1
2026-09-26T19:21:39.283217Z  WARN prune_race_condition: Job processing started job_id="eoa_0x1234_137" lease_token="1790450499_eoa_0x1234_137_1__iUCguvGxBYg5JbyGXHQR" worker_count=1
2026-09-26T19:21:39.382974Z  WARN prune_race_condition: Job processing started job_id="eoa_0x1234_137" lease_token="1790450499_eoa_0x1234_137_1_18oHz2HdFtx-Jdm4A3wvg" worker_count=1
2026-09-26T19:21:39.483778Z  WARN prune_race_condition: Job processing started job_id="eoa_0x1234_137" lease_token="1790450499_eoa_0x1234_137_1_9HdB5o8TjPh2OKh1sUdlz" worker_count=1
2026-09-26T19:21:39.583351Z  WARN prune_race_condition: Job processing started job_id="eoa_0x1234_137" lease_token="1790450499_eoa_0x1234_137_1_seU8R0nRehbkBu8P1Tan2" worker_count=1
2026-09-26T19:21:39.683332Z  WARN prune_race_condition: Job processing started job_id="eoa_0x1234_137" lease_token="1790450499_eoa_0x1234_137_1_HJoP5St3xl8bTIadoSMAa" worker_count=1
2026-09-26T19:21:39.736878Z  WARN prune_race_condition: Job processing started job_id="eoa_0x1234_137" lease_token="1790450499_eoa_0x1234_137_1_PVHoG0Imve41YLjxE42ip" worker_count=1
2026-09-26T19:21:39.789819Z  WARN prune_race_condition: Job processing started job_id="eoa_0x1234_137" lease_token="1790450499_eoa_0x1234_137_1_QCYtO18sVMWC7Q69KCixf" worker_count=1
2026-09-26T19:21:39.883162Z  WARN prune_race_condition: Job processing started job_id="eoa_0x1234_137" lease_token="1790450499_eoa_0x1234_137_1_X-IKt2IrNx7bO4CCvDBcw" worker_count=1
2026-09-26T19:21:39.984437Z  WARN prune_race_condition: Job processing started job_id="eoa_0x1234_137" lease_token="1790450499_eoa_0x1234_137_1_sawBlh_I4_Axnntumz65x" worker_count=1
2026-09-26T19:21:40.082535Z  WARN prune_race_condition: Job processing started job_id="eoa_0x1234_137" lease_token="1790450500_eoa_0x1234_137_1_u0ojRKkrz4lyJ45pa-SRw" worker_count=1
2026-09-26T19:21:40.184654Z  WARN prune_race_condition: Job processing started job_id="eoa_0x1234_137" lease_token="1790450500_eoa_0x1234_137_1_w5FhDJuqDSowVGKp-Mrtr" worker_count=1
2026-09-26T19:21:40.283268Z  WARN prune_race_condition: Job processing started job_id="eoa_0x1234_137" lease_token="1790450500_eoa_0x1234_137_1_VAnMrpz7unYe61r8HY4VQ" worker_count=1
2026-09-26T19:21:40.384109Z  WARN prune_race_condition: Job processing started job_id="eoa_0x1234_137" lease_token="1790450500_eoa_0x1234_137_1_b2IIxny-1FR_tOQhptz4X" worker_count=1
2026-09-26T19:21:40.482569Z  WARN prune_race_condition: Job processing started job_id="eoa_0x1234_137" lease_token="1790450500_eoa_0x1234_137_1_8NtkIXjRhVDIrWzGWPf4H" worker_count=1
2026-09-26T19:21:40.583897Z  WARN prune_race_condition: Job processing started job_id="eoa_0x1234_137" lease_token="1790450500_eoa_0x1234_137_1_RsInj1nShfxSAmoZuVz0b" worker_count=1
2026-09-26T19:21:40.684307Z  WARN prune_race_condition: Job processing started job_id="eoa_0x1234_137" lease_token="1790450500_eoa_0x1234_137_1_4XNvuNxO49zzdNq3u0vOD" worker_count=1
2026-09-26T19:21:40.784313Z  WARN prune_race_condition: Job processing started job_id="eoa_0x1234_137" lease_token="1790450500_eoa_0x1234_137_1_qrdSDUOMGYSOqSNOoxVd5" worker_count=1
2026-09-26T19:21:40.883999Z  WARN prune_race_condition: Job processing started job_id="eoa_0x1234_137" lease_token="1790450500_eoa_0x1234_137_1_rrpACS4kPcyNqmnzLJ3eT" worker_count=1
2026-09-26T19:21:40.983742Z  WARN prune_race_condition: Job processing started job_id="eoa_0x1234_137" lease_token="1790450500_eoa_0x1234_137_1_M8OSFvOhjgbkdc8RhR4XT" worker_count=1
2026-09-26T19:21:41.084820Z  WARN prune_race_condition: Job processing started job_id="eoa_0x1234_137" lease_token="1790450501_eoa_0x1234_137_1_1EPnBhEh6vbQeJuMxNlJW" worker_count=1
2026-09-26T19:21:41.184037Z  WARN prune_race_condition: Job processing started job_id="eoa_0x1234_137" lease_token="1790450501_eoa_0x1234_137_1_dq0RxAznuPZEjqEsIENL-" worker_count=1
2026-09-26T19:21:41.284537Z  WARN prune_race_condition: Job processing started job_id="eoa_0x1234_137" lease_token="1790450501_eoa_0x1234_137_1_az2aZ8YNNl8tu8sFRwztI" worker_count=1
2026-09-26T19:21:41.382695Z  WARN prune_race_condition: Job processing started job_id="eoa_0x1234_137" lease_token="1790450501_eoa_0x1234_137_1_ODWtoij6pxfCu2DHOpRHc" worker_count=1
2026-09-26T19:21:41.484072Z  WARN prune_race_condition: Job processing started job_id="eoa_0x1234_137" lease_token="1790450501_eoa_0x1234_137_1_tNn3H6IFXVqAVNBQv5Om6" worker_count=1
2026-09-26T19:21:41.584172Z  WARN prune_race_condition: Job processing started job_id="eoa_0x1234_137" lease_token="1790450501_eoa_0x1234_137_1_5dJ3ueWHiPdQCohoaiJI1" worker_count=1
2026-09-26T19:21:41.683059Z  WARN prune_race_condition: Job processing started job_id="eoa_0x1234_137" lease_token="1790450501_eoa_0x1234_137_1_z-bc702Rk5kzrrlpOuZbI" worker_count=1
2026-09-26T19:21:41.782612Z  WARN prune_race_condition: Job processing started job_id="eoa_0x1234_137" lease_token="1790450501_eoa_0x1234_137_1_82ju99SDQyH2rb2TTmdyK" worker_count=1
2026-09-26T19:21:41.883949Z  WARN prune_race_condition: Job processing started job_id="eoa_0x1234_137" lease_token="1790450501_eoa_0x1234_137_1_hgYo_mo-SLkWwSd32ZQA_" worker_count=1
2026-09-26T19:21:41.983882Z  WARN prune_race_condition: Job processing started job_id="eoa_0x1234_137" lease_token="1790450501_eoa_0x1234_137_1_qlT8UXxcJDvzwJY9QcuAz" worker_count=1
2026-09-26T19:21:42.083752Z  WARN prune_race_condition: Job processing started job_id="eoa_0x1234_137" lease_token="1790450502_eoa_0x1234_137_1_DMtgw24Xk4X1FO6HBym61" worker_count=1
2026-09-26T19:21:42.184367Z  WARN prune_race_condition: Job processing started job_id="eoa_0x1234_137" lease_token="1790450502_eoa_0x1234_137_1_guX7c0ayKTJ4DdzqLgeHB" worker_count=1
2026-09-26T19:21:42.283996Z  WARN prune_race_condition: Job processing started job_id="eoa_0x1234_137" lease_token="1790450502_eoa_0x1234_137_1_zor8FND9VSbUwWdQjOdFg" worker_count=1
2026-09-26T19:21:42.384047Z  WARN prune_race_condition: Job processing started job_id="eoa_0x1234_137" lease_token="1790450502_eoa_0x1234_137_1_uoy1IvJe6jpxeVr7wXapR" worker_count=1
2026-09-26T19:21:42.483538Z  WARN prune_race_condition: Job processing started job_id="eoa_0x1234_137" lease_token="1790450502_eoa_0x1234_137_1__munhWy2FOi8lt7wSjA8j" worker_count=1
2026-09-26T19:21:42.582953Z  WARN prune_race_condition: Job processing started job_id="eoa_0x1234_137" lease_token="1790450502_eoa_0x1234_137_1_SWqz_ukrDEWrwgXJtuI7A" worker_count=1
2026-09-26T19:21:42.683836Z  WARN prune_race_condition: Job processing started job_id="eoa_0x1234_137" lease_token="1790450502_eoa_0x1234_137_1_dRSrAA8JTRbPuCw50Jpos" worker_count=1
2026-09-26T19:21:42.783398Z  WARN prune_race_condition: Job processing started job_id="eoa_0x1234_137" lease_token="1790450502_eoa_0x1234_137_1_aU4SzFlj8pS5V3SUZ4Vhy" worker_count=1
2026-09-26T19:21:42.883945Z  WARN prune_race_condition: Job processing started job_id="eoa_0x1234_137" lease_token="1790450502_eoa_0x1234_137_1_coM1daOhRqRzvX96Yt1qV" worker_count=1
2026-09-26T19:21:42.984895Z  WARN prune_race_condition: Job processing started job_id="eoa_0x1234_137" lease_token="1790450502_eoa_0x1234_137_1_FcTVvyGxcA29YgY65P9lA" worker_count=1
2026-09-26T19:21:43.084228Z  WARN prune_race_condition: Job processing started job_id="eoa_0x1234_137" lease_token="1790450503_eoa_0x1234_137_1_ueeG2b3YHpwfW6gnxktdE" worker_count=1
2026-09-26T19:21:43.182668Z  WARN prune_race_condition: Job processing started job_id="eoa_0x1234_137" lease_token="1790450503_eoa_0x1234_137_1_xX5lDtr1pqCdkrwrSB78u" worker_count=1
2026-09-26T19:21:43.235716Z  WARN prune_race_condition: Job processing started job_id="eoa_0x1234_137" lease_token="1790450503_eoa_0x1234_137_1_sF-GPDakToBRdbgPT63xH" worker_count=1
2026-09-26T19:21:43.383473Z  WARN prune_race_condition: Job processing started job_id="eoa_0x1234_137" lease_token="1790450503_eoa_0x1234_137_1_quuFZg5rGwxUR_6hk_QkI" worker_count=1
2026-09-26T19:21:43.484531Z  WARN prune_race_condition: Job processing started job_id="eoa_0x1234_137" lease_token="1790450503_eoa_0x1234_137_1_32YP6BjpgYtKHmJIytL-z" worker_count=1
2026-09-26T19:21:43.585264Z  WARN prune_race_condition: Job processing started job_id="eoa_0x1234_137" lease_token="1790450503_eoa_0x1234_137_1__RVYA26O01ChCMPkRc8HK" worker_count=1
2026-09-26T19:21:43.684895Z  WARN prune_race_condition: Job processing started job_id="eoa_0x1234_137" lease_token="1790450503_eoa_0x1234_137_1_dvm_ocCHO6huc6_vcfroa" worker_count=1
2026-09-26T19:21:43.785418Z  WARN prune_race_condition: Job processing started job_id="eoa_0x1234_137" lease_token="1790450503_eoa_0x1234_137_1_IcFiwaxfdNq63FlE2Zye9" worker_count=1
2026-09-26T19:21:43.883611Z  WARN prune_race_condition: Job processing started job_id="eoa_0x1234_137" lease_token="1790450503_eoa_0x1234_137_1_diu8XMnFcTtVumPvLP0ug" worker_count=1
2026-09-26T19:21:43.984057Z  WARN prune_race_condition: Job processing started job_id="eoa_0x1234_137" lease_token="1790450503_eoa_0x1234_137_1_0iNCQypMCbNu8FPu-PZiN" worker_count=1
2026-09-26T19:21:44.037216Z  WARN prune_race_condition: Job processing started job_id="eoa_0x1234_137" lease_token="1790450504_eoa_0x1234_137_1_USZH-XPjQhWVmjzWRYae5" worker_count=1
2026-09-26T19:21:44.184093Z  WARN prune_race_condition: Job processing started job_id="eoa_0x1234_137" lease_token="1790450504_eoa_0x1234_137_1_GYwxVB8wimrw9VUeqT7-9" worker_count=1
2026-09-26T19:21:44.283457Z  WARN prune_race_condition: Job processing started job_id="eoa_0x1234_137" lease_token="1790450504_eoa_0x1234_137_1_ySrszaLHoP5pc4mYqbInB" worker_count=1
2026-09-26T19:21:44.384608Z  WARN prune_race_condition: Job processing started job_id="eoa_0x1234_137" lease_token="1790450504_eoa_0x1234_137_1_V690BIM-nLrS0gQhUiYJZ" worker_count=1
2026-09-26T19:21:44.483465Z  WARN prune_race_condition: Job processing started job_id="eoa_0x1234_137" lease_token="1790450504_eoa_0x1234_137_1_xw8fI6Br9cFulu_zzHBHL" worker_count=1
2026-09-26T19:21:44.583426Z  WARN prune_race_condition: Job processing started job_id="eoa_0x1234_137" lease_token="1790450504_eoa_0x1234_137_1_x5Qdzs0QX3vT2w2-BSx3t" worker_count=1
2026-09-26T19:21:44.683746Z  WARN prune_race_condition: Job processing started job_id="eoa_0x1234_137" lease_token="1790450504_eoa_0x1234_137_1_yY_bPE8hzA8Apc_sZ9FCF" worker_count=1
2026-09-26T19:21:44.782719Z  WARN prune_race_condition: Job processing started job_id="eoa_0x1234_137" lease_token="1790450504_eoa_0x1234_137_1_XR1BEYl5HJFjFs52W7vi2" worker_count=1
2026-09-26T19:21:44.836959Z  WARN prune_race_condition: Job processing started job_id="eoa_0x1234_137" lease_token="1790450504_eoa_0x1234_137_1_gxbAlN5eK2ttHQDV_18us" worker_count=1
2026-09-26T19:21:44.984990Z  WARN prune_race_condition: Job processing started job_id="eoa_0x1234_137" lease_token="1790450504_eoa_0x1234_137_1_i58lDtaYJxCbiAh2OXMqL" worker_count=1
2026-09-26T19:21:45.085249Z  WARN prune_race_condition: Job processing started job_id="eoa_0x1234_137" lease_token="1790450505_eoa_0x1234_137_1_8iJhnDZ_8KncMUwk7BUjR" worker_count=1
2026-09-26T19:21:45.183298Z  WARN prune_race_condition: Job processing started job_id="eoa_0x1234_137" lease_token="1790450505_eoa_0x1234_137_1_0BlTaGEs4Hr_jT-tM-TND" worker_count=1
2026-09-26T19:21:45.283982Z  WARN prune_race_condition: Job processing started job_id="eoa_0x1234_137" lease_token="1790450505_eoa_0x1234_137_1_BUrbSy7gwiSbfd9Dx0GIp" worker_count=1
2026-09-26T19:21:45.384251Z  WARN prune_race_condition: Job processing started job_id="eoa_0x1234_137" lease_token="1790450505_eoa_0x1234_137_1_vkOG3ZSb8YLrsbLrNpmXZ" worker_count=1
2026-09-26T19:21:45.483215Z  WARN prune_race_condition: Job processing started job_id="eoa_0x1234_137" lease_token="1790450505_eoa_0x1234_137_1_L5ScozRxZTd30vW0CsSp-" worker_count=1
2026-09-26T19:21:45.584198Z  WARN prune_race_condition: Job processing started job_id="eoa_0x1234_137" lease_token="1790450505_eoa_0x1234_137_1_sZ_HHGH-MyWxzTxXGED2j" worker_count=1
2026-09-26T19:21:45.684214Z  WARN prune_race_condition: Job processing started job_id="eoa_0x1234_137" lease_token="1790450505_eoa_0x1234_137_1_uF2pRrepocCBHmviYKafy" worker_count=1
2026-09-26T19:21:45.785421Z  WARN prune_race_condition: Job processing started job_id="eoa_0x1234_137" lease_token="1790450505_eoa_0x1234_137_1_jpqNmYRl6ejLfWRHSARmg" worker_count=1
2026-09-26T19:21:45.884334Z  WARN prune_race_condition: Job processing started job_id="eoa_0x1234_137" lease_token="1790450505_eoa_0x1234_137_1_rtDRYymoAFfvkf85hFRIG" worker_count=1
2026-09-26T19:21:45.984356Z  WARN prune_race_condition: Job processing started job_id="eoa_0x1234_137" lease_token="1790450505_eoa_0x1234_137_1_3q8mEkZ1xcjTz8VWiB-Ff" worker_count=1
2026-09-26T19:21:46.046327Z  WARN prune_race_condition: === RESULTS ===
2026-09-26T19:21:46.046358Z  WARN prune_race_condition: Race detected: false
2026-09-26T19:21:46.046365Z  WARN prune_race_condition: Total successes: 762
2026-09-26T19:21:46.046371Z  WARN prune_race_condition: Total nacks: 0
ok

test result: ok. 1 passed; 0 failed; 0 ignored; 0 measured; 0 filtered out; finished in 75.57s

     Running tests/prune_race_random_ids.rs (target/debug/deps/prune_race_random_ids-d513a30c6ee21b78)

running 1 test
test test_prune_with_random_ids ... ok

test result: ok. 1 passed; 0 failed; 0 ignored; 0 measured; 0 filtered out; finished in 1.51s

   Doc-tests engine_aa_core

running 0 tests

test result: ok. 0 passed; 0 failed; 0 ignored; 0 measured; 0 filtered out; finished in 0.00s

   Doc-tests engine_aa_types

running 0 tests

test result: ok. 0 passed; 0 failed; 0 ignored; 0 measured; 0 filtered out; finished in 0.00s

   Doc-tests engine_core

running 0 tests

test result: ok. 0 passed; 0 failed; 0 ignored; 0 measured; 0 filtered out; finished in 0.00s

   Doc-tests engine_eip7702_core

running 0 tests

test result: ok. 0 passed; 0 failed; 0 ignored; 0 measured; 0 filtered out; finished in 0.00s

   Doc-tests engine_executors

running 0 tests

test result: ok. 0 passed; 0 failed; 0 ignored; 0 measured; 0 filtered out; finished in 0.00s

   Doc-tests engine_integration_tests

running 0 tests

test result: ok. 0 passed; 0 failed; 0 ignored; 0 measured; 0 filtered out; finished in 0.00s

   Doc-tests engine_solana_core

running 0 tests

test result: ok. 0 passed; 0 failed; 0 ignored; 0 measured; 0 filtered out; finished in 0.00s

   Doc-tests thirdweb_core

running 0 tests

test result: ok. 0 passed; 0 failed; 0 ignored; 0 measured; 0 filtered out; finished in 0.00s

   Doc-tests thirdweb_engine

running 0 tests

test result: ok. 0 passed; 0 failed; 0 ignored; 0 measured; 0 filtered out; finished in 0.00s

   Doc-tests twmq

running 0 tests

test result: ok. 0 passed; 0 failed; 0 ignored; 0 measured; 0 filtered out; finished in 0.00s
