   Compiling engine-core v0.1.0 (/Users/alfongj/Code/engine-core/core)
warning: struct `TestJobPayload` is never constructed
  --> twmq/tests/fixtures.rs:16:12
   |
16 | pub struct TestJobPayload {
   |            ^^^^^^^^^^^^^^
   |
   = note: `#[warn(dead_code)]` (part of `#[warn(unused)]`) on by default

warning: struct `TestJobOutput` is never constructed
  --> twmq/tests/fixtures.rs:22:12
   |
22 | pub struct TestJobOutput {
   |            ^^^^^^^^^^^^^

warning: static `TEST_JOB_PROCESSED_SUCCESSFULLY` is never used
  --> twmq/tests/fixtures.rs:49:12
   |
49 | pub static TEST_JOB_PROCESSED_SUCCESSFULLY: AtomicBool = AtomicBool::new(false);
   |            ^^^^^^^^^^^^^^^^^^^^^^^^^^^^^^^

warning: struct `TestJobHandler` is never constructed
  --> twmq/tests/fixtures.rs:51:12
   |
51 | pub struct TestJobHandler;
   |            ^^^^^^^^^^^^^^

warning: `twmq` (test "nack") generated 4 warnings
warning: unused variable: `race_detected`
   --> twmq/tests/prune_race_condition.rs:302:9
    |
302 |     let race_detected = RACE_DETECTED.load(Ordering::SeqCst);
    |         ^^^^^^^^^^^^^ help: if this is intentional, prefix it with an underscore: `_race_detected`
    |
    = note: `#[warn(unused_variables)]` (part of `#[warn(unused)]`) on by default

warning: `twmq` (test "lease_expiry") generated 4 warnings (4 duplicates)
warning: `twmq` (test "basic_hook") generated 3 warnings (3 duplicates)
warning: `twmq` (test "prune_race_condition") generated 5 warnings (4 duplicates) (run `cargo fix --test "prune_race_condition" -p twmq` to apply 1 suggestion)
warning: `twmq` (test "prune_race_random_ids") generated 4 warnings (4 duplicates)
warning: `twmq` (test "delay") generated 4 warnings (4 duplicates)
   Compiling engine-eip7702-core v0.1.0 (/Users/alfongj/Code/engine-core/eip7702-core)
   Compiling engine-aa-core v0.1.0 (/Users/alfongj/Code/engine-core/aa-core)
   Compiling engine-integration-tests v0.1.0 (/Users/alfongj/Code/engine-core/integration-tests)
   Compiling engine-executors v0.1.0 (/Users/alfongj/Code/engine-core/executors)
warning: constant `MAX_INFLIGHT_PER_EOA` is never used
  --> executors/src/eoa/worker/mod.rs:36:7
   |
36 | const MAX_INFLIGHT_PER_EOA: u64 = 100; // Default from spec
   |       ^^^^^^^^^^^^^^^^^^^^
   |
   = note: `#[warn(dead_code)]` (part of `#[warn(unused)]`) on by default

warning: constant `MAX_RECYCLED_THRESHOLD` is never used
  --> executors/src/eoa/worker/mod.rs:37:7
   |
37 | const MAX_RECYCLED_THRESHOLD: u64 = 50; // Circuit breaker from spec
   |       ^^^^^^^^^^^^^^^^^^^^^^

warning: constant `TARGET_TRANSACTIONS_PER_EOA` is never used
  --> executors/src/eoa/worker/mod.rs:38:7
   |
38 | const TARGET_TRANSACTIONS_PER_EOA: u64 = 10; // Fleet management from spec
   |       ^^^^^^^^^^^^^^^^^^^^^^^^^^^

warning: constant `MIN_TRANSACTIONS_PER_EOA` is never used
  --> executors/src/eoa/worker/mod.rs:39:7
   |
39 | const MIN_TRANSACTIONS_PER_EOA: u64 = 1; // Fleet management from spec
   |       ^^^^^^^^^^^^^^^^^^^^^^^^

   Compiling thirdweb-engine v0.1.0 (/Users/alfongj/Code/engine-core/server)
warning: `engine-executors` (lib) generated 4 warnings
warning: `engine-executors` (lib test) generated 4 warnings (4 duplicates)
    Finished `test` profile [unoptimized + debuginfo] target(s) in 23.02s
     Running unittests src/lib.rs (target/debug/deps/engine_aa_core-76b77561d32b47e6)

running 5 tests
test account_factory::default::tests::test_v06_address_prediction ... ok
test account_factory::default::tests::test_v07_address_prediction ... ok
test signer::tests::erc6492_matches_standard_abi_layout ... ok
test signer::tests::erc6492_verifier_can_decode_empty_and_non_word_aligned_payloads ... ok
test userop::builder::signing_profile_tests::reviewed_profiles_require_the_expected_account_admin_and_salt ... ok

test result: ok. 5 passed; 0 failed; 0 ignored; 0 measured; 0 filtered out; finished in 0.00s

     Running unittests src/lib.rs (target/debug/deps/engine_aa_types-ea079eca9d485aa2)

running 0 tests

test result: ok. 0 passed; 0 failed; 0 ignored; 0 measured; 0 filtered out; finished in 0.00s

     Running unittests src/lib.rs (target/debug/deps/engine_core-782662225f1fa99d)

running 10 tests
test error::rpc_redaction_tests::solana_error_conversion_keeps_codes_and_withholds_provider_text ... ok
test error::rpc_redaction_tests::typed_result_deserialization_diagnostics_do_not_echo_provider_payload ... ok
test execution_options::tests::test_webhook_options_user_metadata_validation ... ok
test rpc_clients::transport::tests::error_redaction_protects_bearer_tokens_and_credential_subdomains ... ok
test rpc_clients::transport::tests::error_redaction_protects_encoded_and_decoded_path_credentials ... ok
test rpc_clients::transport::tests::error_redaction_protects_raw_and_decoded_userinfo_and_query_values ... ok
test rpc_clients::transport::tests::url_redaction_preserves_success_payloads_and_revert_bytes ... ok
test transaction::fee_parsing_tests::invalid_fee_fields_are_not_silently_discarded_by_flattened_option ... ok
test transaction::fee_parsing_tests::legacy_and_dynamic_fees_survive_request_and_storage_roundtrip ... ok
test transaction::fee_parsing_tests::signed_authorizations_select_eip7702_without_losing_fees ... ok

test result: ok. 10 passed; 0 failed; 0 ignored; 0 measured; 0 filtered out; finished in 0.21s

     Running tests/solana_signing.rs (target/debug/deps/solana_signing-75d35929dca6d972)

running 1 test
test solana_file_signer_preserves_wire_and_rejects_missing_signers_and_rotation ... ok

test result: ok. 1 passed; 0 failed; 0 ignored; 0 measured; 0 filtered out; finished in 0.54s

     Running unittests src/lib.rs (target/debug/deps/engine_eip7702_core-7437dadcbf505b63)

running 1 test
test transaction::replay_identity_tests::rebuilding_with_persisted_uid_preserves_signed_calls ... ok

test result: ok. 1 passed; 0 failed; 0 ignored; 0 measured; 0 filtered out; finished in 0.47s

     Running tests/integration_tests.rs (target/debug/deps/integration_tests-752be93dea87c0ba)

running 1 test
test test_eip7702_integration ... ignored, requires live Thirdweb bundler and Base Sepolia contract bytecode; see testing design

test result: ok. 0 passed; 0 failed; 1 ignored; 0 measured; 0 filtered out; finished in 0.00s

     Running unittests src/lib.rs (target/debug/deps/engine_executors-1345ee11b88a7efc)

running 67 tests
test eip7702_executor::confirm::tests::transaction_hash_retry_delay_respects_bucket_boundaries ... ok
test eoa::error_classifier::tests::test_already_known_mapping ... ok
test eoa::error_classifier::tests::test_insufficient_funds_mapping ... ok
test eoa::error_classifier::tests::test_nonce_too_low_mapping ... ok
test eoa::store::atomic::tests::aborted_exec_revalidates_before_reporting_commit ... ignored, requires disposable Redis in TEST_REDIS_URL
test eoa::store::atomic::tests::command_errors_are_not_retried_as_watch_conflicts ... ignored, requires disposable Redis in TEST_REDIS_URL
test eoa::store::atomic::tests::concurrent_conflicting_admissions_choose_one_immutable_request ... ignored, requires disposable Redis in TEST_REDIS_URL
test eoa::store::atomic::tests::conflicting_admission_cannot_overwrite_a_live_intent ... ignored, requires disposable Redis in TEST_REDIS_URL
test eoa::store::atomic::tests::duplicate_intent_cannot_reserve_two_incremented_nonces ... ignored, requires disposable Redis in TEST_REDIS_URL
test eoa::store::atomic::tests::incremented_batch_order_does_not_move_nonce_backward ... ignored, requires disposable Redis in TEST_REDIS_URL
test eoa::store::atomic::tests::pending_failure_commits_status_removal_and_retention ... ignored, requires disposable Redis in TEST_REDIS_URL
test eoa::store::atomic::tests::pending_failure_requires_current_pending_membership ... ignored, requires disposable Redis in TEST_REDIS_URL
test eoa::store::atomic::tests::recycled_nonce_cannot_be_reserved_by_two_intents ... ignored, requires disposable Redis in TEST_REDIS_URL
test eoa::store::atomic::tests::removed_pending_request_cannot_be_borrowed_from_a_stale_read ... ignored, requires disposable Redis in TEST_REDIS_URL
test eoa::store::atomic::tests::repeated_admission_preserves_pending_inflight_and_completed_state ... ignored, requires disposable Redis in TEST_REDIS_URL
test eoa::store::atomic::tests::reverted_receipt_fails_once_without_retrying_or_recycling_nonce ... ignored, requires disposable Redis in TEST_REDIS_URL
test eoa::store::atomic::tests::shared_unwatch_cannot_disable_a_stale_owner_fence ... ignored, requires disposable Redis in TEST_REDIS_URL
test eoa::store::atomic::tests::simple_lock_checked_write_rejects_takeover_before_exec ... ignored, requires disposable Redis in TEST_REDIS_URL
test eoa::store::atomic::tests::stale_owner_cannot_fail_pending_batch ... ignored, requires disposable Redis in TEST_REDIS_URL
test eoa::store::atomic::tests::stale_owner_cannot_fail_single_pending_request ... ignored, requires disposable Redis in TEST_REDIS_URL
test eoa::store::atomic::tests::successful_receipt_still_confirms_once_and_retains_history ... ignored, requires disposable Redis in TEST_REDIS_URL
test eoa::store::atomic::tests::trailing_recycled_nonce_resets_to_chain_count_including_zero ... ignored, requires disposable Redis in TEST_REDIS_URL
test eoa::worker::confirm::receipt_tests::legacy_fee_request_survives_storage_and_signed_wire_encoding ... ignored, requires disposable Redis in TEST_REDIS_URL; no RPC calls or live keys
test eoa::worker::confirm::receipt_tests::receipt_outage_cannot_requeue_an_already_broadcast_intent ... ignored, requires disposable Redis in TEST_REDIS_URL
test eoa::worker::confirm::receipt_tests::receipt_rpc_returns_only_matching_known_receipts ... ok
test eoa::worker::error::send_error_tests::ambiguous_transport_errors_preserve_the_submitted_transaction ... ok
test eoa::worker::transaction::fee_tests::estimated_fee_bumps_saturate_without_wrapping_or_panicking ... ok
test eoa::worker::transaction::fee_tests::explicit_fee_ceilings_skip_unchanged_replacements ... ok
test eoa::worker::transaction::fee_tests::signed_replacement_obeys_partial_fee_caps_and_preserves_transaction ... ok
test eoa::worker::transaction::fee_tests::stalled_nonce_preserves_capped_unbuildable_and_missing_intents ... ignored, requires disposable Redis in TEST_REDIS_URL
test external_bundler::deployment::tests::queued_error_retains_lock_identity_and_legacy_error_cannot_unlock ... ok
test external_bundler::deployment::tests::stale_completion_cannot_release_or_cache_for_a_new_owner ... ignored, requires disposable Redis in TEST_REDIS_URL
test metrics::tests::test_calculate_duration_seconds ... ok
test metrics::tests::test_calculate_duration_seconds_from_twmq ... ok
test metrics::tests::test_custom_metrics_registry ... ok
test metrics::tests::test_metrics_recording ... ok
test solana_executor::rpc_cache::tests::declared_oversize_is_rejected_before_waiting_for_body ... ok
test solana_executor::rpc_cache::tests::http_429_is_one_attempt_and_error_debug_withholds_url_headers_and_body ... ok
test solana_executor::rpc_cache::tests::invalid_json_and_connection_failures_are_secret_free ... ok
test solana_executor::rpc_cache::tests::oversized_chunked_body_is_bounded_without_content_length ... ok
test solana_executor::rpc_cache::tests::redirects_are_not_followed ... ok
test solana_executor::rpc_cache::tests::response_envelope_and_provider_errors_are_validated_without_echoing_data ... ok
test solana_executor::rpc_cache::tests::typed_client_uses_bounded_sender_and_preserves_null_results ... ok
test solana_executor::worker::recovery_tests::a_receipt_for_another_signature_is_not_success ... ignored, requires disposable Redis in TEST_REDIS_URL
test solana_executor::worker::recovery_tests::cache_key_debug_redacts_path_query_and_userinfo ... ok
test solana_executor::worker::recovery_tests::expiry_boundary_rebroadcasts_then_parks_without_re_signing ... ignored, requires disposable Redis in TEST_REDIS_URL
test solana_executor::worker::recovery_tests::landing_between_first_status_and_finalized_expiry_never_rebuilds ... ignored, requires disposable Redis in TEST_REDIS_URL
test solana_executor::worker::recovery_tests::legacy_attempt_is_made_persistent_and_never_rebuilt ... ignored, requires disposable Redis in TEST_REDIS_URL
test solana_executor::worker::recovery_tests::lost_response_and_already_processed_reconcile_one_signature ... ignored, requires disposable Redis in TEST_REDIS_URL
test solana_executor::worker::recovery_tests::lost_storage_lock_cannot_replace_or_resume_attempt ... ignored, requires disposable Redis in TEST_REDIS_URL
test solana_executor::worker::recovery_tests::malformed_status_count_and_disagreeing_error_fields_do_not_succeed ... ignored, requires disposable Redis in TEST_REDIS_URL
test solana_executor::worker::recovery_tests::persisted_before_send_crash_recovers_identical_bytes_without_signing ... ignored, requires disposable Redis in TEST_REDIS_URL
test solana_executor::worker::recovery_tests::previously_visible_then_stale_absence_never_re_signs_or_erases_evidence ... ignored, requires disposable Redis in TEST_REDIS_URL
test solana_executor::worker::recovery_tests::reconciliation_budget_parks_without_rpc_and_explicit_resume_preserves_identity ... ignored, requires disposable Redis in TEST_REDIS_URL
test solana_executor::worker::recovery_tests::redis_lock_command_failure_requeues_without_rpc_or_losing_attempt ... ignored, requires disposable Redis in TEST_REDIS_URL
test solana_executor::worker::recovery_tests::response_timeout_retains_the_exact_attempt_for_recovery ... ignored, requires disposable Redis in TEST_REDIS_URL
test solana_executor::worker::recovery_tests::serialized_attempt_checks_its_own_hash_and_parks_unknown_expiry ... ignored, requires disposable Redis in TEST_REDIS_URL
test solana_executor::worker::recovery_tests::terminal_cleanup_waits_for_commit_and_cancellation_retains_unknown_attempt ... ignored, requires disposable Redis in TEST_REDIS_URL
test solana_executor::worker::recovery_tests::visible_unfinalized_status_and_history_errors_cannot_trigger_replacement ... ignored, requires disposable Redis in TEST_REDIS_URL
test webhook::destination::tests::default_denies_and_allowlist_compares_exact_normalized_origins ... ok
test webhook::destination::tests::production_client_rejects_http_before_connecting ... ok
test webhook::destination::tests::redirect_response_is_returned_without_contacting_second_destination ... ok
test webhook::destination::tests::rejects_ambiguous_urls_and_invalid_operator_configuration ... ok
test webhook::destination::tests::rejects_nonpublic_and_transition_addresses_including_mixed_dns_answers ... ok
test webhook::tests::dispatch_enforces_policy_before_request_construction ... ok
test webhook::tests::multibyte_error_preview_never_slices_inside_a_character ... ok
test webhook::tests::response_reader_stops_at_limit_without_waiting_for_large_body_to_finish ... ok

test result: ok. 30 passed; 0 failed; 37 ignored; 0 measured; 0 filtered out; finished in 0.68s

     Running unittests src/lib.rs (target/debug/deps/engine_integration_tests-b7175bd1cf2d5424)

running 0 tests

test result: ok. 0 passed; 0 failed; 0 ignored; 0 measured; 0 filtered out; finished in 0.00s

     Running tests/signing.rs (target/debug/deps/signing-347143c6b669c2f4)

running 10 tests
test credential_debug_output_redacts_all_secret_material ... ok
test environment_signing_survives_queue_roundtrip_and_rejects_rotation ...
running 1 test
test environment_worker_child ... ok

test result: ok. 1 passed; 0 failed; 0 ignored; 0 measured; 9 filtered out; finished in 0.50s


running 1 test
test environment_worker_child ... ok

test result: ok. 1 passed; 0 failed; 0 ignored; 0 measured; 9 filtered out; finished in 0.09s


running 1 test
test environment_worker_child ... ok

test result: ok. 1 passed; 0 failed; 0 ignored; 0 measured; 9 filtered out; finished in 0.08s


running 1 test
test environment_worker_child ... ok

test result: ok. 1 passed; 0 failed; 0 ignored; 0 measured; 9 filtered out; finished in 0.08s

ok
test environment_worker_child ... ignored, invoked by parent with isolated environment
test eoa_signing_rejects_mismatched_sender_for_every_operation ... ok
test iaw_preserves_external_policy_and_request_envelope_for_unknown_factories ... ok
test local_and_kms_userop_signers_reject_unknown_or_cross_version_profiles_before_signing ... ok
test personal_sign_uses_message_bytes_and_eip191_domain ... ok
test queued_environment_credentials_contain_only_a_public_address ... ok
test transaction_signature_commits_to_nonce_chain_and_destination ... ok
test userop_signature_matches_reviewed_contract_digest_and_binds_chain_and_entrypoint ... ok

test result: ok. 9 passed; 0 failed; 1 ignored; 0 measured; 0 filtered out; finished in 0.88s

     Running unittests src/lib.rs (target/debug/deps/engine_solana_core-ae4dd28ce330777c)

running 2 tests
test transaction::wire_tests::malformed_payer_and_signature_counts_are_rejected_without_indexing ... ok
test transaction::wire_tests::wire_matches_sdk_bincode_for_legacy_and_v0_and_preserves_signed_messages ... ok

test result: ok. 2 passed; 0 failed; 0 ignored; 0 measured; 0 filtered out; finished in 0.00s

     Running unittests src/lib.rs (target/debug/deps/thirdweb_core-deb427741458092f)

running 1 test
test auth::tests::authentication_secrets_are_not_exposed_by_debug_or_header_errors ... ok

test result: ok. 1 passed; 0 failed; 0 ignored; 0 measured; 0 filtered out; finished in 0.00s

     Running unittests src/lib.rs (target/debug/deps/thirdweb_engine-ea4ed677b720c4e7)

running 19 tests
test chains::tests::base_pending_mempool_count_requires_explicit_preconfirmation_capability ... ok
test chains::tests::configured_rpc_bounds_declared_and_chunked_response_bodies ... ok
test chains::tests::configured_rpc_does_not_follow_redirects_or_forward_credentials ... ok
test chains::tests::configured_rpc_redacts_http_protocol_and_json_rpc_errors ... ok
test chains::tests::configured_rpc_routes_headers_and_reuses_connection_across_wallet_cycles ... ok
test chains::tests::configured_rpc_timeout_is_bounded_and_redacted ... ok
test chains::tests::configured_rpc_withholds_post_transport_typed_result_errors ... ok
test chains::tests::endpoint_configuration_accepts_environment_style_paths ... ok
test chains::tests::invalid_config_is_rejected_without_echoing_credentials ... ok
test chains::tests::legacy_provider_is_also_reused_and_local_override_wins ... ok
test execution_router::request_validation_tests::contract_creation_requires_single_eoa_transaction ... ok
test execution_router::request_validation_tests::empty_and_automatic_execution_are_rejected_before_execution ... ok
test http::extractors::environment_auth_tests::environment_signing_requires_a_configured_matching_token ... ok
test http::routes::admin::eoa_diagnostics::credential_redaction_tests::diagnostic_payload_excludes_all_authentication_material ... ok
test solana_admission::bench::initialized_admission_backlog_regression ... ignored, finite performance screen; requires disposable TEST_REDIS_URL and ADMISSION_BENCH_OUTPUT
test solana_admission::tests::aborted_terminal_commit_wrong_identity_and_existing_attempt_cannot_expire_protection ... ignored, requires disposable Redis in TEST_REDIS_URL
test solana_admission::tests::cancelled_pruned_and_orphaned_attempts_require_reconciliation ... ignored, requires disposable Redis in TEST_REDIS_URL
test solana_admission::tests::concurrent_admission_and_actual_queue_pruning_preserve_completed_identity ... ignored, requires disposable Redis in TEST_REDIS_URL
test solana_admission::tests::migration_and_key_type_failures_leave_no_partial_admission ... ignored, requires disposable Redis in TEST_REDIS_URL

test result: ok. 14 passed; 0 failed; 5 ignored; 0 measured; 0 filtered out; finished in 0.48s

     Running unittests src/main.rs (target/debug/deps/thirdweb_engine-24ab9c23b09a368e)

running 0 tests

test result: ok. 0 passed; 0 failed; 0 ignored; 0 measured; 0 filtered out; finished in 0.00s

     Running tests/api_safety.rs (target/debug/deps/api_safety-a3b502677de76841)

running 2 tests
test configured_signer_routes_authenticate_and_queue_only_public_identity ... ignored, requires redis-server; isolated credentials and actual loopback HTTP
test public_routes_reject_unauthorized_mutations_and_invalid_execution ... ignored, requires redis-server; starts its own disposable loopback process

test result: ok. 0 passed; 0 failed; 2 ignored; 0 measured; 0 filtered out; finished in 0.00s

     Running unittests src/lib.rs (target/debug/deps/twmq-e4066b5661a33ad2)

running 14 tests
test lease_tests::cancellation_after_nack_removes_delayed_work ... ignored, requires disposable Redis in TEST_REDIS_URL
test lease_tests::cancelled_expired_job_is_not_reborrowed_in_the_same_batch ... ignored, requires disposable Redis in TEST_REDIS_URL
test lease_tests::completed_permits_refill_backlog_without_waiting_for_poll_timer ... ignored, requires disposable Redis in TEST_REDIS_URL
test lease_tests::completion_error_does_not_replay_partially_executed_commands ... ignored, requires disposable Redis in TEST_REDIS_URL
test lease_tests::concurrent_acknowledgements_commit_one_outcome_and_one_hook ... ignored, requires disposable Redis in TEST_REDIS_URL
test lease_tests::empty_worker_does_not_spin_and_shutdown_does_not_wait_for_poll ... ignored, requires disposable Redis in TEST_REDIS_URL
test lease_tests::immediate_refill_preserves_configured_concurrency ... ignored, requires disposable Redis in TEST_REDIS_URL
test lease_tests::old_completion_cannot_ack_a_reborrowed_job_or_commit_hooks ... ignored, requires disposable Redis in TEST_REDIS_URL
test multilane::lease_tests::cancelled_expired_lane_job_is_not_reborrowed ... ignored, requires disposable Redis in TEST_REDIS_URL
test multilane::lease_tests::completed_lane_permits_refill_without_waiting_for_poll_timer ... ignored, requires disposable Redis in TEST_REDIS_URL
test multilane::lease_tests::concurrent_lane_acknowledgements_commit_once ... ignored, requires disposable Redis in TEST_REDIS_URL
test multilane::lease_tests::empty_lane_worker_does_not_spin_and_shuts_down_promptly ... ignored, requires disposable Redis in TEST_REDIS_URL
test multilane::lease_tests::immediate_lane_refill_preserves_configured_concurrency ... ignored, requires disposable Redis in TEST_REDIS_URL
test multilane::lease_tests::same_id_reuse_creates_a_new_lease_generation ... ignored, requires disposable Redis in TEST_REDIS_URL

test result: ok. 0 passed; 0 failed; 14 ignored; 0 measured; 0 filtered out; finished in 0.00s

     Running tests/basic.rs (target/debug/deps/basic-07a714d3debcf254)

running 1 test
test test_queue_push_and_process_job ... ok

test result: ok. 1 passed; 0 failed; 0 ignored; 0 measured; 0 filtered out; finished in 0.11s

     Running tests/basic_hook.rs (target/debug/deps/basic_hook-a715d0b6f65df5f2)

running 1 test
test test_cross_queue_job_scheduling ... ok

test result: ok. 1 passed; 0 failed; 0 ignored; 0 measured; 0 filtered out; finished in 0.31s

     Running tests/delay.rs (target/debug/deps/delay-df1d2276fc80e444)

running 2 tests
test test_delay_position_ordering ... ok
test test_job_delay_basic ... ok

test result: ok. 2 passed; 0 failed; 0 ignored; 0 measured; 0 filtered out; finished in 2.95s

     Running tests/fixtures.rs (target/debug/deps/fixtures-beead85da96a25b6)

running 0 tests

test result: ok. 0 passed; 0 failed; 0 ignored; 0 measured; 0 filtered out; finished in 0.00s

     Running tests/idempotency_modes.rs (target/debug/deps/idempotency_modes-f5a0ad91857054bf)

running 2 tests
test test_active_idempotency_mode ... ok
test test_permanent_idempotency_mode ... ok

test result: ok. 2 passed; 0 failed; 0 ignored; 0 measured; 0 filtered out; finished in 2.02s

     Running tests/lease_expiry.rs (target/debug/deps/lease_expiry-21737b02501f2d8d)

running 2 tests
test test_job_lease_expiry ... 2026-09-18T01:42:55.486584Z  WARN twmq: Job lease expired, moved back to pending job_id="sleep_job_001"
ok
test test_multiple_job_lease_expiry ... 2026-09-18T01:42:59.812213Z  WARN twmq: Job lease expired, moved back to pending job_id="multi_job_1"
2026-09-18T01:42:59.812376Z  WARN twmq: Job lease expired, moved back to pending job_id="multi_job_2"
2026-09-18T01:42:59.812428Z  WARN twmq: Job lease expired, moved back to pending job_id="multi_job_3"
ok

test result: ok. 2 passed; 0 failed; 0 ignored; 0 measured; 0 filtered out; finished in 8.92s

     Running tests/multilane_batch_pop.rs (target/debug/deps/multilane_batch_pop-a631cf76c89ffba5)

running 4 tests
test multilane_test_batch_pop_distributed_jobs_across_100k_lanes ... ok
test multilane_test_batch_pop_empty_queue ... ok
test multilane_test_batch_pop_fairness_across_lanes ... ok
test multilane_test_batch_pop_single_lane_with_100k_empty_lanes ... ok

test result: ok. 4 passed; 0 failed; 0 ignored; 0 measured; 0 filtered out; finished in 16.25s

     Running tests/nack.rs (target/debug/deps/nack-2ed2925f59f989e9)

running 2 tests
test test_different_retry_counts ... ok
test test_job_retry_attempts ... ok

test result: ok. 2 passed; 0 failed; 0 ignored; 0 measured; 0 filtered out; finished in 2.55s

     Running tests/prune_race_condition.rs (target/debug/deps/prune_race_condition-9e915de298b9c081)

running 1 test
test test_prune_race_condition_two_workers ... 2026-09-18T01:43:21.023483Z  WARN prune_race_condition: === TWO WORKER RACE TEST ===
2026-09-18T01:43:21.023630Z  WARN prune_race_condition: Queue: test_two_worker_race_sGs5nS
2026-09-18T01:43:21.023658Z  WARN prune_race_condition: Max success jobs: 1
2026-09-18T01:43:21.023675Z  WARN prune_race_condition: This test reproduces the race where pruning deletes metadata while job is active
2026-09-18T01:43:21.023698Z  WARN prune_race_condition: Using 2 workers to enable the race condition (impossible with 1 worker)
2026-09-18T01:43:21.026935Z  WARN prune_race_condition: Initial job pushed with ID: eoa_0x1234_137
2026-09-18T01:43:21.027075Z  WARN prune_race_condition: Two workers started!
2026-09-18T01:43:21.027112Z  WARN prune_race_condition: === PHASE 1: Creating initial success ===
2026-09-18T01:43:21.029529Z  WARN prune_race_condition: Job processing started job_id="eoa_0x1234_137" lease_token="1789695801_eoa_0x1234_137_1_eAyzB5uF-gu_WGUjI0grJ" worker_count=1
2026-09-18T01:43:21.129910Z  WARN prune_race_condition: First success completed: 1
2026-09-18T01:43:21.130071Z  WARN prune_race_condition: === PHASE 2: Running iterations to catch the pruning race ===
2026-09-18T01:43:21.131441Z  WARN prune_race_condition: Job processing started job_id="eoa_0x1234_137" lease_token="1789695801_eoa_0x1234_137_1_rCuMc2YB_KRIEhIDytwJY" worker_count=1
2026-09-18T01:43:21.230286Z  WARN prune_race_condition: Job processing started job_id="eoa_0x1234_137" lease_token="1789695801_eoa_0x1234_137_1_WpH53lS40JxziCXD8_8Q2" worker_count=1
2026-09-18T01:43:21.330465Z  WARN prune_race_condition: Job processing started job_id="eoa_0x1234_137" lease_token="1789695801_eoa_0x1234_137_1_laVyhdEoMa2Q_EU1Fga-t" worker_count=1
2026-09-18T01:43:21.431269Z  WARN prune_race_condition: Job processing started job_id="eoa_0x1234_137" lease_token="1789695801_eoa_0x1234_137_1_vRVMR0_KwRoIgi3XR6t86" worker_count=1
2026-09-18T01:43:21.529713Z  WARN prune_race_condition: Job processing started job_id="eoa_0x1234_137" lease_token="1789695801_eoa_0x1234_137_1_dTFfTmDPEafK0DuoGNRBw" worker_count=1
2026-09-18T01:43:21.631107Z  WARN prune_race_condition: Job processing started job_id="eoa_0x1234_137" lease_token="1789695801_eoa_0x1234_137_1_MCfEefPKo77nlPoy0j6io" worker_count=1
2026-09-18T01:43:21.729207Z  WARN prune_race_condition: Job processing started job_id="eoa_0x1234_137" lease_token="1789695801_eoa_0x1234_137_1_j_oVFUDPEd4_cA7EBlZwe" worker_count=1
2026-09-18T01:43:21.830725Z  WARN prune_race_condition: Job processing started job_id="eoa_0x1234_137" lease_token="1789695801_eoa_0x1234_137_1_i8B73uSRkgvkKleUxb-fl" worker_count=1
2026-09-18T01:43:21.929239Z  WARN prune_race_condition: Job processing started job_id="eoa_0x1234_137" lease_token="1789695801_eoa_0x1234_137_1_xGxNkk6Rm1abHwRXqyWIS" worker_count=1
2026-09-18T01:43:22.031620Z  WARN prune_race_condition: Job processing started job_id="eoa_0x1234_137" lease_token="1789695802_eoa_0x1234_137_1_FG0K_FcXRlcGbPfLLVh6C" worker_count=1
2026-09-18T01:43:22.131069Z  WARN prune_race_condition: Job processing started job_id="eoa_0x1234_137" lease_token="1789695802_eoa_0x1234_137_1_NFpYTsWrVRuPMGqvUgEYm" worker_count=1
2026-09-18T01:43:22.230753Z  WARN prune_race_condition: Job processing started job_id="eoa_0x1234_137" lease_token="1789695802_eoa_0x1234_137_1_uxR3ZhyomPaa8jG1AMls9" worker_count=1
2026-09-18T01:43:22.329198Z  WARN prune_race_condition: Job processing started job_id="eoa_0x1234_137" lease_token="1789695802_eoa_0x1234_137_1_0zOv6hSxKQOKgwv3JHRUh" worker_count=1
2026-09-18T01:43:22.384542Z  WARN prune_race_condition: Job processing started job_id="eoa_0x1234_137" lease_token="1789695802_eoa_0x1234_137_1_9ngHOTM4WGpfSWyhde0Yc" worker_count=1
2026-09-18T01:43:22.530354Z  WARN prune_race_condition: Job processing started job_id="eoa_0x1234_137" lease_token="1789695802_eoa_0x1234_137_1_21CSJjFk1VzmSOPoTV-bb" worker_count=1
2026-09-18T01:43:22.630333Z  WARN prune_race_condition: Job processing started job_id="eoa_0x1234_137" lease_token="1789695802_eoa_0x1234_137_1_bknPJHhjKSWbCFfrHm8x7" worker_count=1
2026-09-18T01:43:22.730195Z  WARN prune_race_condition: Job processing started job_id="eoa_0x1234_137" lease_token="1789695802_eoa_0x1234_137_1_x1mz3FbE8hmmPgVjaP5Kz" worker_count=1
2026-09-18T01:43:22.830972Z  WARN prune_race_condition: Job processing started job_id="eoa_0x1234_137" lease_token="1789695802_eoa_0x1234_137_1_e40iErKJionHEuH5WV0Ai" worker_count=1
2026-09-18T01:43:22.930410Z  WARN prune_race_condition: Job processing started job_id="eoa_0x1234_137" lease_token="1789695802_eoa_0x1234_137_1_x3xVewzlxKqLYd4xuY4Cx" worker_count=1
2026-09-18T01:43:23.030408Z  WARN prune_race_condition: Job processing started job_id="eoa_0x1234_137" lease_token="1789695803_eoa_0x1234_137_1_klwKAjIhnwzWKpILEYiBJ" worker_count=1
2026-09-18T01:43:23.130679Z  WARN prune_race_condition: Job processing started job_id="eoa_0x1234_137" lease_token="1789695803_eoa_0x1234_137_1_9e4q-aSBL4EhrUPQxWrer" worker_count=1
2026-09-18T01:43:23.230008Z  WARN prune_race_condition: Job processing started job_id="eoa_0x1234_137" lease_token="1789695803_eoa_0x1234_137_1_lkGmYskXsnf9ktM-WuxUJ" worker_count=1
2026-09-18T01:43:23.329140Z  WARN prune_race_condition: Job processing started job_id="eoa_0x1234_137" lease_token="1789695803_eoa_0x1234_137_1_Ny_8oAJAfXlGdzQMDFP55" worker_count=1
2026-09-18T01:43:23.383809Z  WARN prune_race_condition: Job processing started job_id="eoa_0x1234_137" lease_token="1789695803_eoa_0x1234_137_1_MjzbWhKc2zvlWxEXqaDcO" worker_count=1
2026-09-18T01:43:23.530280Z  WARN prune_race_condition: Job processing started job_id="eoa_0x1234_137" lease_token="1789695803_eoa_0x1234_137_1_D1HcbSOwIl7Ca0xAp7ykS" worker_count=1
2026-09-18T01:43:23.629291Z  WARN prune_race_condition: Job processing started job_id="eoa_0x1234_137" lease_token="1789695803_eoa_0x1234_137_1_12LTxlo__Q9Um0Y43agwf" worker_count=1
2026-09-18T01:43:23.731422Z  WARN prune_race_condition: Job processing started job_id="eoa_0x1234_137" lease_token="1789695803_eoa_0x1234_137_1_YfD5NVEf24bzrpOxsp5Dc" worker_count=1
2026-09-18T01:43:23.830262Z  WARN prune_race_condition: Job processing started job_id="eoa_0x1234_137" lease_token="1789695803_eoa_0x1234_137_1_lMUMJNRSjYGIvayShBbo0" worker_count=1
2026-09-18T01:43:23.929673Z  WARN prune_race_condition: Job processing started job_id="eoa_0x1234_137" lease_token="1789695803_eoa_0x1234_137_1_Rhc8fDanE2ycJ2b1JM2QH" worker_count=1
2026-09-18T01:43:23.984775Z  WARN prune_race_condition: Job processing started job_id="eoa_0x1234_137" lease_token="1789695803_eoa_0x1234_137_1_zhBIRO0sJdq6Ux38ls8UG" worker_count=1
2026-09-18T01:43:24.129916Z  WARN prune_race_condition: Job processing started job_id="eoa_0x1234_137" lease_token="1789695804_eoa_0x1234_137_1_LlYT94bBuwCQq_4n6xGJE" worker_count=1
2026-09-18T01:43:24.230865Z  WARN prune_race_condition: Job processing started job_id="eoa_0x1234_137" lease_token="1789695804_eoa_0x1234_137_1_I4V3muM8GjofHHHkGNid9" worker_count=1
2026-09-18T01:43:24.330246Z  WARN prune_race_condition: Job processing started job_id="eoa_0x1234_137" lease_token="1789695804_eoa_0x1234_137_1_jkk6V0nE6JFI6n8ohTzC-" worker_count=1
2026-09-18T01:43:24.430619Z  WARN prune_race_condition: Job processing started job_id="eoa_0x1234_137" lease_token="1789695804_eoa_0x1234_137_1_9nL1Otdum9XkOeD9UrcUR" worker_count=1
2026-09-18T01:43:24.529446Z  WARN prune_race_condition: Job processing started job_id="eoa_0x1234_137" lease_token="1789695804_eoa_0x1234_137_1_fIrSlkWpDGvJ0CsdA_S_J" worker_count=1
2026-09-18T01:43:24.584353Z  WARN prune_race_condition: Job processing started job_id="eoa_0x1234_137" lease_token="1789695804_eoa_0x1234_137_1_CLVAEx7VWa8pZhDVaihk-" worker_count=1
2026-09-18T01:43:24.638913Z  WARN prune_race_condition: Job processing started job_id="eoa_0x1234_137" lease_token="1789695804_eoa_0x1234_137_1_0xu9fmd9lA3zPio8kbPpQ" worker_count=1
2026-09-18T01:43:24.730695Z  WARN prune_race_condition: Job processing started job_id="eoa_0x1234_137" lease_token="1789695804_eoa_0x1234_137_1_oMh4hfwMs_6v0u7i-e6bq" worker_count=1
2026-09-18T01:43:24.829986Z  WARN prune_race_condition: Job processing started job_id="eoa_0x1234_137" lease_token="1789695804_eoa_0x1234_137_1_RPjD-F4ztZXRnvyMe4sTR" worker_count=1
2026-09-18T01:43:24.929420Z  WARN prune_race_condition: Job processing started job_id="eoa_0x1234_137" lease_token="1789695804_eoa_0x1234_137_1_f207CFK2hmOJ14yJqhBaV" worker_count=1
2026-09-18T01:43:24.983301Z  WARN prune_race_condition: Job processing started job_id="eoa_0x1234_137" lease_token="1789695804_eoa_0x1234_137_1_k78OXgY79yOtGzqCcrpqf" worker_count=1
2026-09-18T01:43:25.131589Z  WARN prune_race_condition: Job processing started job_id="eoa_0x1234_137" lease_token="1789695805_eoa_0x1234_137_1_E3legNVqb0m5HO5i5kwpb" worker_count=1
2026-09-18T01:43:25.230251Z  WARN prune_race_condition: Job processing started job_id="eoa_0x1234_137" lease_token="1789695805_eoa_0x1234_137_1_i433nrVb0r9P0KMYHh6mw" worker_count=1
2026-09-18T01:43:25.330805Z  WARN prune_race_condition: Job processing started job_id="eoa_0x1234_137" lease_token="1789695805_eoa_0x1234_137_1_C7b-pd70ErJr0q7UP8GSy" worker_count=1
2026-09-18T01:43:25.430671Z  WARN prune_race_condition: Job processing started job_id="eoa_0x1234_137" lease_token="1789695805_eoa_0x1234_137_1_QLwW-IqeCEXrE-OHccWzN" worker_count=1
2026-09-18T01:43:25.530287Z  WARN prune_race_condition: Job processing started job_id="eoa_0x1234_137" lease_token="1789695805_eoa_0x1234_137_1_LWkp7JdxEK9RnNvmuMpcN" worker_count=1
2026-09-18T01:43:25.630279Z  WARN prune_race_condition: Job processing started job_id="eoa_0x1234_137" lease_token="1789695805_eoa_0x1234_137_1_M4Bmi3U19PV80P3CwwzNo" worker_count=1
2026-09-18T01:43:25.730654Z  WARN prune_race_condition: Job processing started job_id="eoa_0x1234_137" lease_token="1789695805_eoa_0x1234_137_1_haYQVF8bxbER6-YZiOOuV" worker_count=1
2026-09-18T01:43:25.786130Z  WARN prune_race_condition: Job processing started job_id="eoa_0x1234_137" lease_token="1789695805_eoa_0x1234_137_1_rUgjkYcBDavrOGIURpHS3" worker_count=1
2026-09-18T01:43:25.931052Z  WARN prune_race_condition: Job processing started job_id="eoa_0x1234_137" lease_token="1789695805_eoa_0x1234_137_1_NUo8j-np-6bZeOdr6gXeQ" worker_count=1
2026-09-18T01:43:26.029206Z  WARN prune_race_condition: Job processing started job_id="eoa_0x1234_137" lease_token="1789695806_eoa_0x1234_137_1_uSZ0p65eejPdbRUUcOpYe" worker_count=1
2026-09-18T01:43:26.131037Z  WARN prune_race_condition: Job processing started job_id="eoa_0x1234_137" lease_token="1789695806_eoa_0x1234_137_1_mpEF5pXBlvQ7eSe8sW6QI" worker_count=1
2026-09-18T01:43:26.186151Z  WARN prune_race_condition: Job processing started job_id="eoa_0x1234_137" lease_token="1789695806_eoa_0x1234_137_1_0xTqE27bSRvxW3P3FrKMz" worker_count=1
2026-09-18T01:43:26.330792Z  WARN prune_race_condition: Job processing started job_id="eoa_0x1234_137" lease_token="1789695806_eoa_0x1234_137_1_NovaMBv35b5EjqjJPxf6j" worker_count=1
2026-09-18T01:43:26.385562Z  WARN prune_race_condition: Job processing started job_id="eoa_0x1234_137" lease_token="1789695806_eoa_0x1234_137_1_HgV1e7KToQ0emkM-TRZY4" worker_count=1
2026-09-18T01:43:26.530238Z  WARN prune_race_condition: Job processing started job_id="eoa_0x1234_137" lease_token="1789695806_eoa_0x1234_137_1_0hy26Vtgl-yS_n2_HyCO2" worker_count=1
2026-09-18T01:43:26.631460Z  WARN prune_race_condition: Job processing started job_id="eoa_0x1234_137" lease_token="1789695806_eoa_0x1234_137_1_zzSdFWjMpYv75vFMRkpnm" worker_count=1
2026-09-18T01:43:26.730225Z  WARN prune_race_condition: Job processing started job_id="eoa_0x1234_137" lease_token="1789695806_eoa_0x1234_137_1_0eATY0D3IVpjbIB9Fqqt-" worker_count=1
2026-09-18T01:43:26.831156Z  WARN prune_race_condition: Job processing started job_id="eoa_0x1234_137" lease_token="1789695806_eoa_0x1234_137_1_ocpIBN0ovImUMmVTRQB6L" worker_count=1
2026-09-18T01:43:26.930407Z  WARN prune_race_condition: Job processing started job_id="eoa_0x1234_137" lease_token="1789695806_eoa_0x1234_137_1_OKEHWREmnaPDO1CxK1TL9" worker_count=1
2026-09-18T01:43:27.030055Z  WARN prune_race_condition: Job processing started job_id="eoa_0x1234_137" lease_token="1789695807_eoa_0x1234_137_1_IORND0Xv_6EJGAlOanuxn" worker_count=1
2026-09-18T01:43:27.130025Z  WARN prune_race_condition: Job processing started job_id="eoa_0x1234_137" lease_token="1789695807_eoa_0x1234_137_1_-fOgvlwGeSjEC4XNvyhCT" worker_count=1
2026-09-18T01:43:27.230403Z  WARN prune_race_condition: Job processing started job_id="eoa_0x1234_137" lease_token="1789695807_eoa_0x1234_137_1_aP1v7LsK_IwvKsA4YTogt" worker_count=1
2026-09-18T01:43:27.285552Z  WARN prune_race_condition: Job processing started job_id="eoa_0x1234_137" lease_token="1789695807_eoa_0x1234_137_1_r93ETvJomsy5HuNG2w1jC" worker_count=1
2026-09-18T01:43:27.431003Z  WARN prune_race_condition: Job processing started job_id="eoa_0x1234_137" lease_token="1789695807_eoa_0x1234_137_1_ddIVO9j2ywnaWB5G5L22Q" worker_count=1
2026-09-18T01:43:27.530597Z  WARN prune_race_condition: Job processing started job_id="eoa_0x1234_137" lease_token="1789695807_eoa_0x1234_137_1_lPpBJShS65DUqdmC9rxAW" worker_count=1
2026-09-18T01:43:27.631369Z  WARN prune_race_condition: Job processing started job_id="eoa_0x1234_137" lease_token="1789695807_eoa_0x1234_137_1_7Wr9FgEZMIqsWAI2ZEa16" worker_count=1
2026-09-18T01:43:27.730394Z  WARN prune_race_condition: Job processing started job_id="eoa_0x1234_137" lease_token="1789695807_eoa_0x1234_137_1_aD_16qFBDdVwCiIA02Tax" worker_count=1
2026-09-18T01:43:27.830828Z  WARN prune_race_condition: Job processing started job_id="eoa_0x1234_137" lease_token="1789695807_eoa_0x1234_137_1_xHZ4rvZjO2sIzzRJILFOc" worker_count=1
2026-09-18T01:43:27.930034Z  WARN prune_race_condition: Job processing started job_id="eoa_0x1234_137" lease_token="1789695807_eoa_0x1234_137_1_AiAm_kKd3RcsMFd_V9lAk" worker_count=1
2026-09-18T01:43:28.030493Z  WARN prune_race_condition: Job processing started job_id="eoa_0x1234_137" lease_token="1789695808_eoa_0x1234_137_1_zumf8HN-JeFyJLPgUsdZ6" worker_count=1
2026-09-18T01:43:28.130468Z  WARN prune_race_condition: Job processing started job_id="eoa_0x1234_137" lease_token="1789695808_eoa_0x1234_137_1_Ug0NTxLpswWdozamLY7eU" worker_count=1
2026-09-18T01:43:28.229470Z  WARN prune_race_condition: Job processing started job_id="eoa_0x1234_137" lease_token="1789695808_eoa_0x1234_137_1_Fk8WUkBc0rSzGiRQRFGxr" worker_count=1
2026-09-18T01:43:28.330755Z  WARN prune_race_condition: Job processing started job_id="eoa_0x1234_137" lease_token="1789695808_eoa_0x1234_137_1_dIg91KOawKxYBZmnFTZlt" worker_count=1
2026-09-18T01:43:28.431369Z  WARN prune_race_condition: Job processing started job_id="eoa_0x1234_137" lease_token="1789695808_eoa_0x1234_137_1_7Oois3nBV27T_ASfoh3oI" worker_count=1
2026-09-18T01:43:28.530352Z  WARN prune_race_condition: Job processing started job_id="eoa_0x1234_137" lease_token="1789695808_eoa_0x1234_137_1_LygHVJMqLlyi2UbyXnzpz" worker_count=1
2026-09-18T01:43:28.631346Z  WARN prune_race_condition: Job processing started job_id="eoa_0x1234_137" lease_token="1789695808_eoa_0x1234_137_1_f8Onj8nkTgve__EjPWSyp" worker_count=1
2026-09-18T01:43:28.730276Z  WARN prune_race_condition: Job processing started job_id="eoa_0x1234_137" lease_token="1789695808_eoa_0x1234_137_1_osblgbf9JsPhUHKF-TQQd" worker_count=1
2026-09-18T01:43:28.830596Z  WARN prune_race_condition: Job processing started job_id="eoa_0x1234_137" lease_token="1789695808_eoa_0x1234_137_1_d_hP9WfdWyRFL0bN0T4yD" worker_count=1
2026-09-18T01:43:28.929927Z  WARN prune_race_condition: Job processing started job_id="eoa_0x1234_137" lease_token="1789695808_eoa_0x1234_137_1_uM3p5wIC2fCCQVmZ7vRAk" worker_count=1
2026-09-18T01:43:29.030868Z  WARN prune_race_condition: Job processing started job_id="eoa_0x1234_137" lease_token="1789695809_eoa_0x1234_137_1_jMYYZLDRuoWAYu5lBpHkj" worker_count=1
2026-09-18T01:43:29.086192Z  WARN prune_race_condition: Job processing started job_id="eoa_0x1234_137" lease_token="1789695809_eoa_0x1234_137_1_prj_HZnskay9DDP_k3z4D" worker_count=1
2026-09-18T01:43:29.140869Z  WARN prune_race_condition: Job processing started job_id="eoa_0x1234_137" lease_token="1789695809_eoa_0x1234_137_1_ydac1RiJe52n8R-It6uuW" worker_count=1
2026-09-18T01:43:29.230038Z  WARN prune_race_condition: Job processing started job_id="eoa_0x1234_137" lease_token="1789695809_eoa_0x1234_137_1_Xl6WK21v3FQmnasaArszD" worker_count=1
2026-09-18T01:43:29.283978Z  WARN prune_race_condition: Job processing started job_id="eoa_0x1234_137" lease_token="1789695809_eoa_0x1234_137_1_Nex51GjE1A0L8nKv0ylyq" worker_count=1
2026-09-18T01:43:29.338602Z  WARN prune_race_condition: Job processing started job_id="eoa_0x1234_137" lease_token="1789695809_eoa_0x1234_137_1_EQBKTDkRFgkaV4rM5P1Hk" worker_count=1
2026-09-18T01:43:29.431181Z  WARN prune_race_condition: Job processing started job_id="eoa_0x1234_137" lease_token="1789695809_eoa_0x1234_137_1_sAD0-lQmH5sJFPAtIp_LR" worker_count=1
2026-09-18T01:43:29.529410Z  WARN prune_race_condition: Job processing started job_id="eoa_0x1234_137" lease_token="1789695809_eoa_0x1234_137_1_s4WrSFOFVD1WWSYTsBmRg" worker_count=1
2026-09-18T01:43:29.630415Z  WARN prune_race_condition: Job processing started job_id="eoa_0x1234_137" lease_token="1789695809_eoa_0x1234_137_1_-6ZYSr51sXG3JMErZIPMe" worker_count=1
2026-09-18T01:43:29.729429Z  WARN prune_race_condition: Job processing started job_id="eoa_0x1234_137" lease_token="1789695809_eoa_0x1234_137_1__sA3I9C0r4RypqOI1To_7" worker_count=1
2026-09-18T01:43:29.783978Z  WARN prune_race_condition: Job processing started job_id="eoa_0x1234_137" lease_token="1789695809_eoa_0x1234_137_1_-jpUPiST260qIEOe4rC76" worker_count=1
2026-09-18T01:43:29.929295Z  WARN prune_race_condition: Job processing started job_id="eoa_0x1234_137" lease_token="1789695809_eoa_0x1234_137_1_vR9OeDaWnivTPRLkvIbPg" worker_count=1
2026-09-18T01:43:29.983838Z  WARN prune_race_condition: Job processing started job_id="eoa_0x1234_137" lease_token="1789695809_eoa_0x1234_137_1_k3Wf3nK12fdPhUby9CbVg" worker_count=1
2026-09-18T01:43:30.130599Z  WARN prune_race_condition: Job processing started job_id="eoa_0x1234_137" lease_token="1789695810_eoa_0x1234_137_1_ykVjaZ_6TThq1N5GvMqsB" worker_count=1
2026-09-18T01:43:30.230044Z  WARN prune_race_condition: Job processing started job_id="eoa_0x1234_137" lease_token="1789695810_eoa_0x1234_137_1_mdOriADNXASdJxgBh3_MK" worker_count=1
2026-09-18T01:43:30.329302Z  WARN prune_race_condition: Job processing started job_id="eoa_0x1234_137" lease_token="1789695810_eoa_0x1234_137_1_Nh828eURB3dWANbI6oGGi" worker_count=1
2026-09-18T01:43:30.384257Z  WARN prune_race_condition: Job processing started job_id="eoa_0x1234_137" lease_token="1789695810_eoa_0x1234_137_1_H0IHYzGiOZ-vsztajzSMu" worker_count=1
2026-09-18T01:43:30.531883Z  WARN prune_race_condition: Job processing started job_id="eoa_0x1234_137" lease_token="1789695810_eoa_0x1234_137_1_GI-3nDTZ66_nomvYjJNa2" worker_count=1
2026-09-18T01:43:30.630764Z  WARN prune_race_condition: Job processing started job_id="eoa_0x1234_137" lease_token="1789695810_eoa_0x1234_137_1_DHngkxaha-eg-l-gGY54X" worker_count=1
2026-09-18T01:43:30.729945Z  WARN prune_race_condition: Job processing started job_id="eoa_0x1234_137" lease_token="1789695810_eoa_0x1234_137_1_JQkpdmhz6tSsOgneeGPnm" worker_count=1
2026-09-18T01:43:30.831361Z  WARN prune_race_condition: Job processing started job_id="eoa_0x1234_137" lease_token="1789695810_eoa_0x1234_137_1_AUbPjigGYx94hyNGCuffB" worker_count=1
2026-09-18T01:43:30.929285Z  WARN prune_race_condition: Job processing started job_id="eoa_0x1234_137" lease_token="1789695810_eoa_0x1234_137_1_kVD2Gx5RJ44MJe7PbjpTS" worker_count=1
2026-09-18T01:43:31.030735Z  WARN prune_race_condition: Job processing started job_id="eoa_0x1234_137" lease_token="1789695811_eoa_0x1234_137_1_UWwmUbHi78U9NtUs87Uh7" worker_count=1
2026-09-18T01:43:31.129194Z  WARN prune_race_condition: Job processing started job_id="eoa_0x1234_137" lease_token="1789695811_eoa_0x1234_137_1_dQas4vKztc1x_jwTUqLi7" worker_count=1
2026-09-18T01:43:31.230583Z  WARN prune_race_condition: Job processing started job_id="eoa_0x1234_137" lease_token="1789695811_eoa_0x1234_137_1_S1Tc1RaxI-r0RfgMG7nJc" worker_count=1
2026-09-18T01:43:31.329269Z  WARN prune_race_condition: Job processing started job_id="eoa_0x1234_137" lease_token="1789695811_eoa_0x1234_137_1_DNoHy1qw8DbNYd1PBiNY3" worker_count=1
2026-09-18T01:43:31.382650Z  WARN prune_race_condition: Job processing started job_id="eoa_0x1234_137" lease_token="1789695811_eoa_0x1234_137_1_VnAnc8WUVYCTh0WzfdE7h" worker_count=1
2026-09-18T01:43:31.530156Z  WARN prune_race_condition: Job processing started job_id="eoa_0x1234_137" lease_token="1789695811_eoa_0x1234_137_1_l2MuaBCOY1Zr5_Pq1wFrD" worker_count=1
2026-09-18T01:43:31.629228Z  WARN prune_race_condition: Job processing started job_id="eoa_0x1234_137" lease_token="1789695811_eoa_0x1234_137_1_pSSkH6DDTl67W7qpXDygd" worker_count=1
2026-09-18T01:43:31.731370Z  WARN prune_race_condition: Job processing started job_id="eoa_0x1234_137" lease_token="1789695811_eoa_0x1234_137_1_09WWlX2fPkNZJ7RV2udUu" worker_count=1
2026-09-18T01:43:31.786582Z  WARN prune_race_condition: Job processing started job_id="eoa_0x1234_137" lease_token="1789695811_eoa_0x1234_137_1_RPQEhHKabvtPV-AqQNYwJ" worker_count=1
2026-09-18T01:43:31.930794Z  WARN prune_race_condition: Job processing started job_id="eoa_0x1234_137" lease_token="1789695811_eoa_0x1234_137_1_gHcVrx99ABwbXDX0ulu-b" worker_count=1
2026-09-18T01:43:32.030355Z  WARN prune_race_condition: Job processing started job_id="eoa_0x1234_137" lease_token="1789695812_eoa_0x1234_137_1_T1QPaZ-tdwRgVrTRmRTDM" worker_count=1
2026-09-18T01:43:32.129669Z  WARN prune_race_condition: Job processing started job_id="eoa_0x1234_137" lease_token="1789695812_eoa_0x1234_137_1_zjfZBmW0Xh49vXIbxM-Cd" worker_count=1
2026-09-18T01:43:32.230894Z  WARN prune_race_condition: Job processing started job_id="eoa_0x1234_137" lease_token="1789695812_eoa_0x1234_137_1_a5uJA6EFbOSnIW4xfVub1" worker_count=1
2026-09-18T01:43:32.329345Z  WARN prune_race_condition: Job processing started job_id="eoa_0x1234_137" lease_token="1789695812_eoa_0x1234_137_1_ZCtdK-sl0HX-yTb7XcApu" worker_count=1
2026-09-18T01:43:32.430173Z  WARN prune_race_condition: Job processing started job_id="eoa_0x1234_137" lease_token="1789695812_eoa_0x1234_137_1_W0WddAtr-r2ym_EGslT4o" worker_count=1
2026-09-18T01:43:32.530417Z  WARN prune_race_condition: Job processing started job_id="eoa_0x1234_137" lease_token="1789695812_eoa_0x1234_137_1_Hx6MRr54BQVzNhXSixBVD" worker_count=1
2026-09-18T01:43:32.631238Z  WARN prune_race_condition: Job processing started job_id="eoa_0x1234_137" lease_token="1789695812_eoa_0x1234_137_1_uj0McjurbfzfLgV1VZyPs" worker_count=1
2026-09-18T01:43:32.686331Z  WARN prune_race_condition: Job processing started job_id="eoa_0x1234_137" lease_token="1789695812_eoa_0x1234_137_1_yZAuSG3TWQJa113kwBUsv" worker_count=1
2026-09-18T01:43:32.740507Z  WARN prune_race_condition: Job processing started job_id="eoa_0x1234_137" lease_token="1789695812_eoa_0x1234_137_1_xKQaViMo-N6lg9fH3RBUc" worker_count=1
2026-09-18T01:43:32.830594Z  WARN prune_race_condition: Job processing started job_id="eoa_0x1234_137" lease_token="1789695812_eoa_0x1234_137_1_bS9goQhXeyoDy5nF3Wnjq" worker_count=1
2026-09-18T01:43:32.930659Z  WARN prune_race_condition: Job processing started job_id="eoa_0x1234_137" lease_token="1789695812_eoa_0x1234_137_1_mbQm4joI6gprTXT6oZZtq" worker_count=1
2026-09-18T01:43:33.030143Z  WARN prune_race_condition: Job processing started job_id="eoa_0x1234_137" lease_token="1789695813_eoa_0x1234_137_1_C1TPvI1aXWVgeuKlI8VKu" worker_count=1
2026-09-18T01:43:33.130486Z  WARN prune_race_condition: Job processing started job_id="eoa_0x1234_137" lease_token="1789695813_eoa_0x1234_137_1_ioqYF-6N327vo9Kx2lrYU" worker_count=1
2026-09-18T01:43:33.230405Z  WARN prune_race_condition: Job processing started job_id="eoa_0x1234_137" lease_token="1789695813_eoa_0x1234_137_1_w9RFaj0Ka0zNIDNzvqmVc" worker_count=1
2026-09-18T01:43:33.330807Z  WARN prune_race_condition: Job processing started job_id="eoa_0x1234_137" lease_token="1789695813_eoa_0x1234_137_1_X0OD1IIdUYqAnoPa1y9Mj" worker_count=1
2026-09-18T01:43:33.430479Z  WARN prune_race_condition: Job processing started job_id="eoa_0x1234_137" lease_token="1789695813_eoa_0x1234_137_1_Z7MPcVEpQMtOibndRXnkd" worker_count=1
2026-09-18T01:43:33.529601Z  WARN prune_race_condition: Job processing started job_id="eoa_0x1234_137" lease_token="1789695813_eoa_0x1234_137_1_q5_cE0dT8ZE5GXjJP7IVQ" worker_count=1
2026-09-18T01:43:33.631683Z  WARN prune_race_condition: Job processing started job_id="eoa_0x1234_137" lease_token="1789695813_eoa_0x1234_137_1_fhMkVeu00noYKGNWLLusS" worker_count=1
2026-09-18T01:43:33.687678Z  WARN prune_race_condition: Job processing started job_id="eoa_0x1234_137" lease_token="1789695813_eoa_0x1234_137_1_GZShqbHNid5wPq8Xu14i1" worker_count=1
2026-09-18T01:43:33.830340Z  WARN prune_race_condition: Job processing started job_id="eoa_0x1234_137" lease_token="1789695813_eoa_0x1234_137_1_EHujivYprUmKQGBf87ZxB" worker_count=1
2026-09-18T01:43:33.931699Z  WARN prune_race_condition: Job processing started job_id="eoa_0x1234_137" lease_token="1789695813_eoa_0x1234_137_1_pWo8sMporouqtm15xWMHy" worker_count=1
2026-09-18T01:43:34.029394Z  WARN prune_race_condition: Job processing started job_id="eoa_0x1234_137" lease_token="1789695814_eoa_0x1234_137_1_Pjy7XJb8T7UxUgyRJIOt_" worker_count=1
2026-09-18T01:43:34.130914Z  WARN prune_race_condition: Job processing started job_id="eoa_0x1234_137" lease_token="1789695814_eoa_0x1234_137_1_5tyqHqM0jioI77m5ekKdM" worker_count=1
2026-09-18T01:43:34.229245Z  WARN prune_race_condition: Job processing started job_id="eoa_0x1234_137" lease_token="1789695814_eoa_0x1234_137_1_u-TKE0z9RgRPK0d994nSC" worker_count=1
2026-09-18T01:43:34.283995Z  WARN prune_race_condition: Job processing started job_id="eoa_0x1234_137" lease_token="1789695814_eoa_0x1234_137_1_qEU6WyMLXKiVCVfm7RxAS" worker_count=1
2026-09-18T01:43:34.430561Z  WARN prune_race_condition: Job processing started job_id="eoa_0x1234_137" lease_token="1789695814_eoa_0x1234_137_1_qFtG2VqvwHPWpeiehwSTM" worker_count=1
2026-09-18T01:43:34.529465Z  WARN prune_race_condition: Job processing started job_id="eoa_0x1234_137" lease_token="1789695814_eoa_0x1234_137_1_SBHxF_2NTQ5oZoI9QKsbp" worker_count=1
2026-09-18T01:43:34.630640Z  WARN prune_race_condition: Job processing started job_id="eoa_0x1234_137" lease_token="1789695814_eoa_0x1234_137_1_28hXY-iJXXF5l8HjDwTzy" worker_count=1
2026-09-18T01:43:34.730104Z  WARN prune_race_condition: Job processing started job_id="eoa_0x1234_137" lease_token="1789695814_eoa_0x1234_137_1_sU9HZ9lzluKzJss9alGl5" worker_count=1
2026-09-18T01:43:34.830394Z  WARN prune_race_condition: Job processing started job_id="eoa_0x1234_137" lease_token="1789695814_eoa_0x1234_137_1_YJyLSN2vxwXcuPzyBilnn" worker_count=1
2026-09-18T01:43:34.929884Z  WARN prune_race_condition: Job processing started job_id="eoa_0x1234_137" lease_token="1789695814_eoa_0x1234_137_1_niDQ3tTtqToRLmvP5jvE3" worker_count=1
2026-09-18T01:43:35.031101Z  WARN prune_race_condition: Job processing started job_id="eoa_0x1234_137" lease_token="1789695815_eoa_0x1234_137_1_JfFNeuSHLHu9k9iIyJyal" worker_count=1
2026-09-18T01:43:35.130051Z  WARN prune_race_condition: Job processing started job_id="eoa_0x1234_137" lease_token="1789695815_eoa_0x1234_137_1_VfkuYiMf7Vp91e1JD5hEQ" worker_count=1
2026-09-18T01:43:35.230704Z  WARN prune_race_condition: Job processing started job_id="eoa_0x1234_137" lease_token="1789695815_eoa_0x1234_137_1_DA9DKqGLMf5Yp4rI0uMeN" worker_count=1
2026-09-18T01:43:35.330457Z  WARN prune_race_condition: Job processing started job_id="eoa_0x1234_137" lease_token="1789695815_eoa_0x1234_137_1_plriTKu-VK_xHFEAGWa8e" worker_count=1
2026-09-18T01:43:35.431233Z  WARN prune_race_condition: Job processing started job_id="eoa_0x1234_137" lease_token="1789695815_eoa_0x1234_137_1_xxa1FQLjO9vTURZf0qakB" worker_count=1
2026-09-18T01:43:35.530592Z  WARN prune_race_condition: Job processing started job_id="eoa_0x1234_137" lease_token="1789695815_eoa_0x1234_137_1_39-gUzmRy6TjjNuh0UcMm" worker_count=1
2026-09-18T01:43:35.630364Z  WARN prune_race_condition: Job processing started job_id="eoa_0x1234_137" lease_token="1789695815_eoa_0x1234_137_1_DRE83WmDwc7e3euc4pAxi" worker_count=1
2026-09-18T01:43:35.730010Z  WARN prune_race_condition: Job processing started job_id="eoa_0x1234_137" lease_token="1789695815_eoa_0x1234_137_1_UWsC8gkUkgI9qHQ6T5CUQ" worker_count=1
2026-09-18T01:43:35.830521Z  WARN prune_race_condition: Job processing started job_id="eoa_0x1234_137" lease_token="1789695815_eoa_0x1234_137_1_JwkCAaWrbaV3plK6qPkeN" worker_count=1
2026-09-18T01:43:35.931619Z  WARN prune_race_condition: Job processing started job_id="eoa_0x1234_137" lease_token="1789695815_eoa_0x1234_137_1_zv44NnzVl3CFwXK6swTsp" worker_count=1
2026-09-18T01:43:36.030797Z  WARN prune_race_condition: Job processing started job_id="eoa_0x1234_137" lease_token="1789695816_eoa_0x1234_137_1__admtDTDoaLXn11GvXiv_" worker_count=1
2026-09-18T01:43:36.130006Z  WARN prune_race_condition: Job processing started job_id="eoa_0x1234_137" lease_token="1789695816_eoa_0x1234_137_1_4mGtBxI54LXgNJK3J8Hgx" worker_count=1
2026-09-18T01:43:36.230012Z  WARN prune_race_condition: Job processing started job_id="eoa_0x1234_137" lease_token="1789695816_eoa_0x1234_137_1_xDHSwLOJBLuSM4m8t960k" worker_count=1
2026-09-18T01:43:36.330202Z  WARN prune_race_condition: Job processing started job_id="eoa_0x1234_137" lease_token="1789695816_eoa_0x1234_137_1_ivkpJm1Xp3GLEbS17IHiJ" worker_count=1
2026-09-18T01:43:36.430791Z  WARN prune_race_condition: Job processing started job_id="eoa_0x1234_137" lease_token="1789695816_eoa_0x1234_137_1_SRUXObXQBsDv7Fc6mq4xU" worker_count=1
2026-09-18T01:43:36.530512Z  WARN prune_race_condition: Job processing started job_id="eoa_0x1234_137" lease_token="1789695816_eoa_0x1234_137_1_HyHFEN4iaMsjN-YmU5Bpv" worker_count=1
2026-09-18T01:43:36.630612Z  WARN prune_race_condition: Job processing started job_id="eoa_0x1234_137" lease_token="1789695816_eoa_0x1234_137_1_w-cfXQwxLXBxEuPpYyRxf" worker_count=1
2026-09-18T01:43:36.730761Z  WARN prune_race_condition: Job processing started job_id="eoa_0x1234_137" lease_token="1789695816_eoa_0x1234_137_1_Ff5zQC9JsV49yWY5Msv3Y" worker_count=1
2026-09-18T01:43:36.831060Z  WARN prune_race_condition: Job processing started job_id="eoa_0x1234_137" lease_token="1789695816_eoa_0x1234_137_1_pgzLLDpA2tqqvpSdCO9ry" worker_count=1
2026-09-18T01:43:36.884751Z  WARN prune_race_condition: Job processing started job_id="eoa_0x1234_137" lease_token="1789695816_eoa_0x1234_137_1_AS2_tVAXk4rJpQf71tDcv" worker_count=1
2026-09-18T01:43:37.031225Z  WARN prune_race_condition: Job processing started job_id="eoa_0x1234_137" lease_token="1789695817_eoa_0x1234_137_1_2tcIyCr_SpunS2G5eu25l" worker_count=1
2026-09-18T01:43:37.085327Z  WARN prune_race_condition: Job processing started job_id="eoa_0x1234_137" lease_token="1789695817_eoa_0x1234_137_1_2ft0fyIBpt0iVTMN0yPc6" worker_count=1
2026-09-18T01:43:37.140539Z  WARN prune_race_condition: Job processing started job_id="eoa_0x1234_137" lease_token="1789695817_eoa_0x1234_137_1__yDFC7j7WQgeJBUjx5j4r" worker_count=1
2026-09-18T01:43:37.230271Z  WARN prune_race_condition: Job processing started job_id="eoa_0x1234_137" lease_token="1789695817_eoa_0x1234_137_1_0Vjx04z93v3uCncN8M5t4" worker_count=1
2026-09-18T01:43:37.285052Z  WARN prune_race_condition: Job processing started job_id="eoa_0x1234_137" lease_token="1789695817_eoa_0x1234_137_1_bNf22G2KsqNmJapOqiJw1" worker_count=1
2026-09-18T01:43:37.340223Z  WARN prune_race_condition: Job processing started job_id="eoa_0x1234_137" lease_token="1789695817_eoa_0x1234_137_1_-H2hvhTd8W48M-Fo_dj3r" worker_count=1
2026-09-18T01:43:37.430972Z  WARN prune_race_condition: Job processing started job_id="eoa_0x1234_137" lease_token="1789695817_eoa_0x1234_137_1_Sj9zc0GINK8D52qavAtSE" worker_count=1
2026-09-18T01:43:37.486176Z  WARN prune_race_condition: Job processing started job_id="eoa_0x1234_137" lease_token="1789695817_eoa_0x1234_137_1_ck4Xo6Uh4-YbCrIxVEWA1" worker_count=1
2026-09-18T01:43:37.630682Z  WARN prune_race_condition: Job processing started job_id="eoa_0x1234_137" lease_token="1789695817_eoa_0x1234_137_1_-t2L_-8-Wu29VQtwlORtX" worker_count=1
2026-09-18T01:43:37.729356Z  WARN prune_race_condition: Job processing started job_id="eoa_0x1234_137" lease_token="1789695817_eoa_0x1234_137_1_ALcMkF_SHRsTVAbUMypu7" worker_count=1
2026-09-18T01:43:37.829565Z  WARN prune_race_condition: Job processing started job_id="eoa_0x1234_137" lease_token="1789695817_eoa_0x1234_137_1_UxdtYkM2sjngZI16lHRX7" worker_count=1
2026-09-18T01:43:37.930618Z  WARN prune_race_condition: Job processing started job_id="eoa_0x1234_137" lease_token="1789695817_eoa_0x1234_137_1_fXHwR_E9YVbPDVfxv7SfU" worker_count=1
2026-09-18T01:43:38.030606Z  WARN prune_race_condition: Job processing started job_id="eoa_0x1234_137" lease_token="1789695818_eoa_0x1234_137_1_gksnTRVrGwfSpjb7tzcJM" worker_count=1
2026-09-18T01:43:38.129825Z  WARN prune_race_condition: Job processing started job_id="eoa_0x1234_137" lease_token="1789695818_eoa_0x1234_137_1_APx-Qp9VGX_YlH1x4WVeS" worker_count=1
2026-09-18T01:43:38.230254Z  WARN prune_race_condition: Job processing started job_id="eoa_0x1234_137" lease_token="1789695818_eoa_0x1234_137_1_tL_8e7uQFBw23AEL_AvOq" worker_count=1
2026-09-18T01:43:38.329697Z  WARN prune_race_condition: Job processing started job_id="eoa_0x1234_137" lease_token="1789695818_eoa_0x1234_137_1_0zZkOFENQ6kmKoUBabqXs" worker_count=1
2026-09-18T01:43:38.430852Z  WARN prune_race_condition: Job processing started job_id="eoa_0x1234_137" lease_token="1789695818_eoa_0x1234_137_1_cgdB69Ey1eZ5gO64MGF9o" worker_count=1
2026-09-18T01:43:38.530691Z  WARN prune_race_condition: Job processing started job_id="eoa_0x1234_137" lease_token="1789695818_eoa_0x1234_137_1_PwJ5l-raby8TCZFuw4fzQ" worker_count=1
2026-09-18T01:43:38.630241Z  WARN prune_race_condition: Job processing started job_id="eoa_0x1234_137" lease_token="1789695818_eoa_0x1234_137_1_YfdLytz9qBSiomfON3dTN" worker_count=1
2026-09-18T01:43:38.729426Z  WARN prune_race_condition: Job processing started job_id="eoa_0x1234_137" lease_token="1789695818_eoa_0x1234_137_1_7pCSIYZSwNTG8LSHlr5Sy" worker_count=1
2026-09-18T01:43:38.830755Z  WARN prune_race_condition: Job processing started job_id="eoa_0x1234_137" lease_token="1789695818_eoa_0x1234_137_1_W5c9LtBR8K9AMsInAtef1" worker_count=1
2026-09-18T01:43:38.930354Z  WARN prune_race_condition: Job processing started job_id="eoa_0x1234_137" lease_token="1789695818_eoa_0x1234_137_1_0YZIhk4UZJDyaxk9zrfz9" worker_count=1
2026-09-18T01:43:39.031323Z  WARN prune_race_condition: Job processing started job_id="eoa_0x1234_137" lease_token="1789695819_eoa_0x1234_137_1_ZHYIQtxI9dQrukqTiNY5a" worker_count=1
2026-09-18T01:43:39.086258Z  WARN prune_race_condition: Job processing started job_id="eoa_0x1234_137" lease_token="1789695819_eoa_0x1234_137_1_pXgvIbOxBjq7Io28IRIGI" worker_count=1
2026-09-18T01:43:39.140201Z  WARN prune_race_condition: Job processing started job_id="eoa_0x1234_137" lease_token="1789695819_eoa_0x1234_137_1_nMJX1Zgtvj_BEzBJSF3PP" worker_count=1
2026-09-18T01:43:39.194749Z  WARN prune_race_condition: Job processing started job_id="eoa_0x1234_137" lease_token="1789695819_eoa_0x1234_137_1_w04O8Uq_9pWIrNamHcgg7" worker_count=1
2026-09-18T01:43:39.330503Z  WARN prune_race_condition: Job processing started job_id="eoa_0x1234_137" lease_token="1789695819_eoa_0x1234_137_1_t9qmgGZjYYhq7f7HAIULm" worker_count=1
2026-09-18T01:43:39.431376Z  WARN prune_race_condition: Job processing started job_id="eoa_0x1234_137" lease_token="1789695819_eoa_0x1234_137_1_PnPADnDtiHVyp2yoRnf51" worker_count=1
2026-09-18T01:43:39.530913Z  WARN prune_race_condition: Job processing started job_id="eoa_0x1234_137" lease_token="1789695819_eoa_0x1234_137_1_ZgueHn-9cxx8sdg7B5Cru" worker_count=1
2026-09-18T01:43:39.630154Z  WARN prune_race_condition: Job processing started job_id="eoa_0x1234_137" lease_token="1789695819_eoa_0x1234_137_1_GN_zjse166WKiDJIDMgku" worker_count=1
2026-09-18T01:43:39.730960Z  WARN prune_race_condition: Job processing started job_id="eoa_0x1234_137" lease_token="1789695819_eoa_0x1234_137_1_Om6DIiDjibhPuh04NZp-y" worker_count=1
2026-09-18T01:43:39.830467Z  WARN prune_race_condition: Job processing started job_id="eoa_0x1234_137" lease_token="1789695819_eoa_0x1234_137_1_xYIbGTJdzgZbzFwgvsO9L" worker_count=1
2026-09-18T01:43:39.929654Z  WARN prune_race_condition: Job processing started job_id="eoa_0x1234_137" lease_token="1789695819_eoa_0x1234_137_1_EHHrjSO2lNTC0J_QgJICB" worker_count=1
2026-09-18T01:43:40.029215Z  WARN prune_race_condition: Job processing started job_id="eoa_0x1234_137" lease_token="1789695820_eoa_0x1234_137_1_tvxYlrHCIYtmkz84HbjTd" worker_count=1
2026-09-18T01:43:40.130366Z  WARN prune_race_condition: Job processing started job_id="eoa_0x1234_137" lease_token="1789695820_eoa_0x1234_137_1_cYnC8Sg1R0gpmlBhzX_NO" worker_count=1
2026-09-18T01:43:40.230476Z  WARN prune_race_condition: Job processing started job_id="eoa_0x1234_137" lease_token="1789695820_eoa_0x1234_137_1_ZYT_PTf5sqEzlip_ch59_" worker_count=1
2026-09-18T01:43:40.329118Z  WARN prune_race_condition: Job processing started job_id="eoa_0x1234_137" lease_token="1789695820_eoa_0x1234_137_1_iX_3xyUcAPRLEZxUK7tMr" worker_count=1
2026-09-18T01:43:40.430220Z  WARN prune_race_condition: Job processing started job_id="eoa_0x1234_137" lease_token="1789695820_eoa_0x1234_137_1_ge5mfTXWdRIhaLbVoePcy" worker_count=1
2026-09-18T01:43:40.484673Z  WARN prune_race_condition: Job processing started job_id="eoa_0x1234_137" lease_token="1789695820_eoa_0x1234_137_1_cGXPkVOLOOb4dDXx-XdH8" worker_count=1
2026-09-18T01:43:40.630972Z  WARN prune_race_condition: Job processing started job_id="eoa_0x1234_137" lease_token="1789695820_eoa_0x1234_137_1_mWu9C2ccBODXoOIgPuP1x" worker_count=1
2026-09-18T01:43:40.729931Z  WARN prune_race_condition: Job processing started job_id="eoa_0x1234_137" lease_token="1789695820_eoa_0x1234_137_1_Wtzos0TgsmLVZqUaWLhkK" worker_count=1
2026-09-18T01:43:40.830540Z  WARN prune_race_condition: Job processing started job_id="eoa_0x1234_137" lease_token="1789695820_eoa_0x1234_137_1_q7qTv4hXIFIeiBYFRb_a-" worker_count=1
2026-09-18T01:43:40.929416Z  WARN prune_race_condition: Job processing started job_id="eoa_0x1234_137" lease_token="1789695820_eoa_0x1234_137_1_GRXNIQDrRCT6uX6OmnGch" worker_count=1
2026-09-18T01:43:40.984265Z  WARN prune_race_condition: Job processing started job_id="eoa_0x1234_137" lease_token="1789695820_eoa_0x1234_137_1_VFnP4RB7VgO3X8Bzl67x6" worker_count=1
2026-09-18T01:43:41.130171Z  WARN prune_race_condition: Job processing started job_id="eoa_0x1234_137" lease_token="1789695821_eoa_0x1234_137_1_F2sU-UuN8eok58eBGJucs" worker_count=1
2026-09-18T01:43:41.230398Z  WARN prune_race_condition: Job processing started job_id="eoa_0x1234_137" lease_token="1789695821_eoa_0x1234_137_1_eRKW4GYHlveuAhi0MnIZn" worker_count=1
2026-09-18T01:43:41.284594Z  WARN prune_race_condition: Job processing started job_id="eoa_0x1234_137" lease_token="1789695821_eoa_0x1234_137_1_E3HPnwQHmgSQR6rEaK9MU" worker_count=1
2026-09-18T01:43:41.430124Z  WARN prune_race_condition: Job processing started job_id="eoa_0x1234_137" lease_token="1789695821_eoa_0x1234_137_1_r2_s_P0P0KkddOxIFnPZC" worker_count=1
2026-09-18T01:43:41.530184Z  WARN prune_race_condition: Job processing started job_id="eoa_0x1234_137" lease_token="1789695821_eoa_0x1234_137_1_aCo282oI3q_3D8x4XQeCW" worker_count=1
2026-09-18T01:43:41.584617Z  WARN prune_race_condition: Job processing started job_id="eoa_0x1234_137" lease_token="1789695821_eoa_0x1234_137_1_dcg43SRWicEGU-q7h6vOg" worker_count=1
2026-09-18T01:43:41.730752Z  WARN prune_race_condition: Job processing started job_id="eoa_0x1234_137" lease_token="1789695821_eoa_0x1234_137_1_FqP3VKc80_m0yiJe6otxx" worker_count=1
2026-09-18T01:43:41.829344Z  WARN prune_race_condition: Job processing started job_id="eoa_0x1234_137" lease_token="1789695821_eoa_0x1234_137_1_TNMyZMaOPgytTovQq9eBC" worker_count=1
2026-09-18T01:43:41.930842Z  WARN prune_race_condition: Job processing started job_id="eoa_0x1234_137" lease_token="1789695821_eoa_0x1234_137_1_0o7BHTaJ6e9l874MARC-T" worker_count=1
2026-09-18T01:43:42.030588Z  WARN prune_race_condition: Job processing started job_id="eoa_0x1234_137" lease_token="1789695822_eoa_0x1234_137_1_6n-EKHQSJFUPeX-xawdLH" worker_count=1
2026-09-18T01:43:42.130998Z  WARN prune_race_condition: Job processing started job_id="eoa_0x1234_137" lease_token="1789695822_eoa_0x1234_137_1_hLhrtcgUUqtfcqGPAjPuM" worker_count=1
2026-09-18T01:43:42.185448Z  WARN prune_race_condition: Job processing started job_id="eoa_0x1234_137" lease_token="1789695822_eoa_0x1234_137_1_K-xl3JiPS23mAE1j9wf7d" worker_count=1
2026-09-18T01:43:42.329897Z  WARN prune_race_condition: Job processing started job_id="eoa_0x1234_137" lease_token="1789695822_eoa_0x1234_137_1_Z11He1XOX8fl4CQCrxHCs" worker_count=1
2026-09-18T01:43:42.430764Z  WARN prune_race_condition: Job processing started job_id="eoa_0x1234_137" lease_token="1789695822_eoa_0x1234_137_1_axR5rLCW28IBy1XzZ8LID" worker_count=1
2026-09-18T01:43:42.530124Z  WARN prune_race_condition: Job processing started job_id="eoa_0x1234_137" lease_token="1789695822_eoa_0x1234_137_1_5TB7ts1rfyfp1GIqCf3X7" worker_count=1
2026-09-18T01:43:42.630713Z  WARN prune_race_condition: Job processing started job_id="eoa_0x1234_137" lease_token="1789695822_eoa_0x1234_137_1_RQOnR7zTRb8TRjWoMzO6t" worker_count=1
2026-09-18T01:43:42.730236Z  WARN prune_race_condition: Job processing started job_id="eoa_0x1234_137" lease_token="1789695822_eoa_0x1234_137_1_bFkD7LZL8JPbKadZSAw7l" worker_count=1
2026-09-18T01:43:42.830079Z  WARN prune_race_condition: Job processing started job_id="eoa_0x1234_137" lease_token="1789695822_eoa_0x1234_137_1_CjoxlxemEsjYVQdlAkDlb" worker_count=1
2026-09-18T01:43:42.930370Z  WARN prune_race_condition: Job processing started job_id="eoa_0x1234_137" lease_token="1789695822_eoa_0x1234_137_1_ctVc3rn5He4TSkw-TiR4I" worker_count=1
2026-09-18T01:43:43.031162Z  WARN prune_race_condition: Job processing started job_id="eoa_0x1234_137" lease_token="1789695823_eoa_0x1234_137_1_vvLF4rwAqhL2UIx5QBv98" worker_count=1
2026-09-18T01:43:43.130282Z  WARN prune_race_condition: Job processing started job_id="eoa_0x1234_137" lease_token="1789695823_eoa_0x1234_137_1_ZjCezqzCPARKxoBMqfIzu" worker_count=1
2026-09-18T01:43:43.230593Z  WARN prune_race_condition: Job processing started job_id="eoa_0x1234_137" lease_token="1789695823_eoa_0x1234_137_1_kN_NTHZFrD1-3v-9CFnt2" worker_count=1
2026-09-18T01:43:43.330467Z  WARN prune_race_condition: Job processing started job_id="eoa_0x1234_137" lease_token="1789695823_eoa_0x1234_137_1_mMuVao80OhJkUZ7yZ4evr" worker_count=1
2026-09-18T01:43:43.429829Z  WARN prune_race_condition: Job processing started job_id="eoa_0x1234_137" lease_token="1789695823_eoa_0x1234_137_1_j7umsvCVpZ0EAHxQ_idXF" worker_count=1
2026-09-18T01:43:43.530173Z  WARN prune_race_condition: Job processing started job_id="eoa_0x1234_137" lease_token="1789695823_eoa_0x1234_137_1_2DAPUiRA07c6HqrUtUbvz" worker_count=1
2026-09-18T01:43:43.629636Z  WARN prune_race_condition: Job processing started job_id="eoa_0x1234_137" lease_token="1789695823_eoa_0x1234_137_1_uOngPiJz6rCHPiEBRliNH" worker_count=1
2026-09-18T01:43:43.730898Z  WARN prune_race_condition: Job processing started job_id="eoa_0x1234_137" lease_token="1789695823_eoa_0x1234_137_1_RFuFf3SXbjxXC5wRVTAQh" worker_count=1
2026-09-18T01:43:43.831084Z  WARN prune_race_condition: Job processing started job_id="eoa_0x1234_137" lease_token="1789695823_eoa_0x1234_137_1_E2JsvTPvsfK-o7kOB-XEx" worker_count=1
2026-09-18T01:43:43.930736Z  WARN prune_race_condition: Job processing started job_id="eoa_0x1234_137" lease_token="1789695823_eoa_0x1234_137_1_GVSiJtpi7vNFubwgqZOJG" worker_count=1
2026-09-18T01:43:44.029356Z  WARN prune_race_condition: Job processing started job_id="eoa_0x1234_137" lease_token="1789695824_eoa_0x1234_137_1_DnW3kU6Ydmk_hGLUH5vmg" worker_count=1
2026-09-18T01:43:44.130029Z  WARN prune_race_condition: Job processing started job_id="eoa_0x1234_137" lease_token="1789695824_eoa_0x1234_137_1_Cj_E4R-9WgknG11YRcyX8" worker_count=1
2026-09-18T01:43:44.184972Z  WARN prune_race_condition: Job processing started job_id="eoa_0x1234_137" lease_token="1789695824_eoa_0x1234_137_1_98hat3KjRtZotroXWgM3x" worker_count=1
2026-09-18T01:43:44.329320Z  WARN prune_race_condition: Job processing started job_id="eoa_0x1234_137" lease_token="1789695824_eoa_0x1234_137_1_zdxUiItf1V3JT7FN-JlBF" worker_count=1
2026-09-18T01:43:44.431091Z  WARN prune_race_condition: Job processing started job_id="eoa_0x1234_137" lease_token="1789695824_eoa_0x1234_137_1_EYek73dRcSUG9uuUBCtO6" worker_count=1
2026-09-18T01:43:44.530834Z  WARN prune_race_condition: Job processing started job_id="eoa_0x1234_137" lease_token="1789695824_eoa_0x1234_137_1_52xKHII-sZhWkheIO33K_" worker_count=1
2026-09-18T01:43:44.586338Z  WARN prune_race_condition: Job processing started job_id="eoa_0x1234_137" lease_token="1789695824_eoa_0x1234_137_1_UZRNUSqcxp5MaWSKCYXmI" worker_count=1
2026-09-18T01:43:44.730260Z  WARN prune_race_condition: Job processing started job_id="eoa_0x1234_137" lease_token="1789695824_eoa_0x1234_137_1_d3ddQGUcSPCj1wIpUU5qi" worker_count=1
2026-09-18T01:43:44.830681Z  WARN prune_race_condition: Job processing started job_id="eoa_0x1234_137" lease_token="1789695824_eoa_0x1234_137_1_YIsa1q35l8qmndTjeuq5F" worker_count=1
2026-09-18T01:43:44.930116Z  WARN prune_race_condition: Job processing started job_id="eoa_0x1234_137" lease_token="1789695824_eoa_0x1234_137_1_tl2Y4U_bmZzOViygsumvk" worker_count=1
2026-09-18T01:43:44.984893Z  WARN prune_race_condition: Job processing started job_id="eoa_0x1234_137" lease_token="1789695824_eoa_0x1234_137_1_W5seVtR4_XrPzhXJb-5cg" worker_count=1
2026-09-18T01:43:45.130101Z  WARN prune_race_condition: Job processing started job_id="eoa_0x1234_137" lease_token="1789695825_eoa_0x1234_137_1_zfKpiM_HFtEgPiCV1u-Qt" worker_count=1
2026-09-18T01:43:45.231102Z  WARN prune_race_condition: Job processing started job_id="eoa_0x1234_137" lease_token="1789695825_eoa_0x1234_137_1_mysLqUKmnqqKV6GjUTrlC" worker_count=1
2026-09-18T01:43:45.330969Z  WARN prune_race_condition: Job processing started job_id="eoa_0x1234_137" lease_token="1789695825_eoa_0x1234_137_1_-RTU9i6X2ABNmmE4kKoS7" worker_count=1
2026-09-18T01:43:45.430198Z  WARN prune_race_condition: Job processing started job_id="eoa_0x1234_137" lease_token="1789695825_eoa_0x1234_137_1_ERplh74yL1IEiJacUc2Kw" worker_count=1
2026-09-18T01:43:45.530058Z  WARN prune_race_condition: Job processing started job_id="eoa_0x1234_137" lease_token="1789695825_eoa_0x1234_137_1_7ZcHNEm0H6rV0vu0t9xrV" worker_count=1
2026-09-18T01:43:45.630724Z  WARN prune_race_condition: Job processing started job_id="eoa_0x1234_137" lease_token="1789695825_eoa_0x1234_137_1_xM74Qu1aSX-FQTpeJIIXn" worker_count=1
2026-09-18T01:43:45.729599Z  WARN prune_race_condition: Job processing started job_id="eoa_0x1234_137" lease_token="1789695825_eoa_0x1234_137_1_JvPZXlv3g5fNjf-2skZle" worker_count=1
2026-09-18T01:43:45.830811Z  WARN prune_race_condition: Job processing started job_id="eoa_0x1234_137" lease_token="1789695825_eoa_0x1234_137_1_JvH8FlRabHnhiSWN-S9dw" worker_count=1
2026-09-18T01:43:45.929861Z  WARN prune_race_condition: Job processing started job_id="eoa_0x1234_137" lease_token="1789695825_eoa_0x1234_137_1_wiW65ZicRK5A1zw0ttpHl" worker_count=1
2026-09-18T01:43:46.031253Z  WARN prune_race_condition: Job processing started job_id="eoa_0x1234_137" lease_token="1789695826_eoa_0x1234_137_1_LcBwHpG6r-xLzWOx220MG" worker_count=1
2026-09-18T01:43:46.085413Z  WARN prune_race_condition: Job processing started job_id="eoa_0x1234_137" lease_token="1789695826_eoa_0x1234_137_1_hsajVtrwcb-XjpuvaGO4x" worker_count=1
2026-09-18T01:43:46.229681Z  WARN prune_race_condition: Job processing started job_id="eoa_0x1234_137" lease_token="1789695826_eoa_0x1234_137_1_68VUMXRLoDOQyScr1ECS8" worker_count=1
2026-09-18T01:43:46.329966Z  WARN prune_race_condition: Job processing started job_id="eoa_0x1234_137" lease_token="1789695826_eoa_0x1234_137_1_dX1droQXJCl28akksQoWE" worker_count=1
2026-09-18T01:43:46.430955Z  WARN prune_race_condition: Job processing started job_id="eoa_0x1234_137" lease_token="1789695826_eoa_0x1234_137_1_2HH59GtR_MrfnZkBVwGZo" worker_count=1
2026-09-18T01:43:46.485609Z  WARN prune_race_condition: Job processing started job_id="eoa_0x1234_137" lease_token="1789695826_eoa_0x1234_137_1_1e2_JIe7D1L0ZKmSwTJby" worker_count=1
2026-09-18T01:43:46.630929Z  WARN prune_race_condition: Job processing started job_id="eoa_0x1234_137" lease_token="1789695826_eoa_0x1234_137_1__u4kuMxqwYYY4fK0jh_kO" worker_count=1
2026-09-18T01:43:46.730416Z  WARN prune_race_condition: Job processing started job_id="eoa_0x1234_137" lease_token="1789695826_eoa_0x1234_137_1_tkeyms58DfHM8bhqxMqjY" worker_count=1
2026-09-18T01:43:46.831416Z  WARN prune_race_condition: Job processing started job_id="eoa_0x1234_137" lease_token="1789695826_eoa_0x1234_137_1_xqbwlhS0NB89hohCT7jFW" worker_count=1
2026-09-18T01:43:46.886205Z  WARN prune_race_condition: Job processing started job_id="eoa_0x1234_137" lease_token="1789695826_eoa_0x1234_137_1_dwqE701kguY_Rwa-btkLc" worker_count=1
2026-09-18T01:43:47.029521Z  WARN prune_race_condition: Job processing started job_id="eoa_0x1234_137" lease_token="1789695827_eoa_0x1234_137_1_ckhwq3MwIACX9m97UDh0K" worker_count=1
2026-09-18T01:43:47.083788Z  WARN prune_race_condition: Job processing started job_id="eoa_0x1234_137" lease_token="1789695827_eoa_0x1234_137_1_bULpGwGj8Ke1rszqfjv3l" worker_count=1
2026-09-18T01:43:47.230965Z  WARN prune_race_condition: Job processing started job_id="eoa_0x1234_137" lease_token="1789695827_eoa_0x1234_137_1_aMCG3p4MKS-bhWvZ1aw66" worker_count=1
2026-09-18T01:43:47.330711Z  WARN prune_race_condition: Job processing started job_id="eoa_0x1234_137" lease_token="1789695827_eoa_0x1234_137_1_6XNHl38sLYW-_C2JX9MZU" worker_count=1
2026-09-18T01:43:47.431159Z  WARN prune_race_condition: Job processing started job_id="eoa_0x1234_137" lease_token="1789695827_eoa_0x1234_137_1_1EnYS-6XYjZlPkB1YJ4A-" worker_count=1
2026-09-18T01:43:47.485488Z  WARN prune_race_condition: Job processing started job_id="eoa_0x1234_137" lease_token="1789695827_eoa_0x1234_137_1_G-MhnzRR18Fu31olZ1f-W" worker_count=1
2026-09-18T01:43:47.630443Z  WARN prune_race_condition: Job processing started job_id="eoa_0x1234_137" lease_token="1789695827_eoa_0x1234_137_1_Pzf0EWIeFI3z17x4Itdn_" worker_count=1
2026-09-18T01:43:47.730507Z  WARN prune_race_condition: Job processing started job_id="eoa_0x1234_137" lease_token="1789695827_eoa_0x1234_137_1_SwSf9kMkcI8T4ZozZwqCS" worker_count=1
2026-09-18T01:43:47.831003Z  WARN prune_race_condition: Job processing started job_id="eoa_0x1234_137" lease_token="1789695827_eoa_0x1234_137_1_ehT__CaA9l5Tdb6eHqubR" worker_count=1
2026-09-18T01:43:47.930456Z  WARN prune_race_condition: Job processing started job_id="eoa_0x1234_137" lease_token="1789695827_eoa_0x1234_137_1_VWjZo9tmpQClfGDINvDBB" worker_count=1
2026-09-18T01:43:48.031346Z  WARN prune_race_condition: Job processing started job_id="eoa_0x1234_137" lease_token="1789695828_eoa_0x1234_137_1_xTVv130So0bbyH4J-MegE" worker_count=1
2026-09-18T01:43:48.085633Z  WARN prune_race_condition: Job processing started job_id="eoa_0x1234_137" lease_token="1789695828_eoa_0x1234_137_1_t4eusX0Z-mWQe-ikn2I_n" worker_count=1
2026-09-18T01:43:48.231220Z  WARN prune_race_condition: Job processing started job_id="eoa_0x1234_137" lease_token="1789695828_eoa_0x1234_137_1_QwhO_zFdmUDdztK5DZJ6J" worker_count=1
2026-09-18T01:43:48.329743Z  WARN prune_race_condition: Job processing started job_id="eoa_0x1234_137" lease_token="1789695828_eoa_0x1234_137_1_8YAT9ARxX96EcEGVrsA4H" worker_count=1
2026-09-18T01:43:48.429345Z  WARN prune_race_condition: Job processing started job_id="eoa_0x1234_137" lease_token="1789695828_eoa_0x1234_137_1_W8bLP0bL-r3ZiGY1PkH1u" worker_count=1
2026-09-18T01:43:48.483485Z  WARN prune_race_condition: Job processing started job_id="eoa_0x1234_137" lease_token="1789695828_eoa_0x1234_137_1_HvK1SDA2oyMh41hPz17Uj" worker_count=1
2026-09-18T01:43:48.630878Z  WARN prune_race_condition: Job processing started job_id="eoa_0x1234_137" lease_token="1789695828_eoa_0x1234_137_1__XqWZ2pA2724hbCtmu1tP" worker_count=1
2026-09-18T01:43:48.686408Z  WARN prune_race_condition: Job processing started job_id="eoa_0x1234_137" lease_token="1789695828_eoa_0x1234_137_1_dPVjck_QazEvWy8BfgFQA" worker_count=1
2026-09-18T01:43:48.740601Z  WARN prune_race_condition: Job processing started job_id="eoa_0x1234_137" lease_token="1789695828_eoa_0x1234_137_1_OPLMgdAuu68PX5AJ7ZKzB" worker_count=1
2026-09-18T01:43:48.795243Z  WARN prune_race_condition: Job processing started job_id="eoa_0x1234_137" lease_token="1789695828_eoa_0x1234_137_1_aliD8tqF273k3_rdLEoFA" worker_count=1
2026-09-18T01:43:48.930361Z  WARN prune_race_condition: Job processing started job_id="eoa_0x1234_137" lease_token="1789695828_eoa_0x1234_137_1_8rGsxCNMBG53KI0iG--Ly" worker_count=1
2026-09-18T01:43:49.030311Z  WARN prune_race_condition: Job processing started job_id="eoa_0x1234_137" lease_token="1789695829_eoa_0x1234_137_1_WOX0Fe8LhTmiGGydS6vlH" worker_count=1
2026-09-18T01:43:49.131011Z  WARN prune_race_condition: Job processing started job_id="eoa_0x1234_137" lease_token="1789695829_eoa_0x1234_137_1_tY7INRl80Ju519mVYSdEO" worker_count=1
2026-09-18T01:43:49.229323Z  WARN prune_race_condition: Job processing started job_id="eoa_0x1234_137" lease_token="1789695829_eoa_0x1234_137_1_QKIaj_gLkIpubBEyE5NOw" worker_count=1
2026-09-18T01:43:49.330134Z  WARN prune_race_condition: Job processing started job_id="eoa_0x1234_137" lease_token="1789695829_eoa_0x1234_137_1_70BJhUaYR0TiTZH6V7fe-" worker_count=1
2026-09-18T01:43:49.429579Z  WARN prune_race_condition: Job processing started job_id="eoa_0x1234_137" lease_token="1789695829_eoa_0x1234_137_1_TtcDoxSIQMFMpX4hhUwHy" worker_count=1
2026-09-18T01:43:49.528899Z  WARN prune_race_condition: Job processing started job_id="eoa_0x1234_137" lease_token="1789695829_eoa_0x1234_137_1_DoTQ4xETngAQM5C8M9LQj" worker_count=1
2026-09-18T01:43:49.629806Z  WARN prune_race_condition: Job processing started job_id="eoa_0x1234_137" lease_token="1789695829_eoa_0x1234_137_1_yhvKr9IP4n3tIEQn_2IHQ" worker_count=1
2026-09-18T01:43:49.730496Z  WARN prune_race_condition: Job processing started job_id="eoa_0x1234_137" lease_token="1789695829_eoa_0x1234_137_1_DHuNPi_xOIHXu1yCpePSA" worker_count=1
2026-09-18T01:43:49.829537Z  WARN prune_race_condition: Job processing started job_id="eoa_0x1234_137" lease_token="1789695829_eoa_0x1234_137_1_kCa5ASJZ8dt7nSMwpHZZX" worker_count=1
2026-09-18T01:43:49.929360Z  WARN prune_race_condition: Job processing started job_id="eoa_0x1234_137" lease_token="1789695829_eoa_0x1234_137_1_TT2DPrcOPznVDzM572cp9" worker_count=1
2026-09-18T01:43:50.029980Z  WARN prune_race_condition: Job processing started job_id="eoa_0x1234_137" lease_token="1789695830_eoa_0x1234_137_1_OvNRdnvgT2g-jzJg8iS-e" worker_count=1
2026-09-18T01:43:50.128925Z  WARN prune_race_condition: Job processing started job_id="eoa_0x1234_137" lease_token="1789695830_eoa_0x1234_137_1_1yBKsb1H86rWHhopQ1qms" worker_count=1
2026-09-18T01:43:50.182205Z  WARN prune_race_condition: Job processing started job_id="eoa_0x1234_137" lease_token="1789695830_eoa_0x1234_137_1_MVGrriPmlf6_adYVZYj6z" worker_count=1
2026-09-18T01:43:50.236742Z  WARN prune_race_condition: Job processing started job_id="eoa_0x1234_137" lease_token="1789695830_eoa_0x1234_137_1_8PjRxwni1pD1aI1brPMzu" worker_count=1
2026-09-18T01:43:50.330262Z  WARN prune_race_condition: Job processing started job_id="eoa_0x1234_137" lease_token="1789695830_eoa_0x1234_137_1_W7Po6HLVJuymbJxu0Hrk-" worker_count=1
2026-09-18T01:43:50.431137Z  WARN prune_race_condition: Job processing started job_id="eoa_0x1234_137" lease_token="1789695830_eoa_0x1234_137_1_-LzWCCN4LB7Ja1ucCl4Lg" worker_count=1
2026-09-18T01:43:50.529466Z  WARN prune_race_condition: Job processing started job_id="eoa_0x1234_137" lease_token="1789695830_eoa_0x1234_137_1_9TqgoTwQNHVWEcJMojSGy" worker_count=1
2026-09-18T01:43:50.630296Z  WARN prune_race_condition: Job processing started job_id="eoa_0x1234_137" lease_token="1789695830_eoa_0x1234_137_1_fsVHS9ciJqmlaZAbpxOhn" worker_count=1
2026-09-18T01:43:50.730568Z  WARN prune_race_condition: Job processing started job_id="eoa_0x1234_137" lease_token="1789695830_eoa_0x1234_137_1_9aisovUvEXXe0KkqLCTG-" worker_count=1
2026-09-18T01:43:50.830461Z  WARN prune_race_condition: Job processing started job_id="eoa_0x1234_137" lease_token="1789695830_eoa_0x1234_137_1_Un4Uv2EJ31d_g_JTUZiWY" worker_count=1
2026-09-18T01:43:50.930668Z  WARN prune_race_condition: Job processing started job_id="eoa_0x1234_137" lease_token="1789695830_eoa_0x1234_137_1_lXX1SAA3XT4ZHEacyEIbH" worker_count=1
2026-09-18T01:43:51.030775Z  WARN prune_race_condition: Job processing started job_id="eoa_0x1234_137" lease_token="1789695831_eoa_0x1234_137_1_tQyBRdDD3-BQ3QsXoQSxv" worker_count=1
2026-09-18T01:43:51.084932Z  WARN prune_race_condition: Job processing started job_id="eoa_0x1234_137" lease_token="1789695831_eoa_0x1234_137_1_WyKqa48CYOzsC5kaQDgyP" worker_count=1
2026-09-18T01:43:51.229140Z  WARN prune_race_condition: Job processing started job_id="eoa_0x1234_137" lease_token="1789695831_eoa_0x1234_137_1_WZJ1olraTiVN2f9GVl-2o" worker_count=1
2026-09-18T01:43:51.330177Z  WARN prune_race_condition: Job processing started job_id="eoa_0x1234_137" lease_token="1789695831_eoa_0x1234_137_1_UgFhwJXHO73bTD8863DIC" worker_count=1
2026-09-18T01:43:51.430213Z  WARN prune_race_condition: Job processing started job_id="eoa_0x1234_137" lease_token="1789695831_eoa_0x1234_137_1_VjmRLSgcsjlGei1YQ73dV" worker_count=1
2026-09-18T01:43:51.485112Z  WARN prune_race_condition: Job processing started job_id="eoa_0x1234_137" lease_token="1789695831_eoa_0x1234_137_1_MABrs_i8AwIxrYfo00aZE" worker_count=1
2026-09-18T01:43:51.631447Z  WARN prune_race_condition: Job processing started job_id="eoa_0x1234_137" lease_token="1789695831_eoa_0x1234_137_1_jEXsW0ooPXIV8FOsGfXd-" worker_count=1
2026-09-18T01:43:51.730296Z  WARN prune_race_condition: Job processing started job_id="eoa_0x1234_137" lease_token="1789695831_eoa_0x1234_137_1_yPsi5Cj9WcCR4F1HvXmKa" worker_count=1
2026-09-18T01:43:51.830427Z  WARN prune_race_condition: Job processing started job_id="eoa_0x1234_137" lease_token="1789695831_eoa_0x1234_137_1_p9zJ-lZfwi3dA5LN7kvYv" worker_count=1
2026-09-18T01:43:51.929505Z  WARN prune_race_condition: Job processing started job_id="eoa_0x1234_137" lease_token="1789695831_eoa_0x1234_137_1_FjE7SetIfWOQ2fCBH8woA" worker_count=1
2026-09-18T01:43:52.029440Z  WARN prune_race_condition: Job processing started job_id="eoa_0x1234_137" lease_token="1789695832_eoa_0x1234_137_1_3iTlAY8gl4Wv3q1OAHLRg" worker_count=1
2026-09-18T01:43:52.130318Z  WARN prune_race_condition: Job processing started job_id="eoa_0x1234_137" lease_token="1789695832_eoa_0x1234_137_1_RuH-0Z9e6vTXEUxUGMtLv" worker_count=1
2026-09-18T01:43:52.230603Z  WARN prune_race_condition: Job processing started job_id="eoa_0x1234_137" lease_token="1789695832_eoa_0x1234_137_1_ol-gEV0cwvzKPMpcnss6U" worker_count=1
2026-09-18T01:43:52.329605Z  WARN prune_race_condition: Job processing started job_id="eoa_0x1234_137" lease_token="1789695832_eoa_0x1234_137_1_Z6pMhEx-8Amh4nFGgeidu" worker_count=1
2026-09-18T01:43:52.431629Z  WARN prune_race_condition: Job processing started job_id="eoa_0x1234_137" lease_token="1789695832_eoa_0x1234_137_1_it2_9qOviAMZPiYgzp9hb" worker_count=1
2026-09-18T01:43:52.485129Z  WARN prune_race_condition: Job processing started job_id="eoa_0x1234_137" lease_token="1789695832_eoa_0x1234_137_1_fMYDlo0bo1kbRaGPSt3Af" worker_count=1
2026-09-18T01:43:52.630217Z  WARN prune_race_condition: Job processing started job_id="eoa_0x1234_137" lease_token="1789695832_eoa_0x1234_137_1_h1mW_VfXc8HcUxp0su0qe" worker_count=1
2026-09-18T01:43:52.730640Z  WARN prune_race_condition: Job processing started job_id="eoa_0x1234_137" lease_token="1789695832_eoa_0x1234_137_1_YeauWhSeLHm0wz_AZy5j4" worker_count=1
2026-09-18T01:43:52.831764Z  WARN prune_race_condition: Job processing started job_id="eoa_0x1234_137" lease_token="1789695832_eoa_0x1234_137_1_DyCU_w2sxihlpblJHcZrg" worker_count=1
2026-09-18T01:43:52.929293Z  WARN prune_race_condition: Job processing started job_id="eoa_0x1234_137" lease_token="1789695832_eoa_0x1234_137_1_yt9w6xhDFJP0vVaj3Rwtm" worker_count=1
2026-09-18T01:43:53.029945Z  WARN prune_race_condition: Job processing started job_id="eoa_0x1234_137" lease_token="1789695833_eoa_0x1234_137_1_JEtS-Qh5kEmIlcH-NIVpM" worker_count=1
2026-09-18T01:43:53.130941Z  WARN prune_race_condition: Job processing started job_id="eoa_0x1234_137" lease_token="1789695833_eoa_0x1234_137_1_rWQzt2VUX3_pgP-L-DNdX" worker_count=1
2026-09-18T01:43:53.231384Z  WARN prune_race_condition: Job processing started job_id="eoa_0x1234_137" lease_token="1789695833_eoa_0x1234_137_1_6ouPA3p9S-lePWAgehUYL" worker_count=1
2026-09-18T01:43:53.330039Z  WARN prune_race_condition: Job processing started job_id="eoa_0x1234_137" lease_token="1789695833_eoa_0x1234_137_1_hNzQAQUUYQXJIO0gtrKhh" worker_count=1
2026-09-18T01:43:53.429569Z  WARN prune_race_condition: Job processing started job_id="eoa_0x1234_137" lease_token="1789695833_eoa_0x1234_137_1_ouEasa0ufPZgz8wJ7PIJC" worker_count=1
2026-09-18T01:43:53.530748Z  WARN prune_race_condition: Job processing started job_id="eoa_0x1234_137" lease_token="1789695833_eoa_0x1234_137_1_3tPSsh61CPnVOY3pzGV3Q" worker_count=1
2026-09-18T01:43:53.584650Z  WARN prune_race_condition: Job processing started job_id="eoa_0x1234_137" lease_token="1789695833_eoa_0x1234_137_1_8oE7bXk8R_eWV3GSILoqD" worker_count=1
2026-09-18T01:43:53.730457Z  WARN prune_race_condition: Job processing started job_id="eoa_0x1234_137" lease_token="1789695833_eoa_0x1234_137_1_nGGZWR1XCXUVUefVHKrNy" worker_count=1
2026-09-18T01:43:53.829928Z  WARN prune_race_condition: Job processing started job_id="eoa_0x1234_137" lease_token="1789695833_eoa_0x1234_137_1_9Ri1zSOChx37kjZ4K5t2T" worker_count=1
2026-09-18T01:43:53.930572Z  WARN prune_race_condition: Job processing started job_id="eoa_0x1234_137" lease_token="1789695833_eoa_0x1234_137_1_J-Rvv33jjfv4RoqQ96FKg" worker_count=1
2026-09-18T01:43:54.029811Z  WARN prune_race_condition: Job processing started job_id="eoa_0x1234_137" lease_token="1789695834_eoa_0x1234_137_1_0HHW8LWLfYiTPTA1xo6Sw" worker_count=1
2026-09-18T01:43:54.130861Z  WARN prune_race_condition: Job processing started job_id="eoa_0x1234_137" lease_token="1789695834_eoa_0x1234_137_1_jij34ICUSJ6R3NjB82m6s" worker_count=1
2026-09-18T01:43:54.184197Z  WARN prune_race_condition: Job processing started job_id="eoa_0x1234_137" lease_token="1789695834_eoa_0x1234_137_1_AGsKEsuPhdQtxYD-AV2Fd" worker_count=1
2026-09-18T01:43:54.330753Z  WARN prune_race_condition: Job processing started job_id="eoa_0x1234_137" lease_token="1789695834_eoa_0x1234_137_1_uBT6fnZkxFWrvuZNpHqhk" worker_count=1
2026-09-18T01:43:54.431611Z  WARN prune_race_condition: Job processing started job_id="eoa_0x1234_137" lease_token="1789695834_eoa_0x1234_137_1_pIiVhGEuABucDV44Ot2_h" worker_count=1
2026-09-18T01:43:54.530091Z  WARN prune_race_condition: Job processing started job_id="eoa_0x1234_137" lease_token="1789695834_eoa_0x1234_137_1_Z0UKZZcgSm-aUGQUARP7l" worker_count=1
2026-09-18T01:43:54.630727Z  WARN prune_race_condition: Job processing started job_id="eoa_0x1234_137" lease_token="1789695834_eoa_0x1234_137_1_H1DJRy_ZB4F_SG66cEUtT" worker_count=1
2026-09-18T01:43:54.730884Z  WARN prune_race_condition: Job processing started job_id="eoa_0x1234_137" lease_token="1789695834_eoa_0x1234_137_1_uHKhkBDsnldtmYv7nc-R2" worker_count=1
2026-09-18T01:43:54.830816Z  WARN prune_race_condition: Job processing started job_id="eoa_0x1234_137" lease_token="1789695834_eoa_0x1234_137_1_9uxmtfD1L-g93MeZRHFus" worker_count=1
2026-09-18T01:43:54.929351Z  WARN prune_race_condition: Job processing started job_id="eoa_0x1234_137" lease_token="1789695834_eoa_0x1234_137_1_DJl2G-aD8G8VpYTvP5cVa" worker_count=1
2026-09-18T01:43:54.984050Z  WARN prune_race_condition: Job processing started job_id="eoa_0x1234_137" lease_token="1789695834_eoa_0x1234_137_1_KqUuY2zR63Gk3wySVBt65" worker_count=1
2026-09-18T01:43:55.130457Z  WARN prune_race_condition: Job processing started job_id="eoa_0x1234_137" lease_token="1789695835_eoa_0x1234_137_1_o3cQqaUy8vZJZ2eBd5O1Q" worker_count=1
2026-09-18T01:43:55.231542Z  WARN prune_race_condition: Job processing started job_id="eoa_0x1234_137" lease_token="1789695835_eoa_0x1234_137_1_ESDnu2-C7hiNqkN4DIl6t" worker_count=1
2026-09-18T01:43:55.330925Z  WARN prune_race_condition: Job processing started job_id="eoa_0x1234_137" lease_token="1789695835_eoa_0x1234_137_1_AgH8rU6ih3WhzQZpgQ1cK" worker_count=1
2026-09-18T01:43:55.430826Z  WARN prune_race_condition: Job processing started job_id="eoa_0x1234_137" lease_token="1789695835_eoa_0x1234_137_1_p-6Whd52zaLvZPMb7QMMv" worker_count=1
2026-09-18T01:43:55.530641Z  WARN prune_race_condition: Job processing started job_id="eoa_0x1234_137" lease_token="1789695835_eoa_0x1234_137_1_0tNpAmKXnDe7wKXxDcqPU" worker_count=1
2026-09-18T01:43:55.630035Z  WARN prune_race_condition: Job processing started job_id="eoa_0x1234_137" lease_token="1789695835_eoa_0x1234_137_1_13zK8MJb_m-3uLIjSpsg3" worker_count=1
2026-09-18T01:43:55.731071Z  WARN prune_race_condition: Job processing started job_id="eoa_0x1234_137" lease_token="1789695835_eoa_0x1234_137_1_WEbyzomRgaTBWax4Wat0O" worker_count=1
2026-09-18T01:43:55.830280Z  WARN prune_race_condition: Job processing started job_id="eoa_0x1234_137" lease_token="1789695835_eoa_0x1234_137_1_FUbts02QPNksp0pmCbZXg" worker_count=1
2026-09-18T01:43:55.930080Z  WARN prune_race_condition: Job processing started job_id="eoa_0x1234_137" lease_token="1789695835_eoa_0x1234_137_1_T_vX9SNIouaWBCxW9p-KT" worker_count=1
2026-09-18T01:43:56.031403Z  WARN prune_race_condition: Job processing started job_id="eoa_0x1234_137" lease_token="1789695836_eoa_0x1234_137_1_6jAgp6ndZO34o1gNrwEyD" worker_count=1
2026-09-18T01:43:56.086458Z  WARN prune_race_condition: Job processing started job_id="eoa_0x1234_137" lease_token="1789695836_eoa_0x1234_137_1_Pilw8StVvn2P4l0olYt4U" worker_count=1
2026-09-18T01:43:56.231394Z  WARN prune_race_condition: Job processing started job_id="eoa_0x1234_137" lease_token="1789695836_eoa_0x1234_137_1_UIJE4cyAqUtirHLZob6sU" worker_count=1
2026-09-18T01:43:56.330876Z  WARN prune_race_condition: Job processing started job_id="eoa_0x1234_137" lease_token="1789695836_eoa_0x1234_137_1_QXJlSee6r3saSHnryEoPu" worker_count=1
2026-09-18T01:43:56.385237Z  WARN prune_race_condition: Job processing started job_id="eoa_0x1234_137" lease_token="1789695836_eoa_0x1234_137_1_yPy4SfFP5ksq3vNkLVNhx" worker_count=1
2026-09-18T01:43:56.529998Z  WARN prune_race_condition: Job processing started job_id="eoa_0x1234_137" lease_token="1789695836_eoa_0x1234_137_1_ZGsBb80wB8G2t4GG_ucQr" worker_count=1
2026-09-18T01:43:56.630697Z  WARN prune_race_condition: Job processing started job_id="eoa_0x1234_137" lease_token="1789695836_eoa_0x1234_137_1_AYCAjbV1rHCdSRCmzR1Nm" worker_count=1
2026-09-18T01:43:56.729490Z  WARN prune_race_condition: Job processing started job_id="eoa_0x1234_137" lease_token="1789695836_eoa_0x1234_137_1_EjV6jQW2fAhGxgMAPnrGB" worker_count=1
2026-09-18T01:43:56.784400Z  WARN prune_race_condition: Job processing started job_id="eoa_0x1234_137" lease_token="1789695836_eoa_0x1234_137_1_LFVM5g_uTeGR4XIcLn08X" worker_count=1
2026-09-18T01:43:56.929794Z  WARN prune_race_condition: Job processing started job_id="eoa_0x1234_137" lease_token="1789695836_eoa_0x1234_137_1_Nrob5z-KfsoDVOZYpordQ" worker_count=1
2026-09-18T01:43:57.030895Z  WARN prune_race_condition: Job processing started job_id="eoa_0x1234_137" lease_token="1789695837_eoa_0x1234_137_1_ctHgu5oinS5tud_euDI-H" worker_count=1
2026-09-18T01:43:57.130895Z  WARN prune_race_condition: Job processing started job_id="eoa_0x1234_137" lease_token="1789695837_eoa_0x1234_137_1_DtsfFzu-nTxF5YrxnOadY" worker_count=1
2026-09-18T01:43:57.230491Z  WARN prune_race_condition: Job processing started job_id="eoa_0x1234_137" lease_token="1789695837_eoa_0x1234_137_1_X3OtVlFQ52RsjDVEEFYzU" worker_count=1
2026-09-18T01:43:57.329434Z  WARN prune_race_condition: Job processing started job_id="eoa_0x1234_137" lease_token="1789695837_eoa_0x1234_137_1_t4-wZk8fvxEMC5icp4wAA" worker_count=1
2026-09-18T01:43:57.430347Z  WARN prune_race_condition: Job processing started job_id="eoa_0x1234_137" lease_token="1789695837_eoa_0x1234_137_1_V-wdMLORaabTds4EKQ0XW" worker_count=1
2026-09-18T01:43:57.485237Z  WARN prune_race_condition: Job processing started job_id="eoa_0x1234_137" lease_token="1789695837_eoa_0x1234_137_1_KIFq86Zvqjv552LMNdjm2" worker_count=1
2026-09-18T01:43:57.630910Z  WARN prune_race_condition: Job processing started job_id="eoa_0x1234_137" lease_token="1789695837_eoa_0x1234_137_1_LjBx7cYzQvmQthsTBZL_0" worker_count=1
2026-09-18T01:43:57.685009Z  WARN prune_race_condition: Job processing started job_id="eoa_0x1234_137" lease_token="1789695837_eoa_0x1234_137_1_O1W9WZL_CIa4KF5Eyuf4g" worker_count=1
2026-09-18T01:43:57.831001Z  WARN prune_race_condition: Job processing started job_id="eoa_0x1234_137" lease_token="1789695837_eoa_0x1234_137_1_aN4ikK-OS8EJKKtDEVl5w" worker_count=1
2026-09-18T01:43:57.885640Z  WARN prune_race_condition: Job processing started job_id="eoa_0x1234_137" lease_token="1789695837_eoa_0x1234_137_1_fUavaKW_wRg3ZidhR-zcn" worker_count=1
2026-09-18T01:43:58.030615Z  WARN prune_race_condition: Job processing started job_id="eoa_0x1234_137" lease_token="1789695838_eoa_0x1234_137_1_IfK8sl8QXRRnqScF0cAhj" worker_count=1
2026-09-18T01:43:58.084596Z  WARN prune_race_condition: Job processing started job_id="eoa_0x1234_137" lease_token="1789695838_eoa_0x1234_137_1_Q6VCY7Czj65tX5URWz0aQ" worker_count=1
2026-09-18T01:43:58.231244Z  WARN prune_race_condition: Job processing started job_id="eoa_0x1234_137" lease_token="1789695838_eoa_0x1234_137_1_NR3yfUyPsr74RLFNBt9xX" worker_count=1
2026-09-18T01:43:58.330400Z  WARN prune_race_condition: Job processing started job_id="eoa_0x1234_137" lease_token="1789695838_eoa_0x1234_137_1_bZ0PCYz73Q6ZVw61NyKSq" worker_count=1
2026-09-18T01:43:58.430784Z  WARN prune_race_condition: Job processing started job_id="eoa_0x1234_137" lease_token="1789695838_eoa_0x1234_137_1_M6poTNduvCVKvSayKevcy" worker_count=1
2026-09-18T01:43:58.530209Z  WARN prune_race_condition: Job processing started job_id="eoa_0x1234_137" lease_token="1789695838_eoa_0x1234_137_1_RIBJk7cKMZzApTBFEPSM6" worker_count=1
2026-09-18T01:43:58.631333Z  WARN prune_race_condition: Job processing started job_id="eoa_0x1234_137" lease_token="1789695838_eoa_0x1234_137_1_I4-FDLp9RWZp1BOX24jxj" worker_count=1
2026-09-18T01:43:58.685910Z  WARN prune_race_condition: Job processing started job_id="eoa_0x1234_137" lease_token="1789695838_eoa_0x1234_137_1_R5Ev6NzYXvJ7vY4vh0-f_" worker_count=1
2026-09-18T01:43:58.739775Z  WARN prune_race_condition: Job processing started job_id="eoa_0x1234_137" lease_token="1789695838_eoa_0x1234_137_1_WBirBL9faqrf7fAVgpzXs" worker_count=1
2026-09-18T01:43:58.830597Z  WARN prune_race_condition: Job processing started job_id="eoa_0x1234_137" lease_token="1789695838_eoa_0x1234_137_1_ssmnbGAzc7CrtbCQYHNSi" worker_count=1
2026-09-18T01:43:58.930141Z  WARN prune_race_condition: Job processing started job_id="eoa_0x1234_137" lease_token="1789695838_eoa_0x1234_137_1_5AeSq8_iDYyjg8QhkZaku" worker_count=1
2026-09-18T01:43:59.030292Z  WARN prune_race_condition: Job processing started job_id="eoa_0x1234_137" lease_token="1789695839_eoa_0x1234_137_1_lgPAesLdUEG80NcR7x3B1" worker_count=1
2026-09-18T01:43:59.129586Z  WARN prune_race_condition: Job processing started job_id="eoa_0x1234_137" lease_token="1789695839_eoa_0x1234_137_1_XLxoMMskL4SNDIazGc5sh" worker_count=1
2026-09-18T01:43:59.230705Z  WARN prune_race_condition: Job processing started job_id="eoa_0x1234_137" lease_token="1789695839_eoa_0x1234_137_1_0HHZOep8SJchxYaIyr-sD" worker_count=1
2026-09-18T01:43:59.330612Z  WARN prune_race_condition: Job processing started job_id="eoa_0x1234_137" lease_token="1789695839_eoa_0x1234_137_1_d1jHjCtFHAyz9HLKStqd0" worker_count=1
2026-09-18T01:43:59.430514Z  WARN prune_race_condition: Job processing started job_id="eoa_0x1234_137" lease_token="1789695839_eoa_0x1234_137_1_Zeb9no7DSpLmk99dXmg76" worker_count=1
2026-09-18T01:43:59.484642Z  WARN prune_race_condition: Job processing started job_id="eoa_0x1234_137" lease_token="1789695839_eoa_0x1234_137_1_9eFuuC5TXH0NuGfn6h59k" worker_count=1
2026-09-18T01:43:59.630849Z  WARN prune_race_condition: Job processing started job_id="eoa_0x1234_137" lease_token="1789695839_eoa_0x1234_137_1_6SgaL-2co1fExV02m4JTX" worker_count=1
2026-09-18T01:43:59.731061Z  WARN prune_race_condition: Job processing started job_id="eoa_0x1234_137" lease_token="1789695839_eoa_0x1234_137_1_ttH4MqV8-2tRAZ3rsefpT" worker_count=1
2026-09-18T01:43:59.785717Z  WARN prune_race_condition: Job processing started job_id="eoa_0x1234_137" lease_token="1789695839_eoa_0x1234_137_1_q_RwZFqEqdveEPN7xgta5" worker_count=1
2026-09-18T01:43:59.930367Z  WARN prune_race_condition: Job processing started job_id="eoa_0x1234_137" lease_token="1789695839_eoa_0x1234_137_1_9t-wsn5ws8cge1YFeqAUg" worker_count=1
2026-09-18T01:44:00.030940Z  WARN prune_race_condition: Job processing started job_id="eoa_0x1234_137" lease_token="1789695840_eoa_0x1234_137_1_8GJkEcB-vn1e0CvB4fygT" worker_count=1
2026-09-18T01:44:00.129687Z  WARN prune_race_condition: Job processing started job_id="eoa_0x1234_137" lease_token="1789695840_eoa_0x1234_137_1_tnO42JYldzGMgIbPacvt2" worker_count=1
2026-09-18T01:44:00.230945Z  WARN prune_race_condition: Job processing started job_id="eoa_0x1234_137" lease_token="1789695840_eoa_0x1234_137_1_ur1TKkAUqZPfPOtAGiJqM" worker_count=1
2026-09-18T01:44:00.286889Z  WARN prune_race_condition: Job processing started job_id="eoa_0x1234_137" lease_token="1789695840_eoa_0x1234_137_1_hz3jlt3mUy1-YL40qKwwl" worker_count=1
2026-09-18T01:44:00.430902Z  WARN prune_race_condition: Job processing started job_id="eoa_0x1234_137" lease_token="1789695840_eoa_0x1234_137_1_c37OpUskwEzA37CtP6rIz" worker_count=1
2026-09-18T01:44:00.529995Z  WARN prune_race_condition: Job processing started job_id="eoa_0x1234_137" lease_token="1789695840_eoa_0x1234_137_1_zHpcJytNkc6x63nQD1HSY" worker_count=1
2026-09-18T01:44:00.585553Z  WARN prune_race_condition: Job processing started job_id="eoa_0x1234_137" lease_token="1789695840_eoa_0x1234_137_1_rDnUZI0RfXtBIi78Vn83E" worker_count=1
2026-09-18T01:44:00.731524Z  WARN prune_race_condition: Job processing started job_id="eoa_0x1234_137" lease_token="1789695840_eoa_0x1234_137_1_hl823YaYb0DwHWjjHZ2kM" worker_count=1
2026-09-18T01:44:00.830726Z  WARN prune_race_condition: Job processing started job_id="eoa_0x1234_137" lease_token="1789695840_eoa_0x1234_137_1_TqAl6h_55X5UZSus7KObK" worker_count=1
2026-09-18T01:44:00.885655Z  WARN prune_race_condition: Job processing started job_id="eoa_0x1234_137" lease_token="1789695840_eoa_0x1234_137_1_depTw6Wc1Q_HxM6nu7Q-X" worker_count=1
2026-09-18T01:44:01.030631Z  WARN prune_race_condition: Job processing started job_id="eoa_0x1234_137" lease_token="1789695841_eoa_0x1234_137_1_eIO4RuIg3lve3t_8_JkSd" worker_count=1
2026-09-18T01:44:01.130973Z  WARN prune_race_condition: Job processing started job_id="eoa_0x1234_137" lease_token="1789695841_eoa_0x1234_137_1_ET-DnakspMHWFgVS3pXNC" worker_count=1
2026-09-18T01:44:01.186952Z  WARN prune_race_condition: Job processing started job_id="eoa_0x1234_137" lease_token="1789695841_eoa_0x1234_137_1_cnt8EKNjL-uz8z-was5ss" worker_count=1
2026-09-18T01:44:01.331508Z  WARN prune_race_condition: Job processing started job_id="eoa_0x1234_137" lease_token="1789695841_eoa_0x1234_137_1_bsbqLrngalZXJFSRem_mK" worker_count=1
2026-09-18T01:44:01.432344Z  WARN prune_race_condition: Job processing started job_id="eoa_0x1234_137" lease_token="1789695841_eoa_0x1234_137_1_iyWaE4bxuQkVu4rKtt4EF" worker_count=1
2026-09-18T01:44:01.531154Z  WARN prune_race_condition: Job processing started job_id="eoa_0x1234_137" lease_token="1789695841_eoa_0x1234_137_1_ifPu62JAulBlrBUn57mLV" worker_count=1
2026-09-18T01:44:01.631287Z  WARN prune_race_condition: Job processing started job_id="eoa_0x1234_137" lease_token="1789695841_eoa_0x1234_137_1_fOM8sqQISSc0qbngJpxeI" worker_count=1
2026-09-18T01:44:01.730176Z  WARN prune_race_condition: Job processing started job_id="eoa_0x1234_137" lease_token="1789695841_eoa_0x1234_137_1_C52PXG7gBHg_vKH2CCfMO" worker_count=1
2026-09-18T01:44:01.785553Z  WARN prune_race_condition: Job processing started job_id="eoa_0x1234_137" lease_token="1789695841_eoa_0x1234_137_1_G9R4gh4ZN9GSLtinxACdi" worker_count=1
2026-09-18T01:44:01.929674Z  WARN prune_race_condition: Job processing started job_id="eoa_0x1234_137" lease_token="1789695841_eoa_0x1234_137_1_x2vapYbg7rqVEuDn2m6h0" worker_count=1
2026-09-18T01:44:02.031526Z  WARN prune_race_condition: Job processing started job_id="eoa_0x1234_137" lease_token="1789695842_eoa_0x1234_137_1_yZHm76kHMwjbHDl_pdqMX" worker_count=1
2026-09-18T01:44:02.085775Z  WARN prune_race_condition: Job processing started job_id="eoa_0x1234_137" lease_token="1789695842_eoa_0x1234_137_1_X0SjCIqC0TS71BFwd8Sp1" worker_count=1
2026-09-18T01:44:02.231660Z  WARN prune_race_condition: Job processing started job_id="eoa_0x1234_137" lease_token="1789695842_eoa_0x1234_137_1_WJpTMsZJt774LQgfxiANY" worker_count=1
2026-09-18T01:44:02.330212Z  WARN prune_race_condition: Job processing started job_id="eoa_0x1234_137" lease_token="1789695842_eoa_0x1234_137_1_hiJguRepag4HQVh9mP-FS" worker_count=1
2026-09-18T01:44:02.429952Z  WARN prune_race_condition: Job processing started job_id="eoa_0x1234_137" lease_token="1789695842_eoa_0x1234_137_1_PnJg0x5go7YrV7AjCxrxe" worker_count=1
2026-09-18T01:44:02.531067Z  WARN prune_race_condition: Job processing started job_id="eoa_0x1234_137" lease_token="1789695842_eoa_0x1234_137_1_LnnlEjjX6L4fRjW_KF_I-" worker_count=1
2026-09-18T01:44:02.631101Z  WARN prune_race_condition: Job processing started job_id="eoa_0x1234_137" lease_token="1789695842_eoa_0x1234_137_1_N8qmDgComvauk9ltsbonA" worker_count=1
2026-09-18T01:44:02.730956Z  WARN prune_race_condition: Job processing started job_id="eoa_0x1234_137" lease_token="1789695842_eoa_0x1234_137_1_6jKVYsGDNmDc4Sq0iycUS" worker_count=1
2026-09-18T01:44:02.784877Z  WARN prune_race_condition: Job processing started job_id="eoa_0x1234_137" lease_token="1789695842_eoa_0x1234_137_1_7bwD6EdyDiXkNoULDd8qt" worker_count=1
2026-09-18T01:44:02.930616Z  WARN prune_race_condition: Job processing started job_id="eoa_0x1234_137" lease_token="1789695842_eoa_0x1234_137_1_qNeYL4J9TVFu0BcYTcHpx" worker_count=1
2026-09-18T01:44:03.031521Z  WARN prune_race_condition: Job processing started job_id="eoa_0x1234_137" lease_token="1789695843_eoa_0x1234_137_1_oUJSpAr8v1XXjy6uDhXRz" worker_count=1
2026-09-18T01:44:03.085533Z  WARN prune_race_condition: Job processing started job_id="eoa_0x1234_137" lease_token="1789695843_eoa_0x1234_137_1_9xBvDFzDcOG6Ea53DzmOI" worker_count=1
2026-09-18T01:44:03.230972Z  WARN prune_race_condition: Job processing started job_id="eoa_0x1234_137" lease_token="1789695843_eoa_0x1234_137_1_nyCG3Mv7Eb4oujzgBCqYN" worker_count=1
2026-09-18T01:44:03.330492Z  WARN prune_race_condition: Job processing started job_id="eoa_0x1234_137" lease_token="1789695843_eoa_0x1234_137_1_pVcwfu9krozBEmrCiNgcv" worker_count=1
2026-09-18T01:44:03.430946Z  WARN prune_race_condition: Job processing started job_id="eoa_0x1234_137" lease_token="1789695843_eoa_0x1234_137_1_ykG1tGGFt39jqkZP5Kaa2" worker_count=1
2026-09-18T01:44:03.484058Z  WARN prune_race_condition: Job processing started job_id="eoa_0x1234_137" lease_token="1789695843_eoa_0x1234_137_1_ry1IkLN_vUxV9kYndI4xz" worker_count=1
2026-09-18T01:44:03.631818Z  WARN prune_race_condition: Job processing started job_id="eoa_0x1234_137" lease_token="1789695843_eoa_0x1234_137_1_0a0QTHL8Oy1Nc92YZ0AWq" worker_count=1
2026-09-18T01:44:03.731184Z  WARN prune_race_condition: Job processing started job_id="eoa_0x1234_137" lease_token="1789695843_eoa_0x1234_137_1_c-_VlX5BBQZbONKoFAY1n" worker_count=1
2026-09-18T01:44:03.831787Z  WARN prune_race_condition: Job processing started job_id="eoa_0x1234_137" lease_token="1789695843_eoa_0x1234_137_1_J-m8_DPlBzjZ5TcojQOfE" worker_count=1
2026-09-18T01:44:03.930193Z  WARN prune_race_condition: Job processing started job_id="eoa_0x1234_137" lease_token="1789695843_eoa_0x1234_137_1_Wx8LYGg7MTuhAJGcSXIMx" worker_count=1
2026-09-18T01:44:04.030722Z  WARN prune_race_condition: Job processing started job_id="eoa_0x1234_137" lease_token="1789695844_eoa_0x1234_137_1_AAeQtxDFNwGhUlXdU6GUO" worker_count=1
2026-09-18T01:44:04.130661Z  WARN prune_race_condition: Job processing started job_id="eoa_0x1234_137" lease_token="1789695844_eoa_0x1234_137_1_YEUzKEQcMVDNswtLkyoCY" worker_count=1
2026-09-18T01:44:04.230431Z  WARN prune_race_condition: Job processing started job_id="eoa_0x1234_137" lease_token="1789695844_eoa_0x1234_137_1_3IMji5M8VHv6KS2fg3eKO" worker_count=1
2026-09-18T01:44:04.329940Z  WARN prune_race_condition: Job processing started job_id="eoa_0x1234_137" lease_token="1789695844_eoa_0x1234_137_1_XmPwbLTkcKuxJ1PVGkoHm" worker_count=1
2026-09-18T01:44:04.431217Z  WARN prune_race_condition: Job processing started job_id="eoa_0x1234_137" lease_token="1789695844_eoa_0x1234_137_1_NdzcXAoaDuX0wrAEcWwGv" worker_count=1
2026-09-18T01:44:04.531199Z  WARN prune_race_condition: Job processing started job_id="eoa_0x1234_137" lease_token="1789695844_eoa_0x1234_137_1_LHN4vl6DeG6wWj-yqxs-S" worker_count=1
2026-09-18T01:44:04.585664Z  WARN prune_race_condition: Job processing started job_id="eoa_0x1234_137" lease_token="1789695844_eoa_0x1234_137_1_POyZTDfD2eJ9n_6zB-UGG" worker_count=1
2026-09-18T01:44:04.639741Z  WARN prune_race_condition: Job processing started job_id="eoa_0x1234_137" lease_token="1789695844_eoa_0x1234_137_1_6_34NktF3F6or8GZpJnyl" worker_count=1
2026-09-18T01:44:04.731709Z  WARN prune_race_condition: Job processing started job_id="eoa_0x1234_137" lease_token="1789695844_eoa_0x1234_137_1_zBk_1F_H74GgLQ58WUdTn" worker_count=1
2026-09-18T01:44:04.831038Z  WARN prune_race_condition: Job processing started job_id="eoa_0x1234_137" lease_token="1789695844_eoa_0x1234_137_1_wlIaJnQuD2QitoAKYGEwI" worker_count=1
2026-09-18T01:44:04.929579Z  WARN prune_race_condition: Job processing started job_id="eoa_0x1234_137" lease_token="1789695844_eoa_0x1234_137_1_EmgOWI4mDE-8RHGyTCeq7" worker_count=1
2026-09-18T01:44:04.982884Z  WARN prune_race_condition: Job processing started job_id="eoa_0x1234_137" lease_token="1789695844_eoa_0x1234_137_1_XORMsyb1-2840HDfp0yAk" worker_count=1
2026-09-18T01:44:05.130128Z  WARN prune_race_condition: Job processing started job_id="eoa_0x1234_137" lease_token="1789695845_eoa_0x1234_137_1_oiPnAQPlloIzlmdLzJcca" worker_count=1
2026-09-18T01:44:05.230352Z  WARN prune_race_condition: Job processing started job_id="eoa_0x1234_137" lease_token="1789695845_eoa_0x1234_137_1_1cSP9HuiLByyEpi9a5fJL" worker_count=1
2026-09-18T01:44:05.285396Z  WARN prune_race_condition: Job processing started job_id="eoa_0x1234_137" lease_token="1789695845_eoa_0x1234_137_1_K2si3xK1zCCUa1XZZMWmo" worker_count=1
2026-09-18T01:44:05.431505Z  WARN prune_race_condition: Job processing started job_id="eoa_0x1234_137" lease_token="1789695845_eoa_0x1234_137_1_zY7hhj97Fgl2wejetfSCE" worker_count=1
2026-09-18T01:44:05.530031Z  WARN prune_race_condition: Job processing started job_id="eoa_0x1234_137" lease_token="1789695845_eoa_0x1234_137_1_s4sMz8dlsmUO2R_uOKxo-" worker_count=1
2026-09-18T01:44:05.629569Z  WARN prune_race_condition: Job processing started job_id="eoa_0x1234_137" lease_token="1789695845_eoa_0x1234_137_1_F2N0RpOCSWrqGMG05L_Yc" worker_count=1
2026-09-18T01:44:05.731939Z  WARN prune_race_condition: Job processing started job_id="eoa_0x1234_137" lease_token="1789695845_eoa_0x1234_137_1_S4y4xsDyJssBKAF4HXBw2" worker_count=1
2026-09-18T01:44:05.830861Z  WARN prune_race_condition: Job processing started job_id="eoa_0x1234_137" lease_token="1789695845_eoa_0x1234_137_1_3YPGCWMbsKXwKLzu8gDq0" worker_count=1
2026-09-18T01:44:05.930037Z  WARN prune_race_condition: Job processing started job_id="eoa_0x1234_137" lease_token="1789695845_eoa_0x1234_137_1_nlgQF6INP0WMhzISFw2t7" worker_count=1
2026-09-18T01:44:06.029526Z  WARN prune_race_condition: Job processing started job_id="eoa_0x1234_137" lease_token="1789695846_eoa_0x1234_137_1_sBOg3cNG9dVDLBvGpxwvH" worker_count=1
2026-09-18T01:44:06.129058Z  WARN prune_race_condition: Job processing started job_id="eoa_0x1234_137" lease_token="1789695846_eoa_0x1234_137_1_LfAaJSVCeWPPuw_trvF6D" worker_count=1
2026-09-18T01:44:06.230771Z  WARN prune_race_condition: Job processing started job_id="eoa_0x1234_137" lease_token="1789695846_eoa_0x1234_137_1_vKWtpuzkuX0gJrsgLJDyn" worker_count=1
2026-09-18T01:44:06.330840Z  WARN prune_race_condition: Job processing started job_id="eoa_0x1234_137" lease_token="1789695846_eoa_0x1234_137_1_A1rSzzQjd5r2APMCav9gi" worker_count=1
2026-09-18T01:44:06.430558Z  WARN prune_race_condition: Job processing started job_id="eoa_0x1234_137" lease_token="1789695846_eoa_0x1234_137_1_YzMyOtyth9f2QeTvWLh7o" worker_count=1
2026-09-18T01:44:06.530126Z  WARN prune_race_condition: Job processing started job_id="eoa_0x1234_137" lease_token="1789695846_eoa_0x1234_137_1_ayho5m3e2ycszP-dDFvzl" worker_count=1
2026-09-18T01:44:06.630442Z  WARN prune_race_condition: Job processing started job_id="eoa_0x1234_137" lease_token="1789695846_eoa_0x1234_137_1_qLlqSbl5JMNEf5AN3h-0m" worker_count=1
2026-09-18T01:44:06.730598Z  WARN prune_race_condition: Job processing started job_id="eoa_0x1234_137" lease_token="1789695846_eoa_0x1234_137_1_Qwzpk6-jTdjIshcw68NQ_" worker_count=1
2026-09-18T01:44:06.830917Z  WARN prune_race_condition: Job processing started job_id="eoa_0x1234_137" lease_token="1789695846_eoa_0x1234_137_1_OZS2wCid3HP_gEoE3ajof" worker_count=1
2026-09-18T01:44:06.930268Z  WARN prune_race_condition: Job processing started job_id="eoa_0x1234_137" lease_token="1789695846_eoa_0x1234_137_1_-y4y0eCqFcOHsUBIJaKQT" worker_count=1
2026-09-18T01:44:07.030807Z  WARN prune_race_condition: Job processing started job_id="eoa_0x1234_137" lease_token="1789695847_eoa_0x1234_137_1_lXvbbEve66LlAzACd5RzI" worker_count=1
2026-09-18T01:44:07.130765Z  WARN prune_race_condition: Job processing started job_id="eoa_0x1234_137" lease_token="1789695847_eoa_0x1234_137_1_KytgEDgMz9C1MpiR5HIBJ" worker_count=1
2026-09-18T01:44:07.185440Z  WARN prune_race_condition: Job processing started job_id="eoa_0x1234_137" lease_token="1789695847_eoa_0x1234_137_1_tBka0KzAbPF82JhiheBr_" worker_count=1
2026-09-18T01:44:07.330567Z  WARN prune_race_condition: Job processing started job_id="eoa_0x1234_137" lease_token="1789695847_eoa_0x1234_137_1_KFxIC5rMjuLvjreMCqiIp" worker_count=1
2026-09-18T01:44:07.430877Z  WARN prune_race_condition: Job processing started job_id="eoa_0x1234_137" lease_token="1789695847_eoa_0x1234_137_1_s6z5bL9rxebTqC2vQ4uew" worker_count=1
2026-09-18T01:44:07.530327Z  WARN prune_race_condition: Job processing started job_id="eoa_0x1234_137" lease_token="1789695847_eoa_0x1234_137_1_2-T3mU998vRrqiYeSF4rM" worker_count=1
2026-09-18T01:44:07.631211Z  WARN prune_race_condition: Job processing started job_id="eoa_0x1234_137" lease_token="1789695847_eoa_0x1234_137_1_r33yY7vl2zPPm-YuP2m9p" worker_count=1
2026-09-18T01:44:07.686580Z  WARN prune_race_condition: Job processing started job_id="eoa_0x1234_137" lease_token="1789695847_eoa_0x1234_137_1_QmZDGuTF9Y-HfCUAlNgNw" worker_count=1
2026-09-18T01:44:07.831281Z  WARN prune_race_condition: Job processing started job_id="eoa_0x1234_137" lease_token="1789695847_eoa_0x1234_137_1_ztok8BEce7LjoSUyVRyKt" worker_count=1
2026-09-18T01:44:07.929970Z  WARN prune_race_condition: Job processing started job_id="eoa_0x1234_137" lease_token="1789695847_eoa_0x1234_137_1_ujWLjDVw5nQK_GBgt2uIR" worker_count=1
2026-09-18T01:44:08.031684Z  WARN prune_race_condition: Job processing started job_id="eoa_0x1234_137" lease_token="1789695848_eoa_0x1234_137_1_TibsDKNCJNNxqI3Tkh0GR" worker_count=1
2026-09-18T01:44:08.130210Z  WARN prune_race_condition: Job processing started job_id="eoa_0x1234_137" lease_token="1789695848_eoa_0x1234_137_1_Omd1ow3r8CPB_0eSTvJdt" worker_count=1
2026-09-18T01:44:08.230829Z  WARN prune_race_condition: Job processing started job_id="eoa_0x1234_137" lease_token="1789695848_eoa_0x1234_137_1_5xPhtHxOzycvcyLRs0QII" worker_count=1
2026-09-18T01:44:08.284410Z  WARN prune_race_condition: Job processing started job_id="eoa_0x1234_137" lease_token="1789695848_eoa_0x1234_137_1_CjmMhOhMCPt924U79E1o4" worker_count=1
2026-09-18T01:44:08.430319Z  WARN prune_race_condition: Job processing started job_id="eoa_0x1234_137" lease_token="1789695848_eoa_0x1234_137_1_NirMSOU_nxW-QMCRy_XhS" worker_count=1
2026-09-18T01:44:08.531723Z  WARN prune_race_condition: Job processing started job_id="eoa_0x1234_137" lease_token="1789695848_eoa_0x1234_137_1_NHL7-SgZHNIoCulf1Z7US" worker_count=1
2026-09-18T01:44:08.630881Z  WARN prune_race_condition: Job processing started job_id="eoa_0x1234_137" lease_token="1789695848_eoa_0x1234_137_1_T_SIDmMwqx4vSE3UCbUg3" worker_count=1
2026-09-18T01:44:08.731413Z  WARN prune_race_condition: Job processing started job_id="eoa_0x1234_137" lease_token="1789695848_eoa_0x1234_137_1_8cK5niLPiB_WbvniVdN33" worker_count=1
2026-09-18T01:44:08.830302Z  WARN prune_race_condition: Job processing started job_id="eoa_0x1234_137" lease_token="1789695848_eoa_0x1234_137_1_XoK_EzRLI2cCXqPwy2MxX" worker_count=1
2026-09-18T01:44:08.930462Z  WARN prune_race_condition: Job processing started job_id="eoa_0x1234_137" lease_token="1789695848_eoa_0x1234_137_1_xDJED-nSvUldyRLM1dGf8" worker_count=1
2026-09-18T01:44:09.030807Z  WARN prune_race_condition: Job processing started job_id="eoa_0x1234_137" lease_token="1789695849_eoa_0x1234_137_1_Q04l9SzdrhSYt22kK4C7h" worker_count=1
2026-09-18T01:44:09.130209Z  WARN prune_race_condition: Job processing started job_id="eoa_0x1234_137" lease_token="1789695849_eoa_0x1234_137_1_jGmkJsInIAAsUjVbedsOO" worker_count=1
2026-09-18T01:44:09.185624Z  WARN prune_race_condition: Job processing started job_id="eoa_0x1234_137" lease_token="1789695849_eoa_0x1234_137_1_HSSiARoNygRDw15g0HPAT" worker_count=1
2026-09-18T01:44:09.330645Z  WARN prune_race_condition: Job processing started job_id="eoa_0x1234_137" lease_token="1789695849_eoa_0x1234_137_1_aiRR-FN9w32EFWposIuL9" worker_count=1
2026-09-18T01:44:09.431502Z  WARN prune_race_condition: Job processing started job_id="eoa_0x1234_137" lease_token="1789695849_eoa_0x1234_137_1_31n75z3YRdlBWkY4cwdqX" worker_count=1
2026-09-18T01:44:09.530416Z  WARN prune_race_condition: Job processing started job_id="eoa_0x1234_137" lease_token="1789695849_eoa_0x1234_137_1_kciJCm1PUpwVQxwlrB3sh" worker_count=1
2026-09-18T01:44:09.631040Z  WARN prune_race_condition: Job processing started job_id="eoa_0x1234_137" lease_token="1789695849_eoa_0x1234_137_1_E49SxCWv5NJucbd7eVlCs" worker_count=1
2026-09-18T01:44:09.730621Z  WARN prune_race_condition: Job processing started job_id="eoa_0x1234_137" lease_token="1789695849_eoa_0x1234_137_1_2NW18Ckv4Zpfx7KVapWl7" worker_count=1
2026-09-18T01:44:09.831630Z  WARN prune_race_condition: Job processing started job_id="eoa_0x1234_137" lease_token="1789695849_eoa_0x1234_137_1__sSYZCIsW9kFDNRcTEs_W" worker_count=1
2026-09-18T01:44:09.886862Z  WARN prune_race_condition: Job processing started job_id="eoa_0x1234_137" lease_token="1789695849_eoa_0x1234_137_1_zctb37DYtmDo87uixTR7F" worker_count=1
2026-09-18T01:44:10.031278Z  WARN prune_race_condition: Job processing started job_id="eoa_0x1234_137" lease_token="1789695850_eoa_0x1234_137_1_Itu2B-XP55WiLO6PUUKWr" worker_count=1
2026-09-18T01:44:10.131625Z  WARN prune_race_condition: Job processing started job_id="eoa_0x1234_137" lease_token="1789695850_eoa_0x1234_137_1_M9yEH24IbC6rlXF_yWBnw" worker_count=1
2026-09-18T01:44:10.231149Z  WARN prune_race_condition: Job processing started job_id="eoa_0x1234_137" lease_token="1789695850_eoa_0x1234_137_1_l-KAqCAIg2M9_Cs05fziq" worker_count=1
2026-09-18T01:44:10.286582Z  WARN prune_race_condition: Job processing started job_id="eoa_0x1234_137" lease_token="1789695850_eoa_0x1234_137_1_dbL1Mnrv9_WoWdiJY_hfM" worker_count=1
2026-09-18T01:44:10.430932Z  WARN prune_race_condition: Job processing started job_id="eoa_0x1234_137" lease_token="1789695850_eoa_0x1234_137_1_eufWVhOfx1Z4h0ZF5m5RQ" worker_count=1
2026-09-18T01:44:10.530569Z  WARN prune_race_condition: Job processing started job_id="eoa_0x1234_137" lease_token="1789695850_eoa_0x1234_137_1_zi3OGzEy9tWHOVSolnWqY" worker_count=1
2026-09-18T01:44:10.630700Z  WARN prune_race_condition: Job processing started job_id="eoa_0x1234_137" lease_token="1789695850_eoa_0x1234_137_1_W0TMyyJlIMNGDxFFXin4m" worker_count=1
2026-09-18T01:44:10.730698Z  WARN prune_race_condition: Job processing started job_id="eoa_0x1234_137" lease_token="1789695850_eoa_0x1234_137_1_f6s9jCPoDX41wqqFM-7mh" worker_count=1
2026-09-18T01:44:10.784972Z  WARN prune_race_condition: Job processing started job_id="eoa_0x1234_137" lease_token="1789695850_eoa_0x1234_137_1_jxPa-dZJLu7JPYEsMbhYP" worker_count=1
2026-09-18T01:44:10.838737Z  WARN prune_race_condition: Job processing started job_id="eoa_0x1234_137" lease_token="1789695850_eoa_0x1234_137_1_kH1UvZFZKcNIZ1PJv7fU5" worker_count=1
2026-09-18T01:44:10.930760Z  WARN prune_race_condition: Job processing started job_id="eoa_0x1234_137" lease_token="1789695850_eoa_0x1234_137_1_lepVwMX7UDsNgcKlidZG1" worker_count=1
2026-09-18T01:44:11.031209Z  WARN prune_race_condition: Job processing started job_id="eoa_0x1234_137" lease_token="1789695851_eoa_0x1234_137_1_y0Z0wbHa7tP9LVQomPwiI" worker_count=1
2026-09-18T01:44:11.131767Z  WARN prune_race_condition: Job processing started job_id="eoa_0x1234_137" lease_token="1789695851_eoa_0x1234_137_1_KtOWxPpmbE1tOT39lzlOa" worker_count=1
2026-09-18T01:44:11.186526Z  WARN prune_race_condition: Job processing started job_id="eoa_0x1234_137" lease_token="1789695851_eoa_0x1234_137_1_9_L35K6pCgXFkwnb4sfvE" worker_count=1
2026-09-18T01:44:11.330604Z  WARN prune_race_condition: Job processing started job_id="eoa_0x1234_137" lease_token="1789695851_eoa_0x1234_137_1_z6vo7z_Ag5u2lGOlrZBQw" worker_count=1
2026-09-18T01:44:11.430760Z  WARN prune_race_condition: Job processing started job_id="eoa_0x1234_137" lease_token="1789695851_eoa_0x1234_137_1_1TZVnlXHR5fLZURRFMSaB" worker_count=1
2026-09-18T01:44:11.529640Z  WARN prune_race_condition: Job processing started job_id="eoa_0x1234_137" lease_token="1789695851_eoa_0x1234_137_1_9CxyM2RcROhMo-YorBRfT" worker_count=1
2026-09-18T01:44:11.631518Z  WARN prune_race_condition: Job processing started job_id="eoa_0x1234_137" lease_token="1789695851_eoa_0x1234_137_1_bF-8Lose7KgUM5BbUtIzm" worker_count=1
2026-09-18T01:44:11.730635Z  WARN prune_race_condition: Job processing started job_id="eoa_0x1234_137" lease_token="1789695851_eoa_0x1234_137_1_mSfLJhOCvPverd_KFe9O5" worker_count=1
2026-09-18T01:44:11.830977Z  WARN prune_race_condition: Job processing started job_id="eoa_0x1234_137" lease_token="1789695851_eoa_0x1234_137_1_HkHESRi5bFQ60-0fV6ekn" worker_count=1
2026-09-18T01:44:11.930242Z  WARN prune_race_condition: Job processing started job_id="eoa_0x1234_137" lease_token="1789695851_eoa_0x1234_137_1_qnHco9Kg4iW-7qzLoc3wV" worker_count=1
2026-09-18T01:44:12.031707Z  WARN prune_race_condition: Job processing started job_id="eoa_0x1234_137" lease_token="1789695852_eoa_0x1234_137_1_WURgSdY4iNatq9WFxZp2O" worker_count=1
2026-09-18T01:44:12.131780Z  WARN prune_race_condition: Job processing started job_id="eoa_0x1234_137" lease_token="1789695852_eoa_0x1234_137_1_SqSqiDKXKbhINM-E1rSRH" worker_count=1
2026-09-18T01:44:12.231497Z  WARN prune_race_condition: Job processing started job_id="eoa_0x1234_137" lease_token="1789695852_eoa_0x1234_137_1_cZS7exa1-amAXKcK5sJv-" worker_count=1
2026-09-18T01:44:12.331084Z  WARN prune_race_condition: Job processing started job_id="eoa_0x1234_137" lease_token="1789695852_eoa_0x1234_137_1_ai-72WQCR1H68ELgf4fKv" worker_count=1
2026-09-18T01:44:12.431007Z  WARN prune_race_condition: Job processing started job_id="eoa_0x1234_137" lease_token="1789695852_eoa_0x1234_137_1_bTpF5p_8H1lm55uH_hgmU" worker_count=1
2026-09-18T01:44:12.530755Z  WARN prune_race_condition: Job processing started job_id="eoa_0x1234_137" lease_token="1789695852_eoa_0x1234_137_1_HuOg6F_Ljh1CFxIBTzr2Q" worker_count=1
2026-09-18T01:44:12.630070Z  WARN prune_race_condition: Job processing started job_id="eoa_0x1234_137" lease_token="1789695852_eoa_0x1234_137_1_KENx2m2oUZOdAriEn7ac7" worker_count=1
2026-09-18T01:44:12.729241Z  WARN prune_race_condition: Job processing started job_id="eoa_0x1234_137" lease_token="1789695852_eoa_0x1234_137_1_9pzjlBY4juIbkNpwLGxqk" worker_count=1
2026-09-18T01:44:12.830877Z  WARN prune_race_condition: Job processing started job_id="eoa_0x1234_137" lease_token="1789695852_eoa_0x1234_137_1_G7KfyZzBIIR0mZ20SBymk" worker_count=1
2026-09-18T01:44:12.929877Z  WARN prune_race_condition: Job processing started job_id="eoa_0x1234_137" lease_token="1789695852_eoa_0x1234_137_1_IeU1GnzqDVgwJreS6nezN" worker_count=1
2026-09-18T01:44:12.983998Z  WARN prune_race_condition: Job processing started job_id="eoa_0x1234_137" lease_token="1789695852_eoa_0x1234_137_1_eNncTeu3shrhQVhZ5tGEk" worker_count=1
2026-09-18T01:44:13.130782Z  WARN prune_race_condition: Job processing started job_id="eoa_0x1234_137" lease_token="1789695853_eoa_0x1234_137_1_pCHMFWHFPYWvJ2M78kCzG" worker_count=1
2026-09-18T01:44:13.231007Z  WARN prune_race_condition: Job processing started job_id="eoa_0x1234_137" lease_token="1789695853_eoa_0x1234_137_1_7-bdH17iHyeU9_tnQthCp" worker_count=1
2026-09-18T01:44:13.284922Z  WARN prune_race_condition: Job processing started job_id="eoa_0x1234_137" lease_token="1789695853_eoa_0x1234_137_1_y1yXSbbEKsjzhomo9xEPD" worker_count=1
2026-09-18T01:44:13.431133Z  WARN prune_race_condition: Job processing started job_id="eoa_0x1234_137" lease_token="1789695853_eoa_0x1234_137_1_0tYIwFJteN5x0zxyxmHqj" worker_count=1
2026-09-18T01:44:13.531629Z  WARN prune_race_condition: Job processing started job_id="eoa_0x1234_137" lease_token="1789695853_eoa_0x1234_137_1_pEsjYhUYRM1lA3iUDPJP_" worker_count=1
2026-09-18T01:44:13.630228Z  WARN prune_race_condition: Job processing started job_id="eoa_0x1234_137" lease_token="1789695853_eoa_0x1234_137_1_syDIK-ZhovSkBP6JJQsce" worker_count=1
2026-09-18T01:44:13.730977Z  WARN prune_race_condition: Job processing started job_id="eoa_0x1234_137" lease_token="1789695853_eoa_0x1234_137_1_xnKAY6sF9fTfe504r2lNI" worker_count=1
2026-09-18T01:44:13.830598Z  WARN prune_race_condition: Job processing started job_id="eoa_0x1234_137" lease_token="1789695853_eoa_0x1234_137_1_OCC7flL0FyVhy1PuYwTdE" worker_count=1
2026-09-18T01:44:13.930581Z  WARN prune_race_condition: Job processing started job_id="eoa_0x1234_137" lease_token="1789695853_eoa_0x1234_137_1_KHgpLPHsW3Zq3phQ-he8D" worker_count=1
2026-09-18T01:44:13.985347Z  WARN prune_race_condition: Job processing started job_id="eoa_0x1234_137" lease_token="1789695853_eoa_0x1234_137_1_JSKqkGzzNUGoNeMfSc_-H" worker_count=1
2026-09-18T01:44:14.131998Z  WARN prune_race_condition: Job processing started job_id="eoa_0x1234_137" lease_token="1789695854_eoa_0x1234_137_1_jXoCJznVPW8jUmynhCPST" worker_count=1
2026-09-18T01:44:14.230461Z  WARN prune_race_condition: Job processing started job_id="eoa_0x1234_137" lease_token="1789695854_eoa_0x1234_137_1_sLC07q4fASPKJbGxRlacN" worker_count=1
2026-09-18T01:44:14.330165Z  WARN prune_race_condition: Job processing started job_id="eoa_0x1234_137" lease_token="1789695854_eoa_0x1234_137_1_Gosa8btCImgo-rzQ-i5u3" worker_count=1
2026-09-18T01:44:14.430046Z  WARN prune_race_condition: Job processing started job_id="eoa_0x1234_137" lease_token="1789695854_eoa_0x1234_137_1_GqudirQyUrkwmACUKhw_H" worker_count=1
2026-09-18T01:44:14.530525Z  WARN prune_race_condition: Job processing started job_id="eoa_0x1234_137" lease_token="1789695854_eoa_0x1234_137_1_TjYLgE00_Wr3fLQC4_5Ok" worker_count=1
2026-09-18T01:44:14.630435Z  WARN prune_race_condition: Job processing started job_id="eoa_0x1234_137" lease_token="1789695854_eoa_0x1234_137_1_BdQ9eZJBJnZpCnmkXynV2" worker_count=1
2026-09-18T01:44:14.731179Z  WARN prune_race_condition: Job processing started job_id="eoa_0x1234_137" lease_token="1789695854_eoa_0x1234_137_1_JkciCFAwctps6cV5CkHNI" worker_count=1
2026-09-18T01:44:14.785133Z  WARN prune_race_condition: Job processing started job_id="eoa_0x1234_137" lease_token="1789695854_eoa_0x1234_137_1_Ic7TtJZBjU2k_wk_TgHcf" worker_count=1
2026-09-18T01:44:14.839744Z  WARN prune_race_condition: Job processing started job_id="eoa_0x1234_137" lease_token="1789695854_eoa_0x1234_137_1_wQmimW7UyQX955ITdwwJT" worker_count=1
2026-09-18T01:44:14.930888Z  WARN prune_race_condition: Job processing started job_id="eoa_0x1234_137" lease_token="1789695854_eoa_0x1234_137_1_YqFEBvqj_wLabY79q21MO" worker_count=1
2026-09-18T01:44:15.031913Z  WARN prune_race_condition: Job processing started job_id="eoa_0x1234_137" lease_token="1789695855_eoa_0x1234_137_1_szRQbDUva6LKnlZvs5YYz" worker_count=1
2026-09-18T01:44:15.086088Z  WARN prune_race_condition: Job processing started job_id="eoa_0x1234_137" lease_token="1789695855_eoa_0x1234_137_1_ermDR3wJ2Q8ibfcZLIeyR" worker_count=1
2026-09-18T01:44:15.140118Z  WARN prune_race_condition: Job processing started job_id="eoa_0x1234_137" lease_token="1789695855_eoa_0x1234_137_1_fK3eN0gaWtnL2tWzP9CMu" worker_count=1
2026-09-18T01:44:15.194012Z  WARN prune_race_condition: Job processing started job_id="eoa_0x1234_137" lease_token="1789695855_eoa_0x1234_137_1_VoNL0uKBEvNlaEiwazyTq" worker_count=1
2026-09-18T01:44:15.248495Z  WARN prune_race_condition: Job processing started job_id="eoa_0x1234_137" lease_token="1789695855_eoa_0x1234_137_1_qmTcUBZmgoHetsnn7w_DM" worker_count=1
2026-09-18T01:44:15.330707Z  WARN prune_race_condition: Job processing started job_id="eoa_0x1234_137" lease_token="1789695855_eoa_0x1234_137_1_NWSFrrJlulEXdIrl1SvnJ" worker_count=1
2026-09-18T01:44:15.429807Z  WARN prune_race_condition: Job processing started job_id="eoa_0x1234_137" lease_token="1789695855_eoa_0x1234_137_1_iDLedC95mR6Yo0oAaEJFe" worker_count=1
2026-09-18T01:44:15.531190Z  WARN prune_race_condition: Job processing started job_id="eoa_0x1234_137" lease_token="1789695855_eoa_0x1234_137_1_oPli3f6IqfRwZCI8Fc9U-" worker_count=1
2026-09-18T01:44:15.630871Z  WARN prune_race_condition: Job processing started job_id="eoa_0x1234_137" lease_token="1789695855_eoa_0x1234_137_1_8RwiM0t9ht1k7Qmvhp3aW" worker_count=1
2026-09-18T01:44:15.730666Z  WARN prune_race_condition: Job processing started job_id="eoa_0x1234_137" lease_token="1789695855_eoa_0x1234_137_1_6wCSjc0iqvynj3zAHFa1J" worker_count=1
2026-09-18T01:44:15.831049Z  WARN prune_race_condition: Job processing started job_id="eoa_0x1234_137" lease_token="1789695855_eoa_0x1234_137_1_Cz7fnnJD5rwaIyTV21saw" worker_count=1
2026-09-18T01:44:15.930366Z  WARN prune_race_condition: Job processing started job_id="eoa_0x1234_137" lease_token="1789695855_eoa_0x1234_137_1_kudHv4lUMQPesJf2g7Lm6" worker_count=1
2026-09-18T01:44:16.031310Z  WARN prune_race_condition: Job processing started job_id="eoa_0x1234_137" lease_token="1789695856_eoa_0x1234_137_1_MB3-vxPChfJpLcov7RDnZ" worker_count=1
2026-09-18T01:44:16.129940Z  WARN prune_race_condition: Job processing started job_id="eoa_0x1234_137" lease_token="1789695856_eoa_0x1234_137_1_32lOoGKZyjXcLk0xQhp2H" worker_count=1
2026-09-18T01:44:16.231292Z  WARN prune_race_condition: Job processing started job_id="eoa_0x1234_137" lease_token="1789695856_eoa_0x1234_137_1_iRTTHtn1Ao8szNugs_Cg8" worker_count=1
2026-09-18T01:44:16.330652Z  WARN prune_race_condition: Job processing started job_id="eoa_0x1234_137" lease_token="1789695856_eoa_0x1234_137_1_1kDLqbO7yURgzwDV6qwWS" worker_count=1
2026-09-18T01:44:16.430501Z  WARN prune_race_condition: Job processing started job_id="eoa_0x1234_137" lease_token="1789695856_eoa_0x1234_137_1_Fi286mcf96RUoz88nLz5K" worker_count=1
2026-09-18T01:44:16.531150Z  WARN prune_race_condition: Job processing started job_id="eoa_0x1234_137" lease_token="1789695856_eoa_0x1234_137_1_wKh58KB3caPA0H89SKDAj" worker_count=1
2026-09-18T01:44:16.585651Z  WARN prune_race_condition: Job processing started job_id="eoa_0x1234_137" lease_token="1789695856_eoa_0x1234_137_1_niwG-jWJ8EEZKLP9BJWz-" worker_count=1
2026-09-18T01:44:16.731337Z  WARN prune_race_condition: Job processing started job_id="eoa_0x1234_137" lease_token="1789695856_eoa_0x1234_137_1_On6El4JyA3cnVAUoHdKAT" worker_count=1
2026-09-18T01:44:16.830219Z  WARN prune_race_condition: Job processing started job_id="eoa_0x1234_137" lease_token="1789695856_eoa_0x1234_137_1_9C23w2BBbLmen7j5h2kJb" worker_count=1
2026-09-18T01:44:16.932143Z  WARN prune_race_condition: Job processing started job_id="eoa_0x1234_137" lease_token="1789695856_eoa_0x1234_137_1_nzdsHCCA9d5fgdxmQ1hFO" worker_count=1
2026-09-18T01:44:17.031104Z  WARN prune_race_condition: Job processing started job_id="eoa_0x1234_137" lease_token="1789695857_eoa_0x1234_137_1_-O_h6jxzBQTL3Ld4-t1iD" worker_count=1
2026-09-18T01:44:17.131269Z  WARN prune_race_condition: Job processing started job_id="eoa_0x1234_137" lease_token="1789695857_eoa_0x1234_137_1_x4n8J7XkNFizpLlokjwz2" worker_count=1
2026-09-18T01:44:17.231183Z  WARN prune_race_condition: Job processing started job_id="eoa_0x1234_137" lease_token="1789695857_eoa_0x1234_137_1_BxRVxWSN9JGlqdaKp-6dV" worker_count=1
2026-09-18T01:44:17.330514Z  WARN prune_race_condition: Job processing started job_id="eoa_0x1234_137" lease_token="1789695857_eoa_0x1234_137_1_c-Mctsf4qY5UkIqcrsSeg" worker_count=1
2026-09-18T01:44:17.431196Z  WARN prune_race_condition: Job processing started job_id="eoa_0x1234_137" lease_token="1789695857_eoa_0x1234_137_1_Q3x3C2SbxpjXuakF4j3fj" worker_count=1
2026-09-18T01:44:17.530270Z  WARN prune_race_condition: Job processing started job_id="eoa_0x1234_137" lease_token="1789695857_eoa_0x1234_137_1_2DUr63PtuC6obQMIZXXqr" worker_count=1
2026-09-18T01:44:17.630207Z  WARN prune_race_condition: Job processing started job_id="eoa_0x1234_137" lease_token="1789695857_eoa_0x1234_137_1_i8gvW4AFC5c4nPjPJ9dEw" worker_count=1
2026-09-18T01:44:17.730742Z  WARN prune_race_condition: Job processing started job_id="eoa_0x1234_137" lease_token="1789695857_eoa_0x1234_137_1__LbkXtuIrl1E1eX3iHf2U" worker_count=1
2026-09-18T01:44:17.830792Z  WARN prune_race_condition: Job processing started job_id="eoa_0x1234_137" lease_token="1789695857_eoa_0x1234_137_1_qktNamAhPxVDNBUL3GDAS" worker_count=1
2026-09-18T01:44:17.931050Z  WARN prune_race_condition: Job processing started job_id="eoa_0x1234_137" lease_token="1789695857_eoa_0x1234_137_1_Jsq0TREXgCvnHwJMj3eRG" worker_count=1
2026-09-18T01:44:18.029730Z  WARN prune_race_condition: Job processing started job_id="eoa_0x1234_137" lease_token="1789695858_eoa_0x1234_137_1_VmWjEAwyeG0X1KzpMYNOr" worker_count=1
2026-09-18T01:44:18.129636Z  WARN prune_race_condition: Job processing started job_id="eoa_0x1234_137" lease_token="1789695858_eoa_0x1234_137_1_LKEpR1lWe2H6vIqJGWZk5" worker_count=1
2026-09-18T01:44:18.231039Z  WARN prune_race_condition: Job processing started job_id="eoa_0x1234_137" lease_token="1789695858_eoa_0x1234_137_1_Uw3QFrxKJZ91y-N_TzCDY" worker_count=1
2026-09-18T01:44:18.330709Z  WARN prune_race_condition: Job processing started job_id="eoa_0x1234_137" lease_token="1789695858_eoa_0x1234_137_1_EGiA-ZWu2CL-97T6SU5KH" worker_count=1
2026-09-18T01:44:18.430807Z  WARN prune_race_condition: Job processing started job_id="eoa_0x1234_137" lease_token="1789695858_eoa_0x1234_137_1_vkm0sV-FoFnsNgWI3PpUc" worker_count=1
2026-09-18T01:44:18.530111Z  WARN prune_race_condition: Job processing started job_id="eoa_0x1234_137" lease_token="1789695858_eoa_0x1234_137_1_y0OD01t5olPP-ivSR3mbt" worker_count=1
2026-09-18T01:44:18.630418Z  WARN prune_race_condition: Job processing started job_id="eoa_0x1234_137" lease_token="1789695858_eoa_0x1234_137_1_CAN3Mgz4rH-2XKgndSiVJ" worker_count=1
2026-09-18T01:44:18.732048Z  WARN prune_race_condition: Job processing started job_id="eoa_0x1234_137" lease_token="1789695858_eoa_0x1234_137_1_auzL9furtGOO9VabnzpVO" worker_count=1
2026-09-18T01:44:18.831195Z  WARN prune_race_condition: Job processing started job_id="eoa_0x1234_137" lease_token="1789695858_eoa_0x1234_137_1_R7Yhi2QFk1H0cTBX1l4CK" worker_count=1
2026-09-18T01:44:18.887736Z  WARN prune_race_condition: Job processing started job_id="eoa_0x1234_137" lease_token="1789695858_eoa_0x1234_137_1_bAjmKZIG6YUEmt_-7KI2b" worker_count=1
2026-09-18T01:44:19.031140Z  WARN prune_race_condition: Job processing started job_id="eoa_0x1234_137" lease_token="1789695859_eoa_0x1234_137_1_POgm96un2-fBeO89yLFoX" worker_count=1
2026-09-18T01:44:19.131131Z  WARN prune_race_condition: Job processing started job_id="eoa_0x1234_137" lease_token="1789695859_eoa_0x1234_137_1_YkEYqSCmlKKESuAdDxB4S" worker_count=1
2026-09-18T01:44:19.231599Z  WARN prune_race_condition: Job processing started job_id="eoa_0x1234_137" lease_token="1789695859_eoa_0x1234_137_1_FymedvfOzRoC13_zIwEQa" worker_count=1
2026-09-18T01:44:19.331692Z  WARN prune_race_condition: Job processing started job_id="eoa_0x1234_137" lease_token="1789695859_eoa_0x1234_137_1_-rzSYdvbf8VQVU3m0B26F" worker_count=1
2026-09-18T01:44:19.431544Z  WARN prune_race_condition: Job processing started job_id="eoa_0x1234_137" lease_token="1789695859_eoa_0x1234_137_1_Tmu0uYWH1wPyt2OvCKtUW" worker_count=1
2026-09-18T01:44:19.532157Z  WARN prune_race_condition: Job processing started job_id="eoa_0x1234_137" lease_token="1789695859_eoa_0x1234_137_1_4r2fefi37mf6mKArevrwK" worker_count=1
2026-09-18T01:44:19.631429Z  WARN prune_race_condition: Job processing started job_id="eoa_0x1234_137" lease_token="1789695859_eoa_0x1234_137_1_PNLBWxBMefy7ibvDgmNze" worker_count=1
2026-09-18T01:44:19.730393Z  WARN prune_race_condition: Job processing started job_id="eoa_0x1234_137" lease_token="1789695859_eoa_0x1234_137_1_6TFAyLgGnX8FxIMbwwGsZ" worker_count=1
2026-09-18T01:44:19.831436Z  WARN prune_race_condition: Job processing started job_id="eoa_0x1234_137" lease_token="1789695859_eoa_0x1234_137_1_uRt69AiVnbr7GYRaACoIk" worker_count=1
2026-09-18T01:44:19.931618Z  WARN prune_race_condition: Job processing started job_id="eoa_0x1234_137" lease_token="1789695859_eoa_0x1234_137_1_uvPxlQDZ5zD7cuo_55dS_" worker_count=1
2026-09-18T01:44:20.031718Z  WARN prune_race_condition: Job processing started job_id="eoa_0x1234_137" lease_token="1789695860_eoa_0x1234_137_1_Jf82VJu1L77CiAwEXxslK" worker_count=1
2026-09-18T01:44:20.131649Z  WARN prune_race_condition: Job processing started job_id="eoa_0x1234_137" lease_token="1789695860_eoa_0x1234_137_1_RcWepETtsoWRBEu5Foqc2" worker_count=1
2026-09-18T01:44:20.231157Z  WARN prune_race_condition: Job processing started job_id="eoa_0x1234_137" lease_token="1789695860_eoa_0x1234_137_1_dOImhI_SIK1GXur3futu0" worker_count=1
2026-09-18T01:44:20.332495Z  WARN prune_race_condition: Job processing started job_id="eoa_0x1234_137" lease_token="1789695860_eoa_0x1234_137_1_3Bri2ZgdZp33aMFU1IGJQ" worker_count=1
2026-09-18T01:44:20.432096Z  WARN prune_race_condition: Job processing started job_id="eoa_0x1234_137" lease_token="1789695860_eoa_0x1234_137_1_8Nx4uqkhvmQR1gRQHJGum" worker_count=1
2026-09-18T01:44:20.531535Z  WARN prune_race_condition: Job processing started job_id="eoa_0x1234_137" lease_token="1789695860_eoa_0x1234_137_1_li_qU_gU6s4KJbx80E5u1" worker_count=1
2026-09-18T01:44:20.632113Z  WARN prune_race_condition: Job processing started job_id="eoa_0x1234_137" lease_token="1789695860_eoa_0x1234_137_1_WUidZjgSU-vcLlf4K8sWh" worker_count=1
2026-09-18T01:44:20.730977Z  WARN prune_race_condition: Job processing started job_id="eoa_0x1234_137" lease_token="1789695860_eoa_0x1234_137_1_zz7n0-1E_T5CKQulxL53O" worker_count=1
2026-09-18T01:44:20.830391Z  WARN prune_race_condition: Job processing started job_id="eoa_0x1234_137" lease_token="1789695860_eoa_0x1234_137_1_FAX5YWnpbdmYc9YF0j39L" worker_count=1
2026-09-18T01:44:20.930028Z  WARN prune_race_condition: Job processing started job_id="eoa_0x1234_137" lease_token="1789695860_eoa_0x1234_137_1_LtNVmXqDcUhiOk_hhAtpW" worker_count=1
2026-09-18T01:44:21.031434Z  WARN prune_race_condition: Job processing started job_id="eoa_0x1234_137" lease_token="1789695861_eoa_0x1234_137_1_sqkZTrdSVxCH1FKTVMTvk" worker_count=1
2026-09-18T01:44:21.130118Z  WARN prune_race_condition: Job processing started job_id="eoa_0x1234_137" lease_token="1789695861_eoa_0x1234_137_1_kjkk1SRrh5F9rSpkQhW-f" worker_count=1
2026-09-18T01:44:21.230161Z  WARN prune_race_condition: Job processing started job_id="eoa_0x1234_137" lease_token="1789695861_eoa_0x1234_137_1_qtyhGJUgcbt4MWIWpoycE" worker_count=1
2026-09-18T01:44:21.330312Z  WARN prune_race_condition: Job processing started job_id="eoa_0x1234_137" lease_token="1789695861_eoa_0x1234_137_1_mLDCtiwLawuymiOhHm0ms" worker_count=1
2026-09-18T01:44:21.430750Z  WARN prune_race_condition: Job processing started job_id="eoa_0x1234_137" lease_token="1789695861_eoa_0x1234_137_1_4SdojPdHQ2lI6536fYNNB" worker_count=1
2026-09-18T01:44:21.531727Z  WARN prune_race_condition: Job processing started job_id="eoa_0x1234_137" lease_token="1789695861_eoa_0x1234_137_1_rJfGAKCndAZu_e5n0EeQk" worker_count=1
2026-09-18T01:44:21.631908Z  WARN prune_race_condition: Job processing started job_id="eoa_0x1234_137" lease_token="1789695861_eoa_0x1234_137_1_CQ5pXW1WxUHW9BaX0qswN" worker_count=1
2026-09-18T01:44:21.731171Z  WARN prune_race_condition: Job processing started job_id="eoa_0x1234_137" lease_token="1789695861_eoa_0x1234_137_1_bw24eiMlqMlrL9Mo6nf4H" worker_count=1
2026-09-18T01:44:21.831412Z  WARN prune_race_condition: Job processing started job_id="eoa_0x1234_137" lease_token="1789695861_eoa_0x1234_137_1_bqEITm7PYRMuGKlmIbQfz" worker_count=1
2026-09-18T01:44:21.931889Z  WARN prune_race_condition: Job processing started job_id="eoa_0x1234_137" lease_token="1789695861_eoa_0x1234_137_1_b7ZjozJew90NL4-A7i-5z" worker_count=1
2026-09-18T01:44:22.031353Z  WARN prune_race_condition: Job processing started job_id="eoa_0x1234_137" lease_token="1789695862_eoa_0x1234_137_1_oRht8pXd9EDa2RVf7UuVa" worker_count=1
2026-09-18T01:44:22.131130Z  WARN prune_race_condition: Job processing started job_id="eoa_0x1234_137" lease_token="1789695862_eoa_0x1234_137_1_yDswCMgSr2gN8Il-_mi0W" worker_count=1
2026-09-18T01:44:22.231883Z  WARN prune_race_condition: Job processing started job_id="eoa_0x1234_137" lease_token="1789695862_eoa_0x1234_137_1_VMtWhD5GGH532sab-eWi4" worker_count=1
2026-09-18T01:44:22.288051Z  WARN prune_race_condition: Job processing started job_id="eoa_0x1234_137" lease_token="1789695862_eoa_0x1234_137_1_72jOk2ROGTcG0B1UiV4PZ" worker_count=1
2026-09-18T01:44:22.430966Z  WARN prune_race_condition: Job processing started job_id="eoa_0x1234_137" lease_token="1789695862_eoa_0x1234_137_1_SOOJNqwokZlPC1d9C-q6H" worker_count=1
2026-09-18T01:44:22.531781Z  WARN prune_race_condition: Job processing started job_id="eoa_0x1234_137" lease_token="1789695862_eoa_0x1234_137_1_854IM5LORDO1-bBTPUt-9" worker_count=1
2026-09-18T01:44:22.630847Z  WARN prune_race_condition: Job processing started job_id="eoa_0x1234_137" lease_token="1789695862_eoa_0x1234_137_1_4ZVqhdmVl76FMPF2AXIUd" worker_count=1
2026-09-18T01:44:22.731753Z  WARN prune_race_condition: Job processing started job_id="eoa_0x1234_137" lease_token="1789695862_eoa_0x1234_137_1_RFSdzEDS8FXXvzO3laVmN" worker_count=1
2026-09-18T01:44:22.832163Z  WARN prune_race_condition: Job processing started job_id="eoa_0x1234_137" lease_token="1789695862_eoa_0x1234_137_1_befCPgcq4XyL84ae3Dyrq" worker_count=1
2026-09-18T01:44:22.931579Z  WARN prune_race_condition: Job processing started job_id="eoa_0x1234_137" lease_token="1789695862_eoa_0x1234_137_1_mBSicRhq-wZElGcp7UA_6" worker_count=1
2026-09-18T01:44:23.032181Z  WARN prune_race_condition: Job processing started job_id="eoa_0x1234_137" lease_token="1789695863_eoa_0x1234_137_1_X2au0w_PuNzZEiBxFYDDB" worker_count=1
2026-09-18T01:44:23.131612Z  WARN prune_race_condition: Job processing started job_id="eoa_0x1234_137" lease_token="1789695863_eoa_0x1234_137_1_aoIB5Cu0ghPqfS1_NAyqP" worker_count=1
2026-09-18T01:44:23.231798Z  WARN prune_race_condition: Job processing started job_id="eoa_0x1234_137" lease_token="1789695863_eoa_0x1234_137_1_eklEjuxN2J3hOZCk_xAcX" worker_count=1
2026-09-18T01:44:23.288420Z  WARN prune_race_condition: Job processing started job_id="eoa_0x1234_137" lease_token="1789695863_eoa_0x1234_137_1_aHRWnhOST3ldcCN3ALgCU" worker_count=1
2026-09-18T01:44:23.431818Z  WARN prune_race_condition: Job processing started job_id="eoa_0x1234_137" lease_token="1789695863_eoa_0x1234_137_1_8ta67R-zLk_bG0ezjvNRl" worker_count=1
2026-09-18T01:44:23.531510Z  WARN prune_race_condition: Job processing started job_id="eoa_0x1234_137" lease_token="1789695863_eoa_0x1234_137_1_zHqoPgPwp-VtXIOfKbxme" worker_count=1
2026-09-18T01:44:23.630388Z  WARN prune_race_condition: Job processing started job_id="eoa_0x1234_137" lease_token="1789695863_eoa_0x1234_137_1_lRIi1_WKIxyd2CgeKGb_3" worker_count=1
2026-09-18T01:44:23.686541Z  WARN prune_race_condition: Job processing started job_id="eoa_0x1234_137" lease_token="1789695863_eoa_0x1234_137_1_cUZMRCqbnwKjWe72xuHH5" worker_count=1
2026-09-18T01:44:23.830227Z  WARN prune_race_condition: Job processing started job_id="eoa_0x1234_137" lease_token="1789695863_eoa_0x1234_137_1_68GqUbanskBfLay0Fmulx" worker_count=1
2026-09-18T01:44:23.932242Z  WARN prune_race_condition: Job processing started job_id="eoa_0x1234_137" lease_token="1789695863_eoa_0x1234_137_1_ako79ZPJCKUIG2jtm-rIF" worker_count=1
2026-09-18T01:44:24.031296Z  WARN prune_race_condition: Job processing started job_id="eoa_0x1234_137" lease_token="1789695864_eoa_0x1234_137_1_qkfXxRTT1z4l-3U_qFqjZ" worker_count=1
2026-09-18T01:44:24.131057Z  WARN prune_race_condition: Job processing started job_id="eoa_0x1234_137" lease_token="1789695864_eoa_0x1234_137_1_-KtgouymTTjB5uXtZe3kz" worker_count=1
2026-09-18T01:44:24.231125Z  WARN prune_race_condition: Job processing started job_id="eoa_0x1234_137" lease_token="1789695864_eoa_0x1234_137_1_K8ynnfAmu21PHYhvHTyxj" worker_count=1
2026-09-18T01:44:24.284970Z  WARN prune_race_condition: Job processing started job_id="eoa_0x1234_137" lease_token="1789695864_eoa_0x1234_137_1_nMz2TqTpkiN2PTqZHkMqP" worker_count=1
2026-09-18T01:44:24.340190Z  WARN prune_race_condition: Job processing started job_id="eoa_0x1234_137" lease_token="1789695864_eoa_0x1234_137_1_Iuzys8NCFspbTEDr7A9N6" worker_count=1
2026-09-18T01:44:24.431519Z  WARN prune_race_condition: Job processing started job_id="eoa_0x1234_137" lease_token="1789695864_eoa_0x1234_137_1_V-Dbh_OrjjYrIceYEtUFA" worker_count=1
2026-09-18T01:44:24.531465Z  WARN prune_race_condition: Job processing started job_id="eoa_0x1234_137" lease_token="1789695864_eoa_0x1234_137_1_bQrpu0JzhZPraFrfdv3Cs" worker_count=1
2026-09-18T01:44:24.631850Z  WARN prune_race_condition: Job processing started job_id="eoa_0x1234_137" lease_token="1789695864_eoa_0x1234_137_1_CBLLpnN8aoSqWAp8c4EpA" worker_count=1
2026-09-18T01:44:24.730938Z  WARN prune_race_condition: Job processing started job_id="eoa_0x1234_137" lease_token="1789695864_eoa_0x1234_137_1__DPIuD4riJf6V1JpmLNvb" worker_count=1
2026-09-18T01:44:24.830207Z  WARN prune_race_condition: Job processing started job_id="eoa_0x1234_137" lease_token="1789695864_eoa_0x1234_137_1_8AlNlkpbl3AkXk7HGSzCv" worker_count=1
2026-09-18T01:44:24.931186Z  WARN prune_race_condition: Job processing started job_id="eoa_0x1234_137" lease_token="1789695864_eoa_0x1234_137_1_5s4I-610xBNQudkUGiS29" worker_count=1
2026-09-18T01:44:25.031070Z  WARN prune_race_condition: Job processing started job_id="eoa_0x1234_137" lease_token="1789695865_eoa_0x1234_137_1_KXeExjGZUjGP1ujROGB7f" worker_count=1
2026-09-18T01:44:25.131382Z  WARN prune_race_condition: Job processing started job_id="eoa_0x1234_137" lease_token="1789695865_eoa_0x1234_137_1_HpFjPCzKfGHNSaeuyjYNZ" worker_count=1
2026-09-18T01:44:25.230759Z  WARN prune_race_condition: Job processing started job_id="eoa_0x1234_137" lease_token="1789695865_eoa_0x1234_137_1_ZEH3JTTI45qkwc9jxigle" worker_count=1
2026-09-18T01:44:25.331037Z  WARN prune_race_condition: Job processing started job_id="eoa_0x1234_137" lease_token="1789695865_eoa_0x1234_137_1_Kiq1v5KoKWPJLfgB_mj3z" worker_count=1
2026-09-18T01:44:25.385969Z  WARN prune_race_condition: Job processing started job_id="eoa_0x1234_137" lease_token="1789695865_eoa_0x1234_137_1_nFcJXOvsNWbUF0U68_Q-H" worker_count=1
2026-09-18T01:44:25.530031Z  WARN prune_race_condition: Job processing started job_id="eoa_0x1234_137" lease_token="1789695865_eoa_0x1234_137_1_d7yrUqhF2Yh-pnHSoUVLY" worker_count=1
2026-09-18T01:44:25.630937Z  WARN prune_race_condition: Job processing started job_id="eoa_0x1234_137" lease_token="1789695865_eoa_0x1234_137_1_yw37YtVfXtQHAZge_2q14" worker_count=1
2026-09-18T01:44:25.731142Z  WARN prune_race_condition: Job processing started job_id="eoa_0x1234_137" lease_token="1789695865_eoa_0x1234_137_1_hXG3Tf-IAHpwJP5asRI-q" worker_count=1
2026-09-18T01:44:25.830467Z  WARN prune_race_condition: Job processing started job_id="eoa_0x1234_137" lease_token="1789695865_eoa_0x1234_137_1_ZiOBfmO1qCbvbnarzTV6P" worker_count=1
2026-09-18T01:44:25.929828Z  WARN prune_race_condition: Job processing started job_id="eoa_0x1234_137" lease_token="1789695865_eoa_0x1234_137_1_Qpp7pPJrUXopK7vcW8xqC" worker_count=1
2026-09-18T01:44:25.983733Z  WARN prune_race_condition: Job processing started job_id="eoa_0x1234_137" lease_token="1789695865_eoa_0x1234_137_1_hVnM6Pu6LfcZwoGEv_QTp" worker_count=1
2026-09-18T01:44:26.037917Z  WARN prune_race_condition: Job processing started job_id="eoa_0x1234_137" lease_token="1789695866_eoa_0x1234_137_1_JyLRoHVno1bx1nNy4JdDQ" worker_count=1
2026-09-18T01:44:26.131243Z  WARN prune_race_condition: Job processing started job_id="eoa_0x1234_137" lease_token="1789695866_eoa_0x1234_137_1_Cmma60Bd-8Vby91COOe2E" worker_count=1
2026-09-18T01:44:26.231213Z  WARN prune_race_condition: Job processing started job_id="eoa_0x1234_137" lease_token="1789695866_eoa_0x1234_137_1_kN6QgzXUn7qkKy9gDaRKQ" worker_count=1
2026-09-18T01:44:26.331035Z  WARN prune_race_condition: Job processing started job_id="eoa_0x1234_137" lease_token="1789695866_eoa_0x1234_137_1_OUIVAMDqoiNhxXeUWA1om" worker_count=1
2026-09-18T01:44:26.431175Z  WARN prune_race_condition: Job processing started job_id="eoa_0x1234_137" lease_token="1789695866_eoa_0x1234_137_1_dT7M_6Viz8XvIzkNIz3RM" worker_count=1
2026-09-18T01:44:26.530702Z  WARN prune_race_condition: Job processing started job_id="eoa_0x1234_137" lease_token="1789695866_eoa_0x1234_137_1_MlLPDPHNExpYdwbVBXq92" worker_count=1
2026-09-18T01:44:26.630222Z  WARN prune_race_condition: Job processing started job_id="eoa_0x1234_137" lease_token="1789695866_eoa_0x1234_137_1_ud64qkhKPWv8KfLxf457V" worker_count=1
2026-09-18T01:44:26.684862Z  WARN prune_race_condition: Job processing started job_id="eoa_0x1234_137" lease_token="1789695866_eoa_0x1234_137_1_yMg2njb4CarGRkMUNZnVg" worker_count=1
2026-09-18T01:44:26.831269Z  WARN prune_race_condition: Job processing started job_id="eoa_0x1234_137" lease_token="1789695866_eoa_0x1234_137_1_55dfhzKWb0FOUxBDRTMay" worker_count=1
2026-09-18T01:44:26.930017Z  WARN prune_race_condition: Job processing started job_id="eoa_0x1234_137" lease_token="1789695866_eoa_0x1234_137_1_NGQ9Sd409RlJqJTXlLqF-" worker_count=1
2026-09-18T01:44:27.031246Z  WARN prune_race_condition: Job processing started job_id="eoa_0x1234_137" lease_token="1789695867_eoa_0x1234_137_1_I70UHgeFIYDWLWedhzujT" worker_count=1
2026-09-18T01:44:27.130672Z  WARN prune_race_condition: Job processing started job_id="eoa_0x1234_137" lease_token="1789695867_eoa_0x1234_137_1_M4qLkKAC0WFMJsZapFEVS" worker_count=1
2026-09-18T01:44:27.231782Z  WARN prune_race_condition: Job processing started job_id="eoa_0x1234_137" lease_token="1789695867_eoa_0x1234_137_1_LdOlotdi51wGGt9mIAudl" worker_count=1
2026-09-18T01:44:27.329917Z  WARN prune_race_condition: Job processing started job_id="eoa_0x1234_137" lease_token="1789695867_eoa_0x1234_137_1__GGIlj9hahGUt26x9jtXg" worker_count=1
2026-09-18T01:44:27.432017Z  WARN prune_race_condition: Job processing started job_id="eoa_0x1234_137" lease_token="1789695867_eoa_0x1234_137_1_7SXtrrCJmFje1bFZ83nZN" worker_count=1
2026-09-18T01:44:27.486531Z  WARN prune_race_condition: Job processing started job_id="eoa_0x1234_137" lease_token="1789695867_eoa_0x1234_137_1_wmtRtDZCA_JrUYw9tKWL_" worker_count=1
2026-09-18T01:44:27.629924Z  WARN prune_race_condition: Job processing started job_id="eoa_0x1234_137" lease_token="1789695867_eoa_0x1234_137_1_2comFxgbSlzmGCsDFQ9S0" worker_count=1
2026-09-18T01:44:27.731296Z  WARN prune_race_condition: Job processing started job_id="eoa_0x1234_137" lease_token="1789695867_eoa_0x1234_137_1_HFUeoRLIjcxPAn3sQ4ogT" worker_count=1
2026-09-18T01:44:27.787019Z  WARN prune_race_condition: Job processing started job_id="eoa_0x1234_137" lease_token="1789695867_eoa_0x1234_137_1_u2v3sLsmgZX4Ee-aumWVB" worker_count=1
2026-09-18T01:44:27.842017Z  WARN prune_race_condition: Job processing started job_id="eoa_0x1234_137" lease_token="1789695867_eoa_0x1234_137_1_sfCEVfuuw01si-qHIAbME" worker_count=1
2026-09-18T01:44:27.897129Z  WARN prune_race_condition: Job processing started job_id="eoa_0x1234_137" lease_token="1789695867_eoa_0x1234_137_1_KDgYc6uulpC7qVeWP_O7I" worker_count=1
2026-09-18T01:44:28.031194Z  WARN prune_race_condition: Job processing started job_id="eoa_0x1234_137" lease_token="1789695868_eoa_0x1234_137_1_XDHNJwXeB-xlHipTBOjL3" worker_count=1
2026-09-18T01:44:28.086002Z  WARN prune_race_condition: Job processing started job_id="eoa_0x1234_137" lease_token="1789695868_eoa_0x1234_137_1_bXJ0ezLiv00nZURiBt2gX" worker_count=1
2026-09-18T01:44:28.231500Z  WARN prune_race_condition: Job processing started job_id="eoa_0x1234_137" lease_token="1789695868_eoa_0x1234_137_1_mUSG7oc6oJIYRus72dNxT" worker_count=1
2026-09-18T01:44:28.329954Z  WARN prune_race_condition: Job processing started job_id="eoa_0x1234_137" lease_token="1789695868_eoa_0x1234_137_1_3e19dIVGNi1nJ0qTxNdoB" worker_count=1
2026-09-18T01:44:28.431134Z  WARN prune_race_condition: Job processing started job_id="eoa_0x1234_137" lease_token="1789695868_eoa_0x1234_137_1_y8hAFjISkSltuqWApqjHF" worker_count=1
2026-09-18T01:44:28.531389Z  WARN prune_race_condition: Job processing started job_id="eoa_0x1234_137" lease_token="1789695868_eoa_0x1234_137_1_6oDkWOopY2k-5_TCEbi8F" worker_count=1
2026-09-18T01:44:28.632126Z  WARN prune_race_condition: Job processing started job_id="eoa_0x1234_137" lease_token="1789695868_eoa_0x1234_137_1_xwW3V_HZv0_nuEW9Lt3Xh" worker_count=1
2026-09-18T01:44:28.686193Z  WARN prune_race_condition: Job processing started job_id="eoa_0x1234_137" lease_token="1789695868_eoa_0x1234_137_1_qP7pcVEBSOOW_ZvTHDH2K" worker_count=1
2026-09-18T01:44:28.831599Z  WARN prune_race_condition: Job processing started job_id="eoa_0x1234_137" lease_token="1789695868_eoa_0x1234_137_1_PErNWdAN8ZarLMWFCJzHH" worker_count=1
2026-09-18T01:44:28.930657Z  WARN prune_race_condition: Job processing started job_id="eoa_0x1234_137" lease_token="1789695868_eoa_0x1234_137_1_A3BnLR4RE0ujBmWBnT03c" worker_count=1
2026-09-18T01:44:29.030098Z  WARN prune_race_condition: Job processing started job_id="eoa_0x1234_137" lease_token="1789695869_eoa_0x1234_137_1_LSlxEYu0ZANUXyP2LNos9" worker_count=1
2026-09-18T01:44:29.085229Z  WARN prune_race_condition: Job processing started job_id="eoa_0x1234_137" lease_token="1789695869_eoa_0x1234_137_1_EIjw0VEAtzd3FUdrs1phY" worker_count=1
2026-09-18T01:44:29.231908Z  WARN prune_race_condition: Job processing started job_id="eoa_0x1234_137" lease_token="1789695869_eoa_0x1234_137_1_u7TXjSIVXDX3vluamnd14" worker_count=1
2026-09-18T01:44:29.330722Z  WARN prune_race_condition: Job processing started job_id="eoa_0x1234_137" lease_token="1789695869_eoa_0x1234_137_1_d3MJdjKAbvo3iQlbbaoAK" worker_count=1
2026-09-18T01:44:29.431202Z  WARN prune_race_condition: Job processing started job_id="eoa_0x1234_137" lease_token="1789695869_eoa_0x1234_137_1_DCxBWGltEjUSnjmRHlzCf" worker_count=1
2026-09-18T01:44:29.530836Z  WARN prune_race_condition: Job processing started job_id="eoa_0x1234_137" lease_token="1789695869_eoa_0x1234_137_1_VdULr1GVpsBp8xmMZkke3" worker_count=1
2026-09-18T01:44:29.630870Z  WARN prune_race_condition: Job processing started job_id="eoa_0x1234_137" lease_token="1789695869_eoa_0x1234_137_1_ejc1rw4tPFbcNRPHI2XWU" worker_count=1
2026-09-18T01:44:29.731089Z  WARN prune_race_condition: Job processing started job_id="eoa_0x1234_137" lease_token="1789695869_eoa_0x1234_137_1_V1Gdu8F20nBKSS-mxCVHI" worker_count=1
2026-09-18T01:44:29.785984Z  WARN prune_race_condition: Job processing started job_id="eoa_0x1234_137" lease_token="1789695869_eoa_0x1234_137_1_CVsIUg0OyHHOargio5Wxr" worker_count=1
2026-09-18T01:44:29.931946Z  WARN prune_race_condition: Job processing started job_id="eoa_0x1234_137" lease_token="1789695869_eoa_0x1234_137_1_LisZMvDWF-lja9qZYveQS" worker_count=1
2026-09-18T01:44:30.031350Z  WARN prune_race_condition: Job processing started job_id="eoa_0x1234_137" lease_token="1789695870_eoa_0x1234_137_1_WqHRgaXNcJx96ECtdDYfA" worker_count=1
2026-09-18T01:44:30.130598Z  WARN prune_race_condition: Job processing started job_id="eoa_0x1234_137" lease_token="1789695870_eoa_0x1234_137_1_4AO8B3bwzoRqC4URVScYv" worker_count=1
2026-09-18T01:44:30.230664Z  WARN prune_race_condition: Job processing started job_id="eoa_0x1234_137" lease_token="1789695870_eoa_0x1234_137_1_qnVZxAuRZ-0BjE3RKNWHl" worker_count=1
2026-09-18T01:44:30.331301Z  WARN prune_race_condition: Job processing started job_id="eoa_0x1234_137" lease_token="1789695870_eoa_0x1234_137_1_AuwuQaRJrXJARe2ElqbBw" worker_count=1
2026-09-18T01:44:30.431705Z  WARN prune_race_condition: Job processing started job_id="eoa_0x1234_137" lease_token="1789695870_eoa_0x1234_137_1_qJga052zlh0SPIlVT4rE3" worker_count=1
2026-09-18T01:44:30.530453Z  WARN prune_race_condition: Job processing started job_id="eoa_0x1234_137" lease_token="1789695870_eoa_0x1234_137_1_mmoyurPzgtJzP9qvFPBv7" worker_count=1
2026-09-18T01:44:30.631234Z  WARN prune_race_condition: Job processing started job_id="eoa_0x1234_137" lease_token="1789695870_eoa_0x1234_137_1_vAn0zwYXq9LEDk3oNXeTP" worker_count=1
2026-09-18T01:44:30.731178Z  WARN prune_race_condition: Job processing started job_id="eoa_0x1234_137" lease_token="1789695870_eoa_0x1234_137_1_S7CKqpUVC7qPMtbEPeiUK" worker_count=1
2026-09-18T01:44:30.832114Z  WARN prune_race_condition: Job processing started job_id="eoa_0x1234_137" lease_token="1789695870_eoa_0x1234_137_1_l189wQ1GT9q7shHI9M0Wt" worker_count=1
2026-09-18T01:44:30.886772Z  WARN prune_race_condition: Job processing started job_id="eoa_0x1234_137" lease_token="1789695870_eoa_0x1234_137_1_jAnSFu_aFp5GnkcFU6OsL" worker_count=1
2026-09-18T01:44:31.031474Z  WARN prune_race_condition: Job processing started job_id="eoa_0x1234_137" lease_token="1789695871_eoa_0x1234_137_1_1GgYojAXtxtGiSRl6xzpI" worker_count=1
2026-09-18T01:44:31.130125Z  WARN prune_race_condition: Job processing started job_id="eoa_0x1234_137" lease_token="1789695871_eoa_0x1234_137_1_wETPBS_HO3Ws0F8D9Gkbs" worker_count=1
2026-09-18T01:44:31.231530Z  WARN prune_race_condition: Job processing started job_id="eoa_0x1234_137" lease_token="1789695871_eoa_0x1234_137_1_AW753J6979TKPZ9bGynKP" worker_count=1
2026-09-18T01:44:31.286364Z  WARN prune_race_condition: Job processing started job_id="eoa_0x1234_137" lease_token="1789695871_eoa_0x1234_137_1_8BniL1ss2ENa3dm50J-Pb" worker_count=1
2026-09-18T01:44:31.431022Z  WARN prune_race_condition: Job processing started job_id="eoa_0x1234_137" lease_token="1789695871_eoa_0x1234_137_1_01v1VU38gdPv5WoJNU5au" worker_count=1
2026-09-18T01:44:31.531001Z  WARN prune_race_condition: Job processing started job_id="eoa_0x1234_137" lease_token="1789695871_eoa_0x1234_137_1_47rolKwfsak3HIGkJC4CK" worker_count=1
2026-09-18T01:44:31.630826Z  WARN prune_race_condition: Job processing started job_id="eoa_0x1234_137" lease_token="1789695871_eoa_0x1234_137_1_hZAjEQlmnbtjrYGdlK5js" worker_count=1
2026-09-18T01:44:31.730893Z  WARN prune_race_condition: Job processing started job_id="eoa_0x1234_137" lease_token="1789695871_eoa_0x1234_137_1_XplkXhRb8tVNx0Cb_TA9O" worker_count=1
2026-09-18T01:44:31.830559Z  WARN prune_race_condition: Job processing started job_id="eoa_0x1234_137" lease_token="1789695871_eoa_0x1234_137_1__JHIsNxcmnxp84wLqqdyK" worker_count=1
2026-09-18T01:44:31.930651Z  WARN prune_race_condition: Job processing started job_id="eoa_0x1234_137" lease_token="1789695871_eoa_0x1234_137_1_FQgdOGNxGM7aSS09h3J_z" worker_count=1
2026-09-18T01:44:32.031032Z  WARN prune_race_condition: Job processing started job_id="eoa_0x1234_137" lease_token="1789695872_eoa_0x1234_137_1_Xpj04RnPnxVelQB_A3dPg" worker_count=1
2026-09-18T01:44:32.130961Z  WARN prune_race_condition: Job processing started job_id="eoa_0x1234_137" lease_token="1789695872_eoa_0x1234_137_1_S0drCfQ9g-1P02zJSownA" worker_count=1
2026-09-18T01:44:32.186145Z  WARN prune_race_condition: Job processing started job_id="eoa_0x1234_137" lease_token="1789695872_eoa_0x1234_137_1_rsqkcY6N8-MW4-GHt2lY9" worker_count=1
2026-09-18T01:44:32.240211Z  WARN prune_race_condition: Job processing started job_id="eoa_0x1234_137" lease_token="1789695872_eoa_0x1234_137_1_CFJFydtMDjPpclKwVrZhn" worker_count=1
2026-09-18T01:44:32.331671Z  WARN prune_race_condition: Job processing started job_id="eoa_0x1234_137" lease_token="1789695872_eoa_0x1234_137_1_aDdS-_m_aDAAWonkAVpvB" worker_count=1
2026-09-18T01:44:32.431596Z  WARN prune_race_condition: Job processing started job_id="eoa_0x1234_137" lease_token="1789695872_eoa_0x1234_137_1_gV4XWDJ_2e5cWiWBQnpt4" worker_count=1
2026-09-18T01:44:32.530431Z  WARN prune_race_condition: Job processing started job_id="eoa_0x1234_137" lease_token="1789695872_eoa_0x1234_137_1_L_x8pXLQ4n2YisIQllM9M" worker_count=1
2026-09-18T01:44:32.631614Z  WARN prune_race_condition: Job processing started job_id="eoa_0x1234_137" lease_token="1789695872_eoa_0x1234_137_1_2BykI-jlycHUMsQrbYHzx" worker_count=1
2026-09-18T01:44:32.686550Z  WARN prune_race_condition: Job processing started job_id="eoa_0x1234_137" lease_token="1789695872_eoa_0x1234_137_1_l1KqF05_9ynqOxSUM-dM9" worker_count=1
2026-09-18T01:44:32.741013Z  WARN prune_race_condition: Job processing started job_id="eoa_0x1234_137" lease_token="1789695872_eoa_0x1234_137_1_STaQzlSrc2BBncCsO6wbR" worker_count=1
2026-09-18T01:44:32.830605Z  WARN prune_race_condition: Job processing started job_id="eoa_0x1234_137" lease_token="1789695872_eoa_0x1234_137_1_bd1ZbG9GfGGZvRE7bY6ds" worker_count=1
2026-09-18T01:44:32.931707Z  WARN prune_race_condition: Job processing started job_id="eoa_0x1234_137" lease_token="1789695872_eoa_0x1234_137_1_gphh8ESC4_pC_eMsWYZ8p" worker_count=1
2026-09-18T01:44:33.031781Z  WARN prune_race_condition: Job processing started job_id="eoa_0x1234_137" lease_token="1789695873_eoa_0x1234_137_1_M678yvw5BdkZhgsJMuEYY" worker_count=1
2026-09-18T01:44:33.131046Z  WARN prune_race_condition: Job processing started job_id="eoa_0x1234_137" lease_token="1789695873_eoa_0x1234_137_1_-iZoYTM4kw6mTafyAINOI" worker_count=1
2026-09-18T01:44:33.231111Z  WARN prune_race_condition: Job processing started job_id="eoa_0x1234_137" lease_token="1789695873_eoa_0x1234_137_1_Ch-oVJVJF3JapYw0GVORC" worker_count=1
2026-09-18T01:44:33.331587Z  WARN prune_race_condition: Job processing started job_id="eoa_0x1234_137" lease_token="1789695873_eoa_0x1234_137_1_JVLJXezvcAlCJ84Fh9kXw" worker_count=1
2026-09-18T01:44:33.431839Z  WARN prune_race_condition: Job processing started job_id="eoa_0x1234_137" lease_token="1789695873_eoa_0x1234_137_1_m8RKE2EwzPHG6QnGXe0hP" worker_count=1
2026-09-18T01:44:33.530042Z  WARN prune_race_condition: Job processing started job_id="eoa_0x1234_137" lease_token="1789695873_eoa_0x1234_137_1_ygx_HQRCsqsr1GFCHt2f5" worker_count=1
2026-09-18T01:44:33.632022Z  WARN prune_race_condition: Job processing started job_id="eoa_0x1234_137" lease_token="1789695873_eoa_0x1234_137_1_PslNIAnL_vAvwPIvmHmJR" worker_count=1
2026-09-18T01:44:33.730116Z  WARN prune_race_condition: Job processing started job_id="eoa_0x1234_137" lease_token="1789695873_eoa_0x1234_137_1_f0WPIzgYmpxrJw6y-ipXw" worker_count=1
2026-09-18T01:44:33.784988Z  WARN prune_race_condition: Job processing started job_id="eoa_0x1234_137" lease_token="1789695873_eoa_0x1234_137_1_WLrUDBMZw1Mh6MPAKVSHU" worker_count=1
2026-09-18T01:44:33.930123Z  WARN prune_race_condition: Job processing started job_id="eoa_0x1234_137" lease_token="1789695873_eoa_0x1234_137_1_7sCaw24LBEeH1bpdnv73L" worker_count=1
2026-09-18T01:44:33.984760Z  WARN prune_race_condition: Job processing started job_id="eoa_0x1234_137" lease_token="1789695873_eoa_0x1234_137_1_KT6faWQXRHbCFsbBo5mqe" worker_count=1
2026-09-18T01:44:34.132013Z  WARN prune_race_condition: Job processing started job_id="eoa_0x1234_137" lease_token="1789695874_eoa_0x1234_137_1_jJGUa7Zg-spmyOC3R43oD" worker_count=1
2026-09-18T01:44:34.186462Z  WARN prune_race_condition: Job processing started job_id="eoa_0x1234_137" lease_token="1789695874_eoa_0x1234_137_1_YYf8sNPmTXhQSfv3qR3eQ" worker_count=1
2026-09-18T01:44:34.331663Z  WARN prune_race_condition: Job processing started job_id="eoa_0x1234_137" lease_token="1789695874_eoa_0x1234_137_1_TzqOqEBHGm_1v__39nx3-" worker_count=1
2026-09-18T01:44:34.431417Z  WARN prune_race_condition: Job processing started job_id="eoa_0x1234_137" lease_token="1789695874_eoa_0x1234_137_1_Y1QOrY_8CUeryOoNv2e77" worker_count=1
2026-09-18T01:44:34.530999Z  WARN prune_race_condition: Job processing started job_id="eoa_0x1234_137" lease_token="1789695874_eoa_0x1234_137_1_Yn3luK7tzsDBcJvLDi9s3" worker_count=1
2026-09-18T01:44:34.632007Z  WARN prune_race_condition: Job processing started job_id="eoa_0x1234_137" lease_token="1789695874_eoa_0x1234_137_1_3C5-o_4KJGe7zh2WgyrMw" worker_count=1
2026-09-18T01:44:34.731637Z  WARN prune_race_condition: Job processing started job_id="eoa_0x1234_137" lease_token="1789695874_eoa_0x1234_137_1_Sa79eMYXs0LqpT1IWWkVD" worker_count=1
2026-09-18T01:44:34.830025Z  WARN prune_race_condition: Job processing started job_id="eoa_0x1234_137" lease_token="1789695874_eoa_0x1234_137_1_Ne7D_SpZiuRAQnRKHIaKN" worker_count=1
2026-09-18T01:44:34.931563Z  WARN prune_race_condition: Job processing started job_id="eoa_0x1234_137" lease_token="1789695874_eoa_0x1234_137_1_mZW-9qJpCg-LwVo-r4W7S" worker_count=1
2026-09-18T01:44:34.986760Z  WARN prune_race_condition: Job processing started job_id="eoa_0x1234_137" lease_token="1789695874_eoa_0x1234_137_1_53w0jiLOKi32oZ4ZDYDOl" worker_count=1
2026-09-18T01:44:35.130729Z  WARN prune_race_condition: Job processing started job_id="eoa_0x1234_137" lease_token="1789695875_eoa_0x1234_137_1_MU3lZPDweVMQoAYrE7l59" worker_count=1
2026-09-18T01:44:35.185395Z  WARN prune_race_condition: Job processing started job_id="eoa_0x1234_137" lease_token="1789695875_eoa_0x1234_137_1_HSErleLj2GmNo6dbQm8Jm" worker_count=1
2026-09-18T01:44:35.240459Z  WARN prune_race_condition: Job processing started job_id="eoa_0x1234_137" lease_token="1789695875_eoa_0x1234_137_1_Ws1VqRlWq-qaUpCGqANbK" worker_count=1
2026-09-18T01:44:35.330583Z  WARN prune_race_condition: Job processing started job_id="eoa_0x1234_137" lease_token="1789695875_eoa_0x1234_137_1_2KOAPE0pG9Kj_3OcfoRnW" worker_count=1
2026-09-18T01:44:35.431202Z  WARN prune_race_condition: Job processing started job_id="eoa_0x1234_137" lease_token="1789695875_eoa_0x1234_137_1_635TXE-CFQGZiu10rsBY0" worker_count=1
2026-09-18T01:44:35.531645Z  WARN prune_race_condition: Job processing started job_id="eoa_0x1234_137" lease_token="1789695875_eoa_0x1234_137_1_V3xGuRD4_Dbls1nXC8fO7" worker_count=1
2026-09-18T01:44:35.631739Z  WARN prune_race_condition: Job processing started job_id="eoa_0x1234_137" lease_token="1789695875_eoa_0x1234_137_1_LAi7vnGL3_HW7o7r5X-_k" worker_count=1
2026-09-18T01:44:35.731163Z  WARN prune_race_condition: Job processing started job_id="eoa_0x1234_137" lease_token="1789695875_eoa_0x1234_137_1_RYBoLwD8AsVNj5s9OFMgX" worker_count=1
2026-09-18T01:44:35.831137Z  WARN prune_race_condition: Job processing started job_id="eoa_0x1234_137" lease_token="1789695875_eoa_0x1234_137_1_jB7ZyW8vDk9tksIN9p5Op" worker_count=1
2026-09-18T01:44:35.931330Z  WARN prune_race_condition: Job processing started job_id="eoa_0x1234_137" lease_token="1789695875_eoa_0x1234_137_1_nS-D3YAJL8aHYGBMf790W" worker_count=1
2026-09-18T01:44:36.031726Z  WARN prune_race_condition: Job processing started job_id="eoa_0x1234_137" lease_token="1789695876_eoa_0x1234_137_1_F0SybKV4oxORCGimG0Q6y" worker_count=1
2026-09-18T01:44:36.131106Z  WARN prune_race_condition: Job processing started job_id="eoa_0x1234_137" lease_token="1789695876_eoa_0x1234_137_1_KcT1WoUE72Mdn-3vGI9i5" worker_count=1
2026-09-18T01:44:36.231244Z  WARN prune_race_condition: Job processing started job_id="eoa_0x1234_137" lease_token="1789695876_eoa_0x1234_137_1_bTYgiLmgxRCu_zhgbjA5C" worker_count=1
2026-09-18T01:44:36.331110Z  WARN prune_race_condition: Job processing started job_id="eoa_0x1234_137" lease_token="1789695876_eoa_0x1234_137_1_udOlyGW1tEEEjDUb3nWAW" worker_count=1
2026-09-18T01:44:36.431652Z  WARN prune_race_condition: Job processing started job_id="eoa_0x1234_137" lease_token="1789695876_eoa_0x1234_137_1_0QSPrT8aVWWQ7gRUpeoDH" worker_count=1
2026-09-18T01:44:36.486967Z  WARN prune_race_condition: Job processing started job_id="eoa_0x1234_137" lease_token="1789695876_eoa_0x1234_137_1_zFcecE6Ons95zwOqfBBsA" worker_count=1
2026-09-18T01:44:36.541605Z  WARN prune_race_condition: Job processing started job_id="eoa_0x1234_137" lease_token="1789695876_eoa_0x1234_137_1_f-I14TqbRj0evq6byn-wF" worker_count=1
2026-09-18T01:44:36.596690Z  WARN prune_race_condition: Job processing started job_id="eoa_0x1234_137" lease_token="1789695876_eoa_0x1234_137_1_E2yDVRZjOXP90KyauZRgk" worker_count=1
2026-09-18T01:44:36.731186Z  WARN prune_race_condition: Job processing started job_id="eoa_0x1234_137" lease_token="1789695876_eoa_0x1234_137_1_oVQLFPqwdxCkxgt7njOHM" worker_count=1
2026-09-18T01:44:36.785503Z  WARN prune_race_condition: Job processing started job_id="eoa_0x1234_137" lease_token="1789695876_eoa_0x1234_137_1_Rv9kiEUVhBM1qjq1SbRnB" worker_count=1
2026-09-18T01:44:36.931236Z  WARN prune_race_condition: Job processing started job_id="eoa_0x1234_137" lease_token="1789695876_eoa_0x1234_137_1_0yLmE2I1DQFaBjH80Bueg" worker_count=1
2026-09-18T01:44:37.031274Z  WARN prune_race_condition: Job processing started job_id="eoa_0x1234_137" lease_token="1789695877_eoa_0x1234_137_1_W2Gd7MIYTVOjhf6k4HUAP" worker_count=1
2026-09-18T01:44:37.131777Z  WARN prune_race_condition: Job processing started job_id="eoa_0x1234_137" lease_token="1789695877_eoa_0x1234_137_1_rqQDZPMqySpHWbSWNbs-j" worker_count=1
2026-09-18T01:44:37.231328Z  WARN prune_race_condition: Job processing started job_id="eoa_0x1234_137" lease_token="1789695877_eoa_0x1234_137_1_RKCeQxHEwrJdHJMX3xxTz" worker_count=1
2026-09-18T01:44:37.332014Z  WARN prune_race_condition: Job processing started job_id="eoa_0x1234_137" lease_token="1789695877_eoa_0x1234_137_1_VUFSNsBe7P6vQqKACg8yA" worker_count=1
2026-09-18T01:44:37.387396Z  WARN prune_race_condition: Job processing started job_id="eoa_0x1234_137" lease_token="1789695877_eoa_0x1234_137_1_IBLtntJupaNabJRPODXUH" worker_count=1
2026-09-18T01:44:37.529695Z  WARN prune_race_condition: Job processing started job_id="eoa_0x1234_137" lease_token="1789695877_eoa_0x1234_137_1_RLYMEI_ytwmjwcjuqNcZ5" worker_count=1
2026-09-18T01:44:37.584460Z  WARN prune_race_condition: Job processing started job_id="eoa_0x1234_137" lease_token="1789695877_eoa_0x1234_137_1_V12HK1AttBhc702ub9DLh" worker_count=1
2026-09-18T01:44:37.731753Z  WARN prune_race_condition: Job processing started job_id="eoa_0x1234_137" lease_token="1789695877_eoa_0x1234_137_1_mxlLpO9NEDYULmKxeMxsA" worker_count=1
2026-09-18T01:44:37.831491Z  WARN prune_race_condition: Job processing started job_id="eoa_0x1234_137" lease_token="1789695877_eoa_0x1234_137_1_X8szn9u3NSiOOv0NKB_rk" worker_count=1
2026-09-18T01:44:37.931278Z  WARN prune_race_condition: Job processing started job_id="eoa_0x1234_137" lease_token="1789695877_eoa_0x1234_137_1_e20y2Gz_-HRev_kTdfZA8" worker_count=1
2026-09-18T01:44:37.985580Z  WARN prune_race_condition: Job processing started job_id="eoa_0x1234_137" lease_token="1789695877_eoa_0x1234_137_1_SfnX4DTdkhOaIcPqg0BvU" worker_count=1
2026-09-18T01:44:38.040840Z  WARN prune_race_condition: Job processing started job_id="eoa_0x1234_137" lease_token="1789695878_eoa_0x1234_137_1_HYA4UtBY6MDV3U7U865NM" worker_count=1
2026-09-18T01:44:38.131244Z  WARN prune_race_condition: Job processing started job_id="eoa_0x1234_137" lease_token="1789695878_eoa_0x1234_137_1_YPyDLwtKMZNtPBiSDBxnn" worker_count=1
2026-09-18T01:44:38.231075Z  WARN prune_race_condition: Job processing started job_id="eoa_0x1234_137" lease_token="1789695878_eoa_0x1234_137_1_aWQ5Uq-ezwSWtTterfI0c" worker_count=1
2026-09-18T01:44:38.330019Z  WARN prune_race_condition: Job processing started job_id="eoa_0x1234_137" lease_token="1789695878_eoa_0x1234_137_1_UqcDqwmj5zDE0ncWR5LCB" worker_count=1
2026-09-18T01:44:38.431279Z  WARN prune_race_condition: Job processing started job_id="eoa_0x1234_137" lease_token="1789695878_eoa_0x1234_137_1_e_NQr3eNWN1j2OaN5kuwW" worker_count=1
2026-09-18T01:44:38.531208Z  WARN prune_race_condition: Job processing started job_id="eoa_0x1234_137" lease_token="1789695878_eoa_0x1234_137_1_2lk39gPOHjnHsWonsZJqw" worker_count=1
2026-09-18T01:44:38.631676Z  WARN prune_race_condition: Job processing started job_id="eoa_0x1234_137" lease_token="1789695878_eoa_0x1234_137_1_xDnT_x3T5M3jTlMEB9sVQ" worker_count=1
2026-09-18T01:44:38.686520Z  WARN prune_race_condition: Job processing started job_id="eoa_0x1234_137" lease_token="1789695878_eoa_0x1234_137_1_4R6BDD674Q7Ej0ixya-6I" worker_count=1
2026-09-18T01:44:38.830482Z  WARN prune_race_condition: Job processing started job_id="eoa_0x1234_137" lease_token="1789695878_eoa_0x1234_137_1_2SUQE1dq0kLvsTRVzu7dv" worker_count=1
2026-09-18T01:44:38.931851Z  WARN prune_race_condition: Job processing started job_id="eoa_0x1234_137" lease_token="1789695878_eoa_0x1234_137_1_oL37k2Vn4Vr9s0ZbfzVBD" worker_count=1
2026-09-18T01:44:38.987056Z  WARN prune_race_condition: Job processing started job_id="eoa_0x1234_137" lease_token="1789695878_eoa_0x1234_137_1_vRHrXJreWBu2N620QMu8J" worker_count=1
2026-09-18T01:44:39.041484Z  WARN prune_race_condition: Job processing started job_id="eoa_0x1234_137" lease_token="1789695879_eoa_0x1234_137_1_QcFoi6uF7dDspfEMrR8vY" worker_count=1
2026-09-18T01:44:39.131314Z  WARN prune_race_condition: Job processing started job_id="eoa_0x1234_137" lease_token="1789695879_eoa_0x1234_137_1_hihqz6Ba9Oswb2odMe2Ac" worker_count=1
2026-09-18T01:44:39.232309Z  WARN prune_race_condition: Job processing started job_id="eoa_0x1234_137" lease_token="1789695879_eoa_0x1234_137_1_r1VYd8roNyzbZlZl5655d" worker_count=1
2026-09-18T01:44:39.330220Z  WARN prune_race_condition: Job processing started job_id="eoa_0x1234_137" lease_token="1789695879_eoa_0x1234_137_1_nHUZuWN_918MYMZs3kXOE" worker_count=1
2026-09-18T01:44:39.384632Z  WARN prune_race_condition: Job processing started job_id="eoa_0x1234_137" lease_token="1789695879_eoa_0x1234_137_1_FteFpLPEt4g4g8z9EHWAg" worker_count=1
2026-09-18T01:44:39.531105Z  WARN prune_race_condition: Job processing started job_id="eoa_0x1234_137" lease_token="1789695879_eoa_0x1234_137_1_M4Rkf2_cD5-iYyy9eqmg7" worker_count=1
2026-09-18T01:44:39.631989Z  WARN prune_race_condition: Job processing started job_id="eoa_0x1234_137" lease_token="1789695879_eoa_0x1234_137_1_OiLqPHxh8Msoj7naJA3Yj" worker_count=1
2026-09-18T01:44:39.731089Z  WARN prune_race_condition: Job processing started job_id="eoa_0x1234_137" lease_token="1789695879_eoa_0x1234_137_1_WPBNY3w9XiMw4WQ6gKBvy" worker_count=1
2026-09-18T01:44:39.831449Z  WARN prune_race_condition: Job processing started job_id="eoa_0x1234_137" lease_token="1789695879_eoa_0x1234_137_1_YyRPfs8a5_9451-70VL1w" worker_count=1
2026-09-18T01:44:39.930206Z  WARN prune_race_condition: Job processing started job_id="eoa_0x1234_137" lease_token="1789695879_eoa_0x1234_137_1_uCi0jPsYeetrkXrqksvaX" worker_count=1
2026-09-18T01:44:40.000141Z  WARN prune_race_condition: === RESULTS ===
2026-09-18T01:44:40.000266Z  WARN prune_race_condition: Race detected: false
2026-09-18T01:44:40.000392Z  WARN prune_race_condition: Total successes: 814
2026-09-18T01:44:40.000433Z  WARN prune_race_condition: Total nacks: 0
ok

test result: ok. 1 passed; 0 failed; 0 ignored; 0 measured; 0 filtered out; finished in 78.98s

     Running tests/prune_race_random_ids.rs (target/debug/deps/prune_race_random_ids-d513a30c6ee21b78)

running 1 test
test test_prune_with_random_ids ... ok

test result: ok. 1 passed; 0 failed; 0 ignored; 0 measured; 0 filtered out; finished in 1.57s

   Doc-tests engine_aa_core

running 0 tests

test result: ok. 0 passed; 0 failed; 0 ignored; 0 measured; 0 filtered out; finished in 0.00s

   Doc-tests engine_aa_types

running 0 tests

test result: ok. 0 passed; 0 failed; 0 ignored; 0 measured; 0 filtered out; finished in 0.00s

   Doc-tests engine_core

running 0 tests

test result: ok. 0 passed; 0 failed; 0 ignored; 0 measured; 0 filtered out; finished in 0.00s

   Doc-tests engine_eip7702_core

running 0 tests

test result: ok. 0 passed; 0 failed; 0 ignored; 0 measured; 0 filtered out; finished in 0.00s

   Doc-tests engine_executors

running 0 tests

test result: ok. 0 passed; 0 failed; 0 ignored; 0 measured; 0 filtered out; finished in 0.00s

   Doc-tests engine_integration_tests

running 0 tests

test result: ok. 0 passed; 0 failed; 0 ignored; 0 measured; 0 filtered out; finished in 0.00s

   Doc-tests engine_solana_core

running 0 tests

test result: ok. 0 passed; 0 failed; 0 ignored; 0 measured; 0 filtered out; finished in 0.00s

   Doc-tests thirdweb_core

running 0 tests

test result: ok. 0 passed; 0 failed; 0 ignored; 0 measured; 0 filtered out; finished in 0.00s

   Doc-tests thirdweb_engine

running 0 tests

test result: ok. 0 passed; 0 failed; 0 ignored; 0 measured; 0 filtered out; finished in 0.00s

   Doc-tests twmq

running 0 tests

test result: ok. 0 passed; 0 failed; 0 ignored; 0 measured; 0 filtered out; finished in 0.00s
